ISO-10303-21;
HEADER;
FILE_DESCRIPTION (( 'STEP AP214' ),
    '1' );
FILE_NAME ('MF-R050.STEP',
    '2024-06-05T01:15:10',
    ( '' ),
    ( '' ),
    'SwSTEP 2.0',
    'SolidWorks 2023',
    '' );
FILE_SCHEMA (( 'AUTOMOTIVE_DESIGN' ));
ENDSEC;

DATA;
#1 =( BOUNDED_SURFACE ( )  B_SPLINE_SURFACE ( 3, 3, ( 
 ( #5718, #3385, #1410, #1379, #4302, #1881, #964, #4799, #6227, #454, #2301, #4334, #3857, #6163, #5310, #54, #1093, #5919 ),
 ( #3889, #2464, #1030, #5813, #4889, #4922, #4856, #2562, #3488, #4496, #3922, #149, #2966, #3417, #5849, #5370, #2531, #1062 ),
 ( #5343, #2082, #121, #996, #5881, #3983, #18, #1570, #3521, #2049, #544, #1534, #1505, #4401, #605, #5408, #2017, #4365 ),
 ( #2930, #2496, #509, #3029, #4956, #2998, #1983, #1475, #4433, #5446, #92, #3452, #3950, #5944, #4014, #577, #4460, #1599 ) ),
 .UNSPECIFIED., .F., .F., .T. ) 
 B_SPLINE_SURFACE_WITH_KNOTS ( ( 4, 4 ),
 ( 4, 1, 1, 1, 1, 1, 1, 1, 1, 1, 1, 1, 1, 1, 1, 4 ),
 ( 0.000000000000000000, 1.000000000000000000 ),
 ( -0.009398502031471999904, 0.000000000000000000, 0.1047490706806999960, 0.1851413214177000111, 0.2527194064944999763, 0.3189088142657000025, 0.3914527189782999739, 0.4677077458152000267, 0.5428255990869000902, 0.6131085707592999201, 0.6886192554016999923, 0.7649069008710999151, 0.8340661607764999763, 0.8947771060574000179, 0.9493299963437999978, 0.9829192800517999595 ),
 .UNSPECIFIED. ) 
 GEOMETRIC_REPRESENTATION_ITEM ( )  RATIONAL_B_SPLINE_SURFACE ( (
 ( 1.194558660160000008, 1.194558660160000008, 1.194558660160000008, 1.194558660160000008, 1.194558660160000008, 1.194558660160000008, 1.194558660160000008, 1.194558660160000008, 1.194558660160000008, 1.194558660160000008, 1.194558660160000008, 1.194558660160000008, 1.194558660160000008, 1.194558660160000008, 1.194558660160000008, 1.194558660160000008, 1.194558660160000008, 1.194558660160000008),
 ( 0.9351471132799999975, 0.9351471132799999975, 0.9351471132799999975, 0.9351471132799999975, 0.9351471132799999975, 0.9351471132799999975, 0.9351471132799999975, 0.9351471132799999975, 0.9351471132799999975, 0.9351471132799999975, 0.9351471132799999975, 0.9351471132799999975, 0.9351471132799999975, 0.9351471132799999975, 0.9351471132799999975, 0.9351471132799999975, 0.9351471132799999975, 0.9351471132799999975),
 ( 0.9351471132799999975, 0.9351471132799999975, 0.9351471132799999975, 0.9351471132799999975, 0.9351471132799999975, 0.9351471132799999975, 0.9351471132799999975, 0.9351471132799999975, 0.9351471132799999975, 0.9351471132799999975, 0.9351471132799999975, 0.9351471132799999975, 0.9351471132799999975, 0.9351471132799999975, 0.9351471132799999975, 0.9351471132799999975, 0.9351471132799999975, 0.9351471132799999975),
 ( 1.194558660160000008, 1.194558660160000008, 1.194558660160000008, 1.194558660160000008, 1.194558660160000008, 1.194558660160000008, 1.194558660160000008, 1.194558660160000008, 1.194558660160000008, 1.194558660160000008, 1.194558660160000008, 1.194558660160000008, 1.194558660160000008, 1.194558660160000008, 1.194558660160000008, 1.194558660160000008, 1.194558660160000008, 1.194558660160000008) ) ) 
 REPRESENTATION_ITEM ( '' )  SURFACE ( )  );
#2 = CARTESIAN_POINT ( 'NONE',  ( 1.587306480169000000, -9.786386857564000508, 0.3693020378757000399 ) ) ;
#3 = VERTEX_POINT ( 'NONE', #596 ) ;
#4 = CARTESIAN_POINT ( 'NONE',  ( 1.537656190325000338, -1.550247295199998820, 0.4617170190016999798 ) ) ;
#5 = SURFACE_STYLE_USAGE ( .BOTH. , #4352 ) ;
#6 = CARTESIAN_POINT ( 'NONE',  ( 3.720733823857000910, -1.483187419264002216, 0.4873352239960003773 ) ) ;
#7 = CARTESIAN_POINT ( 'NONE',  ( -2.284476752742002237, -10.10508500645000218, -0.4148795484365997988 ) ) ;
#8 = ORIENTED_EDGE ( 'NONE', *, *, #699, .F. ) ;
#9 = CARTESIAN_POINT ( 'NONE',  ( 1.691983304225257667, -1.274338072396512755, 0.5999910315023471163 ) ) ;
#10 = CARTESIAN_POINT ( 'NONE',  ( 1.369730648647998761, -9.906341398396998343, 0.3505408505192999513 ) ) ;
#11 = CARTESIAN_POINT ( 'NONE',  ( 1.645531324462000011, -9.340065037401998893, 0.4072497395109000440 ) ) ;
#12 = DIRECTION ( 'NONE',  ( 0.000000000000000000, 1.000000000000000000, 0.000000000000000000 ) ) ;
#13 = B_SPLINE_CURVE_WITH_KNOTS ( 'NONE', 3,
 ( #1756, #3150, #2774, #3698, #4701, #2197, #2298, #5594, #1690, #4102, #5211, #3760, #3632, #6032, #261, #4238, #294, #5559, #3288, #1240, #3187, #2741, #1208, #5077 ),
 .UNSPECIFIED., .F., .F.,
 ( 4, 2, 2, 2, 2, 1, 2, 2, 1, 1, 2, 2, 1, 4 ),
 ( 0.000000000000000000, 0.07751638095060889300, 0.1162745714259133673, 0.1550327619012178415, 0.3100655238024357385, 0.3488237142777405042, 0.3682028095153927483, 0.3778923571342188703, 0.3875819047530449368, 0.4650982857036538576, 0.4844773809413062682, 0.5038564761789585678, 0.5426146666542629449, 0.6201310476048719211 ),
 .UNSPECIFIED. ) ;
#14 = EDGE_LOOP ( 'NONE', ( #5577, #1705, #5956 ) ) ;
#15 = AXIS2_PLACEMENT_3D ( 'NONE', #5625, #1270, #5774 ) ;
#16 = PRESENTATION_STYLE_ASSIGNMENT (( #3321 ) ) ;
#17 =( LENGTH_UNIT ( ) NAMED_UNIT ( * ) SI_UNIT ( .MILLI., .METRE. ) );
#18 = CARTESIAN_POINT ( 'NONE',  ( 1.787991015235997905, -9.021347820751001834, 0.8571464685430997266 ) ) ;
#19 = DIRECTION ( 'NONE',  ( -1.000000000000000000, 0.000000000000000000, 0.000000000000000000 ) ) ;
#20 = CARTESIAN_POINT ( 'NONE',  ( 2.478000000000000203, -1.837987956972999992, 0.5999999999999999778 ) ) ;
#21 = DIRECTION ( 'NONE',  ( -2.459760436545778683E-06, 2.459760436427138589E-06, -0.9999999999939496176 ) ) ;
#22 = AXIS2_PLACEMENT_3D ( 'NONE', #2303, #3763, #3292 ) ;
#23 = STYLED_ITEM ( 'NONE', ( #4511 ), #329 ) ;
#24 = EDGE_LOOP ( 'NONE', ( #782, #4905, #5642, #3485, #5685 ) ) ;
#25 =( GEOMETRIC_REPRESENTATION_CONTEXT ( 3 ) GLOBAL_UNCERTAINTY_ASSIGNED_CONTEXT ( ( #1869 ) ) GLOBAL_UNIT_ASSIGNED_CONTEXT ( ( #5506, #4935, #1515 ) ) REPRESENTATION_CONTEXT ( 'NONE', 'WORKASPACE' ) );
#26 = DIRECTION ( 'NONE',  ( 0.000000000000000000, 0.000000000000000000, -1.000000000000000000 ) ) ;
#27 =( NAMED_UNIT ( * ) SI_UNIT ( $, .STERADIAN. ) SOLID_ANGLE_UNIT ( ) );
#28 =( NAMED_UNIT ( * ) PLANE_ANGLE_UNIT ( ) SI_UNIT ( $, .RADIAN. ) );
#29 = DIRECTION ( 'NONE',  ( 0.02454924259664039571, 0.000000000000000000, -0.9996986219295950216 ) ) ;
#30 = CARTESIAN_POINT ( 'NONE',  ( 1.651752120474000440, -8.818652889522997640, 0.07626128370053995853 ) ) ;
#31 = FILL_AREA_STYLE_COLOUR ( '', #4876 ) ;
#32 = CARTESIAN_POINT ( 'NONE',  ( -1.766962533007998326, -8.935307684524998351, -0.1298315188869000603 ) ) ;
#33 = PRESENTATION_LAYER_ASSIGNMENT (  '', '', ( #5490 ) ) ;
#34 = AXIS2_PLACEMENT_3D ( 'NONE', #227, #2159, #4871 ) ;
#35 = EDGE_CURVE ( 'NONE', #1879, #4156, #2132, .T. ) ;
#36 = CARTESIAN_POINT ( 'NONE',  ( 2.395222235067894445, -10.17055204034733151, 0.3584478698205332825 ) ) ;
#37 = CARTESIAN_POINT ( 'NONE',  ( 1.560777766886833895, -9.170552038176685627, 0.8415521295085018894 ) ) ;
#38 = DIRECTION ( 'NONE',  ( 0.000000000000000000, 0.000000000000000000, -1.000000000000000000 ) ) ;
#39 = CARTESIAN_POINT ( 'NONE',  ( 1.626642739703000107, -9.707713431326000730, 0.3923283921419000175 ) ) ;
#40 = ORIENTED_EDGE ( 'NONE', *, *, #5844, .F. ) ;
#41 = CARTESIAN_POINT ( 'NONE',  ( 1.716218953113001433, -1.737032722595999612, 1.167417886504999114 ) ) ;
#42 = FILL_AREA_STYLE ('',( #622 ) ) ;
#43 = AXIS2_PLACEMENT_3D ( 'NONE', #5727, #5318, #2438 ) ;
#44 = UNCERTAINTY_MEASURE_WITH_UNIT (LENGTH_MEASURE( 1.000000000000000082E-05 ), #422, 'distance_accuracy_value', 'NONE');
#45 = DIRECTION ( 'NONE',  ( -1.000000000000000000, 0.000000000000000000, 0.000000000000000000 ) ) ;
#46 = CARTESIAN_POINT ( 'NONE',  ( -2.109908846558002260, -10.17312031946000417, -0.4731869190929001712 ) ) ;
#47 = ORIENTED_EDGE ( 'NONE', *, *, #2710, .T. ) ;
#48 = CARTESIAN_POINT ( 'NONE',  ( -3.425741872979000568, -1.066718335532001349, -0.6089089110156999940 ) ) ;
#49 = FACE_OUTER_BOUND ( 'NONE', #2969, .T. ) ;
#50 = CARTESIAN_POINT ( 'NONE',  ( -1.680437428465999528, -9.638995572953998447, -0.6925914118855996948 ) ) ;
#51 = EDGE_LOOP ( 'NONE', ( #5041, #2697, #117 ) ) ;
#52 = DIRECTION ( 'NONE',  ( 0.000000000000000000, -1.000000000000000000, 0.000000000000000000 ) ) ;
#53 =( NAMED_UNIT ( * ) SI_UNIT ( $, .STERADIAN. ) SOLID_ANGLE_UNIT ( ) );
#54 = CARTESIAN_POINT ( 'NONE',  ( 1.733021616537999687, -9.526130827686003499, 0.6190230198412001172 ) ) ;
#55 = EDGE_CURVE ( 'NONE', #5333, #4814, #3476, .T. ) ;
#56 = CARTESIAN_POINT ( 'NONE',  ( -1.732954196155001680, -9.493083685513996173, -0.6053335664910003411 ) ) ;
#57 = CARTESIAN_POINT ( 'NONE',  ( 2.116476615148999318, -10.25276035427999588, 0.5929723415902998784 ) ) ;
#58 = MECHANICAL_DESIGN_GEOMETRIC_PRESENTATION_REPRESENTATION (  '', ( #3512 ), #6121 ) ;
#59 = VERTEX_POINT ( 'NONE', #1526 ) ;
#60 = PRESENTATION_LAYER_ASSIGNMENT (  '', '', ( #4205 ) ) ;
#61 = AXIS2_PLACEMENT_3D ( 'NONE', #3332, #4749, #5252 ) ;
#62 = CARTESIAN_POINT ( 'NONE',  ( -2.115095462930498993, -8.823549597151993495, -0.7798419945237972106 ) ) ;
#63 = CARTESIAN_POINT ( 'NONE',  ( -2.396294341300766462, -10.04582658618738478, -0.8549997350024027831 ) ) ;
#64 = CARTESIAN_POINT ( 'NONE',  ( -2.344469967903997976, -9.959691483344006002, -0.8344255107620996981 ) ) ;
#65 = CARTESIAN_POINT ( 'NONE',  ( -2.148947467855000681, -8.755369427353004497, -0.6495783393182003040 ) ) ;
#66 = CARTESIAN_POINT ( 'NONE',  ( -2.026361483306001965, -10.12697270809999672, -0.9054007105348000906 ) ) ;
#67 = CARTESIAN_POINT ( 'NONE',  ( 1.847802004221002603, -9.183174259426998276, 0.4844619536987003761 ) ) ;
#68 = FACE_OUTER_BOUND ( 'NONE', #5165, .T. ) ;
#69 = CARTESIAN_POINT ( 'NONE',  ( -1.952557984836001070, -9.159730314610991186, -0.3370098527061000104 ) ) ;
#70 = CARTESIAN_POINT ( 'NONE',  ( -3.411569841447999796, -1.916979016982999884, -0.4822226230020999482 ) ) ;
#71 = CARTESIAN_POINT ( 'NONE',  ( 1.477999999999999980, -9.005000000000000782, 0.8549999999999999822 ) ) ;
#72 = EDGE_CURVE ( 'NONE', #1296, #1471, #1532, .T. ) ;
#73 = DIRECTION ( 'NONE',  ( -1.000000000000000000, 0.000000000000000000, 0.000000000000000000 ) ) ;
#74 = DIRECTION ( 'NONE',  ( 0.000000000000000000, -1.000000000000000000, 1.819092231754000130E-12 ) ) ;
#75 = ORIENTED_EDGE ( 'NONE', *, *, #1840, .F. ) ;
#76 = CARTESIAN_POINT ( 'NONE',  ( 2.448811720373999634, -9.002682796541007448, 0.3443313756970001749 ) ) ;
#77 = CARTESIAN_POINT ( 'NONE',  ( -2.233217312214895056, -10.49456793070902982, -0.6738324223341920494 ) ) ;
#78 = FACE_OUTER_BOUND ( 'NONE', #5391, .T. ) ;
#79 = AXIS2_PLACEMENT_3D ( 'NONE', #2090, #5954, #5978 ) ;
#80 = B_SPLINE_CURVE_WITH_KNOTS ( 'NONE', 3,
 ( #4805, #5183, #5821, #5784, #1480, #839, #367, #1036, #1070, #2567, #3550, #1098 ),
 .UNSPECIFIED., .F., .F.,
 ( 4, 2, 2, 2, 2, 4 ),
 ( 0.000000000000000000, 0.2500000000000001110, 0.3749999999999999445, 0.4374999999999997224, 0.4999999999999995559, 1.000000000000000000 ),
 .UNSPECIFIED. ) ;
#81 = STYLED_ITEM ( 'NONE', ( #4185 ), #3640 ) ;
#82 =( NAMED_UNIT ( * ) SI_UNIT ( $, .STERADIAN. ) SOLID_ANGLE_UNIT ( ) );
#83 = CARTESIAN_POINT ( 'NONE',  ( 3.283183375208000854, -1.433413729081999932, 0.6734011885954004351 ) ) ;
#84 = ORIENTED_EDGE ( 'NONE', *, *, #1586, .T. ) ;
#85 = CARTESIAN_POINT ( 'NONE',  ( 1.969838713464017621, -1.048264673386211543, 0.6000045121771532264 ) ) ;
#86 = CARTESIAN_POINT ( 'NONE',  ( 1.662831095004000170, -9.374664041892000199, 0.4237759646604999375 ) ) ;
#87 = FILL_AREA_STYLE ('',( #4916 ) ) ;
#88 = STYLED_ITEM ( 'NONE', ( #16 ), #4101 ) ;
#89 = ORIENTED_EDGE ( 'NONE', *, *, #2204, .F. ) ;
#90 = EDGE_CURVE ( 'NONE', #541, #4362, #2559, .T. ) ;
#91 = CARTESIAN_POINT ( 'NONE',  ( -1.706969863017002709, -8.883004093026997339, -0.9362550683532004925 ) ) ;
#92 = CARTESIAN_POINT ( 'NONE',  ( 1.965191298110001705, -9.179217143749999863, 0.8346294830222001915 ) ) ;
#93 = CARTESIAN_POINT ( 'NONE',  ( -1.395607022134000230, -9.893706626811006544, -0.3556184268283000827 ) ) ;
#94 = FILL_AREA_STYLE ('',( #3420 ) ) ;
#95 = CARTESIAN_POINT ( 'NONE',  ( 0.000000000000000000, 0.000000000000000000, -0.3499999999999999778 ) ) ;
#96 = ORIENTED_EDGE ( 'NONE', *, *, #5441, .T. ) ;
#97 = EDGE_CURVE ( 'NONE', #4737, #2588, #2176, .T. ) ;
#98 = CARTESIAN_POINT ( 'NONE',  ( -2.512264720915948324, -3.048152741315522274, 0.07814993551667336058 ) ) ;
#99 = CARTESIAN_POINT ( 'NONE',  ( -2.409756973389000745, -8.983083155956999022, -0.8550098340538995201 ) ) ;
#100 = CARTESIAN_POINT ( 'NONE',  ( 1.554027612450608498, -9.043103761412124797, 0.8526095261564407002 ) ) ;
#101 = DIRECTION ( 'NONE',  ( 0.000000000000000000, -1.000000000000000000, 0.000000000000000000 ) ) ;
#102 = CARTESIAN_POINT ( 'NONE',  ( -1.704489391488002159, -8.879315453234001509, -0.2621564493963001730 ) ) ;
#103 = CARTESIAN_POINT ( 'NONE',  ( -1.661982592376012979, -9.096990500083620645, -0.3621671241812024489 ) ) ;
#104 = FILL_AREA_STYLE ('',( #1487 ) ) ;
#105 = CARTESIAN_POINT ( 'NONE',  ( -1.477999999999999980, -9.005000000000000782, -0.5999999999999999778 ) ) ;
#106 = EDGE_LOOP ( 'NONE', ( #3872, #4150, #2127, #47, #590, #4300 ) ) ;
#107 = EDGE_CURVE ( 'NONE', #3041, #5307, #2287, .T. ) ;
#108 = CARTESIAN_POINT ( 'NONE',  ( 1.556497522808998557, -1.534698576549000659, 0.9164916449024999023 ) ) ;
#109 = UNCERTAINTY_MEASURE_WITH_UNIT (LENGTH_MEASURE( 1.000000000000000082E-05 ), #3667, 'distance_accuracy_value', 'NONE');
#110 = CARTESIAN_POINT ( 'NONE',  ( 2.429963716669002682, -8.611356300370989203, 0.9825521068025995230 ) ) ;
#111 = CARTESIAN_POINT ( 'NONE',  ( 3.162885981746998976, -1.209417550718000056, 0.5696790140088000554 ) ) ;
#112 = CARTESIAN_POINT ( 'NONE',  ( 2.051489753379454051, -8.791743664315713858, 0.4588039702357189498 ) ) ;
#113 = CARTESIAN_POINT ( 'NONE',  ( 1.820012092083802990, -1.166067559465850278, 0.6000021868440512662 ) ) ;
#114 = PRESENTATION_LAYER_ASSIGNMENT (  '', '', ( #2031 ) ) ;
#115 = SURFACE_STYLE_FILL_AREA ( #1528 ) ;
#116 = CARTESIAN_POINT ( 'NONE',  ( 2.478000000000000203, -4.839020546151999724, 0.5999999999999999778 ) ) ;
#117 = ORIENTED_EDGE ( 'NONE', *, *, #2066, .F. ) ;
#118 = PRODUCT_DEFINITION_FORMATION_WITH_SPECIFIED_SOURCE ( 'ANY', '', #6061, .NOT_KNOWN. ) ;
#119 = PRESENTATION_STYLE_ASSIGNMENT (( #4494 ) ) ;
#120 = CARTESIAN_POINT ( 'NONE',  ( -1.837650559753999158, -9.139786665934998666, -0.7609419230968995640 ) ) ;
#121 = CARTESIAN_POINT ( 'NONE',  ( 1.678230333325998913, -8.840750748007002002, 0.9538453856834001598 ) ) ;
#122 = CARTESIAN_POINT ( 'NONE',  ( -1.811349935329001681, -9.755884980413997098, -0.5487071602574000728 ) ) ;
#123 = CARTESIAN_POINT ( 'NONE',  ( 1.967999999993000015, -8.750000641426998627, 0.6000000000053998805 ) ) ;
#124 = CARTESIAN_POINT ( 'NONE',  ( -2.015138993644585597, -3.397842998954383020, -0.2138226949540044664 ) ) ;
#125 = CARTESIAN_POINT ( 'NONE',  ( -2.047724071547222913, -10.22016338344941033, -0.7380375992099860172 ) ) ;
#126 = COLOUR_RGB ( '',0.9411764705882352811, 0.9921568627450980671, 0.007843137254901960675 ) ;
#127 = FACE_OUTER_BOUND ( 'NONE', #4428, .T. ) ;
#128 = CARTESIAN_POINT ( 'NONE',  ( -2.478021162171000213, -4.918011865209999556, -0.8549999991218999451 ) ) ;
#129 = DIRECTION ( 'NONE',  ( 0.000000000000000000, 0.000000000000000000, -1.000000000000000000 ) ) ;
#130 = CARTESIAN_POINT ( 'NONE',  ( -1.727629904654997439, -9.334053060171990879, -0.5504217210659001491 ) ) ;
#131 = DIRECTION ( 'NONE',  ( 0.000000000000000000, -1.000000000000000000, 0.000000000000000000 ) ) ;
#132 = CARTESIAN_POINT ( 'NONE',  ( 0.000000000000000000, 0.000000000000000000, 0.3499999999999999778 ) ) ;
#133 = CARTESIAN_POINT ( 'NONE',  ( -1.809335583654913870, -9.170669248479100588, -0.7938668498880347979 ) ) ;
#134 = FILL_AREA_STYLE_COLOUR ( '', #2058 ) ;
#135 = ORIENTED_EDGE ( 'NONE', *, *, #737, .T. ) ;
#136 = CARTESIAN_POINT ( 'NONE',  ( 1.699939149154999329, -1.741424379663999655, 1.145379126790001312 ) ) ;
#137 = CARTESIAN_POINT ( 'NONE',  ( -1.992847722130001165, -1.098858463464000179, -0.6067316215734003260 ) ) ;
#138 = AXIS2_PLACEMENT_3D ( 'NONE', #789, #5169, #4349 ) ;
#139 = CARTESIAN_POINT ( 'NONE',  ( 2.505848305521000352, -8.677424239697998587, 1.043022372948001042 ) ) ;
#140 = CARTESIAN_POINT ( 'NONE',  ( 3.191100320202000962, -1.389501324957999273, 0.6870107074974002304 ) ) ;
#141 = SURFACE_STYLE_USAGE ( .BOTH. , #4172 ) ;
#142 = CARTESIAN_POINT ( 'NONE',  ( 1.990659757351000092, -1.028000000000000025, 0.6000000574253999686 ) ) ;
#143 = ORIENTED_EDGE ( 'NONE', *, *, #3925, .T. ) ;
#144 = CARTESIAN_POINT ( 'NONE',  ( 2.222793329978999921, -10.52647583313999746, 0.5946691783067997727 ) ) ;
#145 = AXIS2_PLACEMENT_3D ( 'NONE', #2338, #19, #2373 ) ;
#146 = ORIENTED_EDGE ( 'NONE', *, *, #5897, .F. ) ;
#147 = PRESENTATION_LAYER_ASSIGNMENT (  '', '', ( #2072 ) ) ;
#148 = CARTESIAN_POINT ( 'NONE',  ( -1.725962102669998943, -9.366488077972004334, -0.6005167732611996767 ) ) ;
#149 = CARTESIAN_POINT ( 'NONE',  ( 1.724987639179000887, -9.301434662747002591, 0.6766050794400000346 ) ) ;
#150 = CARTESIAN_POINT ( 'NONE',  ( -1.999225421407999415, -9.749927382779999263, -0.5823434380826997270 ) ) ;
#151 =( NAMED_UNIT ( * ) SI_UNIT ( $, .STERADIAN. ) SOLID_ANGLE_UNIT ( ) );
#152 = LINE ( 'NONE', #123, #1724 ) ;
#153 = ADVANCED_FACE ( 'NONE', ( #6023 ), #3571, .T. ) ;
#154 = CARTESIAN_POINT ( 'NONE',  ( -2.121873078253348144, -3.331893688582087787, -0.09922196823472949345 ) ) ;
#155 = CARTESIAN_POINT ( 'NONE',  ( -2.120410784888258959, -10.18380715092287758, -0.7819110497195187470 ) ) ;
#156 = CARTESIAN_POINT ( 'NONE',  ( -1.962746522880001843, -8.753114308121000775, -0.6452659959697999437 ) ) ;
#157 = CARTESIAN_POINT ( 'NONE',  ( -1.902248489870000059, -9.090856021124000819, -0.2541906603227002681 ) ) ;
#158 = AXIS2_PLACEMENT_3D ( 'NONE', #2252, #3624, #5992 ) ;
#159 = CARTESIAN_POINT ( 'NONE',  ( 2.454899904882866135, -1.916979210374000209, 1.540686180606031241 ) ) ;
#160 = CARTESIAN_POINT ( 'NONE',  ( -2.965339717230000005, -1.028000000001999981, -0.6000004874373999764 ) ) ;
#161 = ADVANCED_FACE ( 'NONE', ( #2560 ), #5778, .T. ) ;
#162 = CARTESIAN_POINT ( 'NONE',  ( -2.478000000000000203, -10.00500000000000078, -0.5999999999999999778 ) ) ;
#163 =( GEOMETRIC_REPRESENTATION_CONTEXT ( 3 ) GLOBAL_UNCERTAINTY_ASSIGNED_CONTEXT ( ( #4354 ) ) GLOBAL_UNIT_ASSIGNED_CONTEXT ( ( #2719, #2172, #3225 ) ) REPRESENTATION_CONTEXT ( 'NONE', 'WORKASPACE' ) );
#164 = EDGE_LOOP ( 'NONE', ( #1329, #4824, #2885 ) ) ;
#165 = CARTESIAN_POINT ( 'NONE',  ( 2.153548074225001496, -8.755495969328000783, 0.5461776691426998287 ) ) ;
#166 = EDGE_CURVE ( 'NONE', #5068, #574, #845, .T. ) ;
#167 = CARTESIAN_POINT ( 'NONE',  ( 3.545916320009276923, -1.526288662948386055, 0.5419256920967711055 ) ) ;
#168 = CARTESIAN_POINT ( 'NONE',  ( 2.957024019094999456, -1.018418035983999825, 0.6001332967650998551 ) ) ;
#169 = CARTESIAN_POINT ( 'NONE',  ( 2.315204390892101394, -10.08641439229106673, 0.3583148894440923993 ) ) ;
#170 = ORIENTED_EDGE ( 'NONE', *, *, #5890, .T. ) ;
#171 = CARTESIAN_POINT ( 'NONE',  ( 1.540681992366001118, -9.603890745296002507, 0.9602156041939015063 ) ) ;
#172 = SURFACE_SIDE_STYLE ('',( #1683 ) ) ;
#173 = AXIS2_PLACEMENT_3D ( 'NONE', #459, #2406, #4708 ) ;
#174 = ORIENTED_EDGE ( 'NONE', *, *, #5091, .T. ) ;
#175 = FILL_AREA_STYLE_COLOUR ( '', #209 ) ;
#176 = CARTESIAN_POINT ( 'NONE',  ( -1.893229042638000070, -1.362485012048000099, -0.8449950804643000524 ) ) ;
#177 = CARTESIAN_POINT ( 'NONE',  ( 0.000000000000000000, 0.000000000000000000, -0.3499999999999999778 ) ) ;
#178 = CARTESIAN_POINT ( 'NONE',  ( -1.316293974233000430, -9.810241997507004541, -0.2506006918641000558 ) ) ;
#179 = CARTESIAN_POINT ( 'NONE',  ( -2.251989518740002083, -8.771864539706005104, -0.4769630395986999560 ) ) ;
#180 = CIRCLE ( 'NONE', #3625, 0.2550000000000000044 ) ;
#181 = CARTESIAN_POINT ( 'NONE',  ( -3.015125310311312035, -2.551907531799343598, -0.01507346523907069843 ) ) ;
#182 = CARTESIAN_POINT ( 'NONE',  ( -1.987997709643999800, -9.495002290356000074, -0.5999995955961999750 ) ) ;
#183 = CARTESIAN_POINT ( 'NONE',  ( 1.988000000010999857, -9.750001145167001226, 0.6000002124705000606 ) ) ;
#184 = DIRECTION ( 'NONE',  ( 0.000000000000000000, -1.000000000000000000, 0.000000000000000000 ) ) ;
#185 = DIRECTION ( 'NONE',  ( -1.000000000000000000, 0.000000000000000000, 0.000000000000000000 ) ) ;
#186 = CARTESIAN_POINT ( 'NONE',  ( -2.234615087999525240, -10.49176787577927072, -0.5213704901175081341 ) ) ;
#187 = CARTESIAN_POINT ( 'NONE',  ( -3.419124685110999984, -1.889046053421999716, -0.4974610594190000401 ) ) ;
#188 =( NAMED_UNIT ( * ) PLANE_ANGLE_UNIT ( ) SI_UNIT ( $, .RADIAN. ) );
#189 = CARTESIAN_POINT ( 'NONE',  ( -1.682137987606000973, -1.276957189444998475, -0.7110784099885996135 ) ) ;
#190 = EDGE_CURVE ( 'NONE', #480, #319, #5198, .T. ) ;
#191 = CARTESIAN_POINT ( 'NONE',  ( 1.968002290355999939, -8.495002290356000074, 0.6000004147123999543 ) ) ;
#192 = CARTESIAN_POINT ( 'NONE',  ( 3.237219019927002339, -1.448991762630001290, 0.8893115340918996692 ) ) ;
#193 = CARTESIAN_POINT ( 'NONE',  ( -2.223001145167000203, -8.494999999989000017, -0.5999997926836999618 ) ) ;
#194 = ORIENTED_EDGE ( 'NONE', *, *, #1823, .T. ) ;
#195 = CARTESIAN_POINT ( 'NONE',  ( 1.293385329732998468, -9.829016012305000771, 1.113189703207998704 ) ) ;
#196 = ORIENTED_EDGE ( 'NONE', *, *, #3194, .T. ) ;
#197 =( NAMED_UNIT ( * ) SI_UNIT ( $, .STERADIAN. ) SOLID_ANGLE_UNIT ( ) );
#198 = CARTESIAN_POINT ( 'NONE',  ( -1.839408332730000595, -9.252932096448997612, -0.5980159376151999995 ) ) ;
#199 =( BOUNDED_SURFACE ( )  B_SPLINE_SURFACE ( 3, 3, ( 
 ( #5556, #1175, #1269, #3215, #5139, #4667, #4200, #6125, #3659, #2643, #229, #5017, #1784, #663, #2616, #4129, #4544, #200, #4573 ),
 ( #1714, #1845, #4359, #4327, #2329, #3755, #5204, #3246, #828, #5170, #2425, #5712, #478, #1811, #895, #2833, #5772, #6221, #10 ),
 ( #6156, #4765, #2768, #1905, #4732, #1300, #356, #6255, #2896, #4263, #5679, #1436, #5746, #4794, #1405, #3343, #5266, #1876, #4233 ),
 ( #5649, #3727, #4820, #3822, #386, #447, #4696, #1333, #2293, #3791, #928, #2864, #416, #3283, #6192, #2396, #3851, #3378, #863 ) ),
 .UNSPECIFIED., .F., .F., .F. ) 
 B_SPLINE_SURFACE_WITH_KNOTS ( ( 4, 4 ),
 ( 4, 1, 1, 1, 1, 1, 1, 1, 1, 1, 1, 1, 1, 1, 1, 1, 4 ),
 ( 0.000000000000000000, 1.000000000000000000 ),
 ( 0.01573727199618000019, 0.04808747996914999878, 0.09949668478556000784, 0.1561804750470000003, 0.2201095350020999819, 0.2906991779656999952, 0.3619065133752999985, 0.4274775215959000230, 0.4951149986135999770, 0.5654679784900000783, 0.6346367485309000189, 0.6992140028175999333, 0.7600453407145000284, 0.8248573667890000127, 0.9020237497024000684, 1.000000000000000000, 1.009778597998999938 ),
 .UNSPECIFIED. ) 
 GEOMETRIC_REPRESENTATION_ITEM ( )  RATIONAL_B_SPLINE_SURFACE ( (
 ( 1.184737779396999979, 1.184737779396999979, 1.184737779396999979, 1.184737779396999979, 1.184737779396999979, 1.184737779396999979, 1.184737779396999979, 1.184737779396999979, 1.184737779396999979, 1.184737779396999979, 1.184737779396999979, 1.184737779396999979, 1.184737779396999979, 1.184737779396999979, 1.184737779396999979, 1.184737779396999979, 1.184737779396999979, 1.184737779396999979, 1.184737779396999979),
 ( 0.9384207402008999388, 0.9384207402008999388, 0.9384207402008999388, 0.9384207402008999388, 0.9384207402008999388, 0.9384207402008999388, 0.9384207402008999388, 0.9384207402008999388, 0.9384207402008999388, 0.9384207402008999388, 0.9384207402008999388, 0.9384207402008999388, 0.9384207402008999388, 0.9384207402008999388, 0.9384207402008999388, 0.9384207402008999388, 0.9384207402008999388, 0.9384207402008999388, 0.9384207402008999388),
 ( 0.9384207402008999388, 0.9384207402008999388, 0.9384207402008999388, 0.9384207402008999388, 0.9384207402008999388, 0.9384207402008999388, 0.9384207402008999388, 0.9384207402008999388, 0.9384207402008999388, 0.9384207402008999388, 0.9384207402008999388, 0.9384207402008999388, 0.9384207402008999388, 0.9384207402008999388, 0.9384207402008999388, 0.9384207402008999388, 0.9384207402008999388, 0.9384207402008999388, 0.9384207402008999388),
 ( 1.184737779396999979, 1.184737779396999979, 1.184737779396999979, 1.184737779396999979, 1.184737779396999979, 1.184737779396999979, 1.184737779396999979, 1.184737779396999979, 1.184737779396999979, 1.184737779396999979, 1.184737779396999979, 1.184737779396999979, 1.184737779396999979, 1.184737779396999979, 1.184737779396999979, 1.184737779396999979, 1.184737779396999979, 1.184737779396999979, 1.184737779396999979) ) ) 
 REPRESENTATION_ITEM ( '' )  SURFACE ( )  );
#200 = CARTESIAN_POINT ( 'NONE',  ( 1.481887529893001654, -10.01534271475999738, 0.3448124538808000628 ) ) ;
#201 =( LENGTH_UNIT ( ) NAMED_UNIT ( * ) SI_UNIT ( .MILLI., .METRE. ) );
#202 = CARTESIAN_POINT ( 'NONE',  ( -2.116937511976999531, -8.756975808987004228, -0.5929487905133000725 ) ) ;
#203 = CARTESIAN_POINT ( 'NONE',  ( -2.380106180658001058, -10.22338503947000099, -0.3637015893710998649 ) ) ;
#204 = CARTESIAN_POINT ( 'NONE',  ( 2.319814033154472099, -8.688662209829855598, 0.3999411894941961032 ) ) ;
#205 = CARTESIAN_POINT ( 'NONE',  ( -2.389727919232998321, -8.815902431805007211, -0.7898711300799002855 ) ) ;
#206 = CARTESIAN_POINT ( 'NONE',  ( -2.401013497887162451, -8.851095116156283638, -0.3568772513730717466 ) ) ;
#207 = CIRCLE ( 'NONE', #2558, 0.3499990533252999581 ) ;
#208 = FACE_OUTER_BOUND ( 'NONE', #1464, .T. ) ;
#209 = COLOUR_RGB ( '',0.8039215686274510109, 0.8039215686274510109, 0.8039215686274510109 ) ;
#210 = CARTESIAN_POINT ( 'NONE',  ( -1.732774514424000101, -9.505017343275000030, -0.6171292898768000468 ) ) ;
#211 = CARTESIAN_POINT ( 'NONE',  ( 1.956523735062003055, -8.749793355621001467, 0.6053222341430999354 ) ) ;
#212 = CARTESIAN_POINT ( 'NONE',  ( -1.582917127671017665, -9.214830867479662402, -0.8328384098843575334 ) ) ;
#213 = CARTESIAN_POINT ( 'NONE',  ( -1.638559966139998103, -1.086838269191999551, -0.2399422032563001683 ) ) ;
#214 =( GEOMETRIC_REPRESENTATION_CONTEXT ( 3 ) GLOBAL_UNCERTAINTY_ASSIGNED_CONTEXT ( ( #5673 ) ) GLOBAL_UNIT_ASSIGNED_CONTEXT ( ( #2408, #6205, #4341 ) ) REPRESENTATION_CONTEXT ( 'NONE', 'WORKASPACE' ) );
#215 = ADVANCED_FACE ( 'NONE', ( #3237 ), #1836, .T. ) ;
#216 = CARTESIAN_POINT ( 'NONE',  ( 3.385604802105000033, -2.002398026256000385, 0.4414491115714000435 ) ) ;
#217 = CARTESIAN_POINT ( 'NONE',  ( -2.332824842715095048, -8.714707901235788867, -0.8101617786151694700 ) ) ;
#218 = VERTEX_POINT ( 'NONE', #2320 ) ;
#219 = CARTESIAN_POINT ( 'NONE',  ( 1.778594241124000330, -9.759097918228995638, 0.6786660162125003337 ) ) ;
#220 = DIRECTION ( 'NONE',  ( 0.000000000000000000, 1.000000000000000000, 0.000000000000000000 ) ) ;
#221 = DIRECTION ( 'NONE',  ( -0.000000000000000000, 0.000000000000000000, -1.000000000000000000 ) ) ;
#222 = VECTOR ( 'NONE', #74, 1000.000000000000000 ) ;
#223 = ORIENTED_EDGE ( 'NONE', *, *, #1304, .F. ) ;
#224 = PRESENTATION_LAYER_ASSIGNMENT (  '', '', ( #5909 ) ) ;
#225 = CARTESIAN_POINT ( 'NONE',  ( 1.528001029027000079, -1.634217782672999997, 0.6000000000479999152 ) ) ;
#226 = CARTESIAN_POINT ( 'NONE',  ( 2.223001145167000203, -8.494999999989000017, 0.5999997926836999618 ) ) ;
#227 = CARTESIAN_POINT ( 'NONE',  ( 2.478000000000000203, -1.704999999999999849, 0.5999999999999999778 ) ) ;
#228 = COLOUR_RGB ( '',0.8039215686274510109, 0.8039215686274510109, 0.8039215686274510109 ) ;
#229 = CARTESIAN_POINT ( 'NONE',  ( 1.768143294435002177, -9.870436145237992065, 0.3824377792048000990 ) ) ;
#230 = PRESENTATION_LAYER_ASSIGNMENT (  '', '', ( #2973 ) ) ;
#231 =( BOUNDED_CURVE ( )  B_SPLINE_CURVE ( 3, ( #5054, #2174, #4244, #368, #2721, #806, #6135, #4109, #4710 ),
 .UNSPECIFIED., .F., .T. ) 
 B_SPLINE_CURVE_WITH_KNOTS ( ( 4, 1, 1, 1, 1, 1, 4 ),
 ( 0.000000000000000000, 0.06934635682061125739, 0.2403437239399073277, 0.4333854967003894498, 0.6439413260426750663, 0.8473137411456923562, 1.000000000000000000 ),
 .UNSPECIFIED. ) 
 CURVE ( )  GEOMETRIC_REPRESENTATION_ITEM ( )  RATIONAL_B_SPLINE_CURVE ( ( 1.122734190114479835, 1.122734190114479835, 1.122734190114479835, 1.122734190114479835, 1.122734190114479835, 1.122734190114479835, 1.122734190114479835, 1.122734190114480057, 1.122734190114479835 ) ) 
 REPRESENTATION_ITEM ( '' )  );
#232 = CARTESIAN_POINT ( 'NONE',  ( 2.965339717231000094, -1.028000000001999981, 0.6000004853957999762 ) ) ;
#233 = ADVANCED_FACE ( 'NONE', ( #406 ), #3942, .T. ) ;
#234 = FILL_AREA_STYLE_COLOUR ( '', #4184 ) ;
#235 = CARTESIAN_POINT ( 'NONE',  ( 2.401013494772354928, -8.851095110085955397, 0.3568772523646691619 ) ) ;
#236 = AXIS2_PLACEMENT_3D ( 'NONE', #2638, #221, #2079 ) ;
#237 = CARTESIAN_POINT ( 'NONE',  ( -2.669497814901999888, -8.824146102281996917, -0.9636088645349002446 ) ) ;
#238 = CARTESIAN_POINT ( 'NONE',  ( -2.338767018188979474, -8.726617467661116123, -0.3862349933528088086 ) ) ;
#239 = CARTESIAN_POINT ( 'NONE',  ( -1.477999999999999980, -10.00500000000000078, -0.5999999999999999778 ) ) ;
#240 = CARTESIAN_POINT ( 'NONE',  ( 2.478000000000000203, -9.005000000000000782, 0.5999999999999999778 ) ) ;
#241 = CARTESIAN_POINT ( 'NONE',  ( 2.374574519439999865, -8.567120093706002137, 0.2729477885847998997 ) ) ;
#242 = CARTESIAN_POINT ( 'NONE',  ( -1.599566883945999995, -1.542447734710001406, -1.016622836576999811 ) ) ;
#243 = AXIS2_PLACEMENT_3D ( 'NONE', #1391, #2313, #465 ) ;
#244 = EDGE_CURVE ( 'NONE', #439, #1497, #513, .T. ) ;
#245 = EDGE_CURVE ( 'NONE', #628, #2805, #5176, .T. ) ;
#246 =( NAMED_UNIT ( * ) PLANE_ANGLE_UNIT ( ) SI_UNIT ( $, .RADIAN. ) );
#247 = MECHANICAL_DESIGN_GEOMETRIC_PRESENTATION_REPRESENTATION (  '', ( #1450 ), #3808 ) ;
#248 = CARTESIAN_POINT ( 'NONE',  ( 1.900958208539815120, -3.436216508762961919, 0.4723614397360084149 ) ) ;
#249 = COLOUR_RGB ( '',0.9411764705882352811, 0.9921568627450980671, 0.007843137254901960675 ) ;
#250 = CARTESIAN_POINT ( 'NONE',  ( -2.361744912962508547, -8.772537228805932230, -0.8271914940316500431 ) ) ;
#251 = ORIENTED_EDGE ( 'NONE', *, *, #4709, .F. ) ;
#252 = SURFACE_STYLE_USAGE ( .BOTH. , #3137 ) ;
#253 = CARTESIAN_POINT ( 'NONE',  ( 2.223000641427000268, -10.51500000001000146, 0.6000000000053998805 ) ) ;
#254 = VERTEX_POINT ( 'NONE', #4422 ) ;
#255 = ORIENTED_EDGE ( 'NONE', *, *, #3176, .F. ) ;
#256 = CARTESIAN_POINT ( 'NONE',  ( 2.262836616510083942, -8.574724071463210251, 0.7380375991459238172 ) ) ;
#257 = CARTESIAN_POINT ( 'NONE',  ( -1.525844659972002137, -9.615730069585007200, -0.2260823584302002198 ) ) ;
#258 =( NAMED_UNIT ( * ) SI_UNIT ( $, .STERADIAN. ) SOLID_ANGLE_UNIT ( ) );
#259 =( GEOMETRIC_REPRESENTATION_CONTEXT ( 3 ) GLOBAL_UNCERTAINTY_ASSIGNED_CONTEXT ( ( #109 ) ) GLOBAL_UNIT_ASSIGNED_CONTEXT ( ( #3667, #3091, #4072 ) ) REPRESENTATION_CONTEXT ( 'NONE', 'WORKASPACE' ) );
#260 = ADVANCED_FACE ( 'NONE', ( #982 ), #4874, .F. ) ;
#261 = CARTESIAN_POINT ( 'NONE',  ( 2.957732038807016739, -2.618090044583090137, -0.01321200831998182307 ) ) ;
#262 = MECHANICAL_DESIGN_GEOMETRIC_PRESENTATION_REPRESENTATION (  '', ( #2804 ), #3210 ) ;
#263 = CARTESIAN_POINT ( 'NONE',  ( -2.356831224716001483, -10.26899535849999445, -0.3746539105281002091 ) ) ;
#264 = FACE_OUTER_BOUND ( 'NONE', #3795, .T. ) ;
#265 = CARTESIAN_POINT ( 'NONE',  ( -3.295308785348001646, -1.450041109455999955, -0.7060053065134003214 ) ) ;
#266 = CARTESIAN_POINT ( 'NONE',  ( -2.478000000000000203, -1.727999999999999980, -0.5999999999999999778 ) ) ;
#267 = CARTESIAN_POINT ( 'NONE',  ( 1.949481121277998108, -9.776317885517011419, 0.7154853267271997774 ) ) ;
#268 = CARTESIAN_POINT ( 'NONE',  ( -2.312330751531653572, -8.673664416366010599, -0.4061331501027723445 ) ) ;
#269 = ADVANCED_FACE ( 'NONE', ( #2449 ), #6008, .T. ) ;
#270 = TOROIDAL_SURFACE ( 'NONE', #5029, 0.5999999999999999778, 0.3499999999999999778 ) ;
#271 = B_SPLINE_CURVE_WITH_KNOTS ( 'NONE', 3,
 ( #2281, #5703, #3425, #5349, #4753, #4223, #816, #2247, #1739, #3895, #5131, #3269, #2727, #4251, #6147, #311, #1002, #3684, #2937, #3234, #1833, #347, #4860, #4188, #2435 ),
 .UNSPECIFIED., .F., .F.,
 ( 4, 2, 2, 1, 2, 2, 2, 1, 1, 2, 2, 2, 2, 4 ),
 ( 0.000000000000000000, 0.1250000000000107414, 0.1875000000000146827, 0.2187500000000149880, 0.2343750000000160982, 0.2500000000000171529, 0.3750000000000121569, 0.4375000000000081046, 0.4687500000000043854, 0.4843750000000043299, 0.5000000000000042188, 0.6250000000000039968, 0.7500000000000035527, 1.000000000000000000 ),
 .UNSPECIFIED. ) ;
#272 = DIRECTION ( 'NONE',  ( 0.000000000000000000, -1.000000000000000000, 0.000000000000000000 ) ) ;
#273 = CARTESIAN_POINT ( 'NONE',  ( -1.727999946521999952, -9.504998384173999781, -0.6502489654445000600 ) ) ;
#274 = FILL_AREA_STYLE ('',( #302 ) ) ;
#275 = CARTESIAN_POINT ( 'NONE',  ( 2.257620828888997622, -8.633627617079001837, 0.5381527163830998051 ) ) ;
#276 = DIRECTION ( 'NONE',  ( 0.000000000000000000, -1.000000000000000000, 0.000000000000000000 ) ) ;
#277 = CARTESIAN_POINT ( 'NONE',  ( -1.606135472991001123, -1.755729654282998098, -0.9809743598782002527 ) ) ;
#278 =( LENGTH_UNIT ( ) NAMED_UNIT ( * ) SI_UNIT ( .MILLI., .METRE. ) );
#279 = ADVANCED_FACE ( 'NONE', ( #1429 ), #3018, .T. ) ;
#280 = CARTESIAN_POINT ( 'NONE',  ( 2.114322026564156243, -10.18681000700684081, 0.4201888059953954868 ) ) ;
#281 = ORIENTED_EDGE ( 'NONE', *, *, #2335, .F. ) ;
#282 = CARTESIAN_POINT ( 'NONE',  ( 1.728451525284999901, -9.646806196366000563, 0.6189186303794002031 ) ) ;
#283 = FILL_AREA_STYLE ('',( #316 ) ) ;
#284 = CARTESIAN_POINT ( 'NONE',  ( 2.234459788251000223, -10.27946909519000052, 0.6922910064594002266 ) ) ;
#285 = UNCERTAINTY_MEASURE_WITH_UNIT (LENGTH_MEASURE( 1.000000000000000082E-05 ), #1803, 'distance_accuracy_value', 'NONE');
#286 = ORIENTED_EDGE ( 'NONE', *, *, #5014, .F. ) ;
#287 = ORIENTED_EDGE ( 'NONE', *, *, #3446, .F. ) ;
#288 = CARTESIAN_POINT ( 'NONE',  ( -1.924626203785000156, -1.222620906668000051, -0.6585513410619999730 ) ) ;
#289 = DIRECTION ( 'NONE',  ( 1.000000000000000000, 0.000000000000000000, 0.000000000000000000 ) ) ;
#290 =( NAMED_UNIT ( * ) PLANE_ANGLE_UNIT ( ) SI_UNIT ( $, .RADIAN. ) );
#291 = CARTESIAN_POINT ( 'NONE',  ( -1.481886789238997970, -10.01534373302000169, -0.8551876246004997961 ) ) ;
#292 = SURFACE_SIDE_STYLE ('',( #5497 ) ) ;
#293 = EDGE_LOOP ( 'NONE', ( #917, #722, #255, #223, #2461, #420 ) ) ;
#294 = CARTESIAN_POINT ( 'NONE',  ( 2.841430367638589249, -2.744986671910376153, -0.05745132326774356896 ) ) ;
#295 = CARTESIAN_POINT ( 'NONE',  ( -2.310110873215000193, -10.35988727933000852, -0.4068513625629997521 ) ) ;
#296 = CARTESIAN_POINT ( 'NONE',  ( -3.423868189582002231, -1.607456182327000382, -0.5930962493191997975 ) ) ;
#297 = CARTESIAN_POINT ( 'NONE',  ( -2.435417187706998110, -8.682082799081006996, -0.8384600264630999167 ) ) ;
#298 = CIRCLE ( 'NONE', #3457, 0.2550000000000000044 ) ;
#299 = DIRECTION ( 'NONE',  ( -0.9999999999999997780, 0.000000000000000000, -1.204377572137405733E-08 ) ) ;
#300 = CARTESIAN_POINT ( 'NONE',  ( -2.478000000000000203, -9.005000000000000782, -0.5999999999999999778 ) ) ;
#301 = SURFACE_STYLE_USAGE ( .BOTH. , #4644 ) ;
#302 = FILL_AREA_STYLE_COLOUR ( '', #4500 ) ;
#303 = CARTESIAN_POINT ( 'NONE',  ( 1.841326228543999743, -9.249955299047005752, 0.5824541824712999860 ) ) ;
#304 = CARTESIAN_POINT ( 'NONE',  ( -1.671714216759452754, -9.392425765494875733, -0.7667656406547223025 ) ) ;
#305 = CARTESIAN_POINT ( 'NONE',  ( -1.673780906448998795, -1.309252289629001975, -0.7509890032358000900 ) ) ;
#306 = TOROIDAL_SURFACE ( 'NONE', #2233, 3.700000000000000178, 0.2500000000000000000 ) ;
#307 = AXIS2_PLACEMENT_3D ( 'NONE', #1597, #1619, #4569 ) ;
#308 = DIRECTION ( 'NONE',  ( 2.439361282856121868E-06, -2.439361283057276522E-06, 0.9999999999940496487 ) ) ;
#309 = DIRECTION ( 'NONE',  ( 0.000000000000000000, 0.000000000000000000, 1.000000000000000000 ) ) ;
#310 = CARTESIAN_POINT ( 'NONE',  ( 2.244643689540686715, -10.47171544200766391, 0.7046086256566465034 ) ) ;
#311 = CARTESIAN_POINT ( 'NONE',  ( -2.153577593447654870, -10.16721982747688457, -0.4032445402179096750 ) ) ;
#312 = ORIENTED_EDGE ( 'NONE', *, *, #2309, .F. ) ;
#313 = CARTESIAN_POINT ( 'NONE',  ( 1.621853759808000062, -1.101724165069999595, 0.4558487302391999729 ) ) ;
#314 =( LENGTH_UNIT ( ) NAMED_UNIT ( * ) SI_UNIT ( .MILLI., .METRE. ) );
#315 = AXIS2_PLACEMENT_3D ( 'NONE', #2976, #5924, #5857 ) ;
#316 = FILL_AREA_STYLE_COLOUR ( '', #565 ) ;
#317 = PRESENTATION_LAYER_ASSIGNMENT (  '', '', ( #2856 ) ) ;
#318 = CARTESIAN_POINT ( 'NONE',  ( 2.246171402594999478, -10.48244105103001189, 0.7087797122369000613 ) ) ;
#319 = VERTEX_POINT ( 'NONE', #3618 ) ;
#320 = CIRCLE ( 'NONE', #1443, 0.9500000000000006217 ) ;
#321 = ORIENTED_EDGE ( 'NONE', *, *, #4736, .T. ) ;
#322 =( NAMED_UNIT ( * ) PLANE_ANGLE_UNIT ( ) SI_UNIT ( $, .RADIAN. ) );
#323 = CARTESIAN_POINT ( 'NONE',  ( 1.706379233078000102, -1.727999999991999935, 1.154165176144999805 ) ) ;
#324 =( NAMED_UNIT ( * ) SI_UNIT ( $, .STERADIAN. ) SOLID_ANGLE_UNIT ( ) );
#325 = CARTESIAN_POINT ( 'NONE',  ( -1.667602210728001966, -9.785109729282003954, -0.7471778492403996497 ) ) ;
#326 = CARTESIAN_POINT ( 'NONE',  ( -2.415123440549999057, -8.599081761745992480, -0.2311064964660000665 ) ) ;
#327 = ORIENTED_EDGE ( 'NONE', *, *, #2601, .F. ) ;
#328 = STYLED_ITEM ( 'NONE', ( #3734 ), #5113 ) ;
#329 = ADVANCED_FACE ( 'NONE', ( #2548 ), #821, .T. ) ;
#330 = FACE_OUTER_BOUND ( 'NONE', #6022, .T. ) ;
#331 = CARTESIAN_POINT ( 'NONE',  ( -1.918844827693738209, -1.091442097414784484, -0.5999992067284938280 ) ) ;
#332 = CARTESIAN_POINT ( 'NONE',  ( -3.391767096997999165, -1.883301918748998105, -0.6355846194095001733 ) ) ;
#333 =( NAMED_UNIT ( * ) PLANE_ANGLE_UNIT ( ) SI_UNIT ( $, .RADIAN. ) );
#334 =( GEOMETRIC_REPRESENTATION_CONTEXT ( 3 ) GLOBAL_UNCERTAINTY_ASSIGNED_CONTEXT ( ( #1798 ) ) GLOBAL_UNIT_ASSIGNED_CONTEXT ( ( #5726, #2436, #27 ) ) REPRESENTATION_CONTEXT ( 'NONE', 'WORKASPACE' ) );
#335 = SURFACE_STYLE_FILL_AREA ( #3702 ) ;
#336 = PRESENTATION_LAYER_ASSIGNMENT (  '', '', ( #4294 ) ) ;
#337 = CARTESIAN_POINT ( 'NONE',  ( 2.240556519627001197, -8.638009267561002957, 0.6338965360600000709 ) ) ;
#338 =( NAMED_UNIT ( * ) PLANE_ANGLE_UNIT ( ) SI_UNIT ( $, .RADIAN. ) );
#339 = DIRECTION ( 'NONE',  ( -5.049940251260249316E-06, 0.9999999999872489775, -2.354590205248115220E-10 ) ) ;
#340 = CARTESIAN_POINT ( 'NONE',  ( 2.304247874802001661, -9.818652894125003527, 1.123738714734999755 ) ) ;
#341 = CARTESIAN_POINT ( 'NONE',  ( 1.681293732260000340, -9.132485018015998435, 0.4266744445663996910 ) ) ;
#342 =( LENGTH_UNIT ( ) NAMED_UNIT ( * ) SI_UNIT ( .MILLI., .METRE. ) );
#343 = CARTESIAN_POINT ( 'NONE',  ( -1.733196830979999881, -9.504949463188999914, -0.5944090007040999657 ) ) ;
#344 = EDGE_CURVE ( 'NONE', #3242, #2923, #6027, .T. ) ;
#345 = CARTESIAN_POINT ( 'NONE',  ( -3.146873111825196467, -1.403184934840469023, -0.8964843930568872077 ) ) ;
#346 = FILL_AREA_STYLE_COLOUR ( '', #4234 ) ;
#347 = CARTESIAN_POINT ( 'NONE',  ( -2.029289313791433624, -10.22934909519464952, -0.4773871014954069736 ) ) ;
#348 = VERTEX_POINT ( 'NONE', #2178 ) ;
#349 = CARTESIAN_POINT ( 'NONE',  ( 1.971033607942998644, -1.377544006111998121, 0.9226401654628002547 ) ) ;
#350 = CARTESIAN_POINT ( 'NONE',  ( 2.407253337049001018, -10.16994375416000196, 0.8457088205675002968 ) ) ;
#351 = UNCERTAINTY_MEASURE_WITH_UNIT (LENGTH_MEASURE( 1.000000000000000082E-05 ), #3172, 'distance_accuracy_value', 'NONE');
#352 = ADVANCED_FACE ( 'NONE', ( #809 ), #1700, .T. ) ;
#353 = PRESENTATION_LAYER_ASSIGNMENT (  '', '', ( #6223 ) ) ;
#354 = ORIENTED_EDGE ( 'NONE', *, *, #2044, .T. ) ;
#355 = CARTESIAN_POINT ( 'NONE',  ( 1.531997388135999838, -9.897004058505999069, 0.3504784993613999644 ) ) ;
#356 = CARTESIAN_POINT ( 'NONE',  ( 1.687005270238998156, -9.638648026189995832, 0.5158305261711998435 ) ) ;
#357 = CARTESIAN_POINT ( 'NONE',  ( -1.317912399699999071, -9.809287220345003888, -0.9487459051707006763 ) ) ;
#358 = CARTESIAN_POINT ( 'NONE',  ( 1.996234280295428709, -3.408697880726219154, 0.2452492795784533275 ) ) ;
#359 = ORIENTED_EDGE ( 'NONE', *, *, #609, .T. ) ;
#360 = CARTESIAN_POINT ( 'NONE',  ( 2.454678219533154238, -1.837987956972999992, 1.549713690833114388 ) ) ;
#361 = CARTESIAN_POINT ( 'NONE',  ( -1.574330149498162523, -1.436451715823011455, -0.5999716117132519733 ) ) ;
#362 = CYLINDRICAL_SURFACE ( 'NONE', #145, 0.3499999999999999223 ) ;
#363 = AXIS2_PLACEMENT_3D ( 'NONE', #240, #2239, #2688 ) ;
#364 = DIRECTION ( 'NONE',  ( 0.000000000000000000, -1.000000000000000000, 0.000000000000000000 ) ) ;
#365 = CARTESIAN_POINT ( 'NONE',  ( 1.832887279319999285, -9.837110873214992779, 0.7931486374386995664 ) ) ;
#366 = CARTESIAN_POINT ( 'NONE',  ( 2.121015791774001791, -8.756437030337002270, 0.6172514488363999297 ) ) ;
#367 = CARTESIAN_POINT ( 'NONE',  ( -1.561359545130306170, -1.701174395485596236, -0.8498705117474909532 ) ) ;
#368 = CARTESIAN_POINT ( 'NONE',  ( 3.331801425342872047, -1.529547889486847279, 0.8521920125571245119 ) ) ;
#369 = CARTESIAN_POINT ( 'NONE',  ( -1.716760206468308070, -9.885622098045931949, -0.3742498821027014921 ) ) ;
#370 = CARTESIAN_POINT ( 'NONE',  ( 2.229359548319999274, -10.36137440498999673, 0.5815473894257005005 ) ) ;
#371 = CARTESIAN_POINT ( 'NONE',  ( 1.634161474325001695, -9.011214598994998326, 0.3807135134381002262 ) ) ;
#372 = CARTESIAN_POINT ( 'NONE',  ( -1.654936349051000288, -9.377368349495991851, -0.4152052815685001730 ) ) ;
#373 = AXIS2_PLACEMENT_3D ( 'NONE', #977, #1426, #884 ) ;
#374 = CIRCLE ( 'NONE', #3728, 0.5999999999999999778 ) ;
#375 = DIRECTION ( 'NONE',  ( -0.001485959642859940649, 0.9999988959613604900, 0.000000000000000000 ) ) ;
#376 = CARTESIAN_POINT ( 'NONE',  ( 1.988000000010999857, -9.750001145167001226, 0.6000002124705000606 ) ) ;
#377 =( NAMED_UNIT ( * ) SI_UNIT ( $, .STERADIAN. ) SOLID_ANGLE_UNIT ( ) );
#378 = ORIENTED_EDGE ( 'NONE', *, *, #4322, .T. ) ;
#379 = CARTESIAN_POINT ( 'NONE',  ( 1.934714542186998454, -1.227024288715999445, 0.6612612736661003243 ) ) ;
#380 = SURFACE_STYLE_USAGE ( .BOTH. , #1325 ) ;
#381 = CARTESIAN_POINT ( 'NONE',  ( 2.229983652804000016, -10.36611885257999432, 0.6065717644463997082 ) ) ;
#382 = CARTESIAN_POINT ( 'NONE',  ( 3.473706249934000123, -1.409920535312999545, 0.5624916385323001089 ) ) ;
#383 = CARTESIAN_POINT ( 'NONE',  ( -1.990808701891000787, -10.17921714375001407, -0.3653705169749000836 ) ) ;
#384 = EDGE_LOOP ( 'NONE', ( #5491, #194 ) ) ;
#385 = CARTESIAN_POINT ( 'NONE',  ( -3.039036909618000326, -1.373590974683000177, -0.7213063033795000800 ) ) ;
#386 = CARTESIAN_POINT ( 'NONE',  ( 1.722205936895998546, -9.494039114472998975, 0.5206191244304003707 ) ) ;
#387 = CARTESIAN_POINT ( 'NONE',  ( -1.290502542364999394, -9.828494210271998099, -0.9583357380130004266 ) ) ;
#388 = CARTESIAN_POINT ( 'NONE',  ( 2.203692532249636127, -3.278630745002286240, 0.03461753695561312766 ) ) ;
#389 = VERTEX_POINT ( 'NONE', #6074 ) ;
#390 = CARTESIAN_POINT ( 'NONE',  ( 3.435501205837998118, -1.653636419710002858, 0.5574431617877998457 ) ) ;
#391 = DIRECTION ( 'NONE',  ( 1.000000000000000000, 0.000000000000000000, 0.000000000000000000 ) ) ;
#392 = CARTESIAN_POINT ( 'NONE',  ( -1.862025115974399458, -1.134951203567209799, -0.6000628894539972169 ) ) ;
#393 = CARTESIAN_POINT ( 'NONE',  ( 2.047724071351805009, -10.22016338354651310, 0.7380375990565588573 ) ) ;
#394 = ORIENTED_EDGE ( 'NONE', *, *, #1560, .F. ) ;
#395 = CARTESIAN_POINT ( 'NONE',  ( 1.956789223642001918, -8.749935200663996326, 0.6177242752703995254 ) ) ;
#396 = CARTESIAN_POINT ( 'NONE',  ( 2.478000000000000203, -1.837987956972999992, 1.550000000000000044 ) ) ;
#397 = CARTESIAN_POINT ( 'NONE',  ( -2.304173041806998778, -10.05396960383000504, -0.8047952680186003516 ) ) ;
#398 = CARTESIAN_POINT ( 'NONE',  ( 0.000000000000000000, -1.378000000000000114, 0.000000000000000000 ) ) ;
#399 = LINE ( 'NONE', #1890, #3584 ) ;
#400 = FILL_AREA_STYLE ('',( #946 ) ) ;
#401 = CARTESIAN_POINT ( 'NONE',  ( -1.984044979407751041, -9.258050657336898581, -0.5635038282326415571 ) ) ;
#402 = CARTESIAN_POINT ( 'NONE',  ( 1.791014629834079885, -9.161507671227761662, 0.3982381080129728246 ) ) ;
#403 = DIRECTION ( 'NONE',  ( -1.000000000000000000, 0.000000000000000000, 0.000000000000000000 ) ) ;
#404 = ORIENTED_EDGE ( 'NONE', *, *, #2535, .T. ) ;
#405 = CARTESIAN_POINT ( 'NONE',  ( 1.995974114877998140, -1.378192245368001778, 0.9406166132084006204 ) ) ;
#406 = FACE_OUTER_BOUND ( 'NONE', #1000, .T. ) ;
#407 = CARTESIAN_POINT ( 'NONE',  ( 2.251510564898999256, -9.879315469615999490, 0.9378440584461996687 ) ) ;
#408 = ADVANCED_FACE ( 'NONE', ( #3773 ), #3678, .T. ) ;
#409 = UNCERTAINTY_MEASURE_WITH_UNIT (LENGTH_MEASURE( 1.000000000000000082E-05 ), #5024, 'distance_accuracy_value', 'NONE');
#410 = CARTESIAN_POINT ( 'NONE',  ( 3.576036861937001099, -1.261946262901000315, 0.5921794226471001066 ) ) ;
#411 = CARTESIAN_POINT ( 'NONE',  ( -2.190008965840001931, -9.980334366206996322, -0.3162621441233002817 ) ) ;
#412 = ORIENTED_EDGE ( 'NONE', *, *, #1376, .T. ) ;
#413 = CIRCLE ( 'NONE', #3970, 0.2550000000000000600 ) ;
#414 = CARTESIAN_POINT ( 'NONE',  ( -3.228363588260998895, -1.403288674338999176, -0.6809934405246997891 ) ) ;
#415 = AXIS2_PLACEMENT_3D ( 'NONE', #5444, #4458, #3027 ) ;
#416 = CARTESIAN_POINT ( 'NONE',  ( 1.488122986553001681, -9.647088302194003262, 0.1944077782004000887 ) ) ;
#417 =( NAMED_UNIT ( * ) PLANE_ANGLE_UNIT ( ) SI_UNIT ( $, .RADIAN. ) );
#418 = CARTESIAN_POINT ( 'NONE',  ( -2.222785183637002060, -8.483422259515007724, -0.6053246449227003279 ) ) ;
#419 = AXIS2_PLACEMENT_3D ( 'NONE', #5697, #843, #3643 ) ;
#420 = ORIENTED_EDGE ( 'NONE', *, *, #2868, .T. ) ;
#421 = EDGE_CURVE ( 'NONE', #2102, #1502, #4649, .T. ) ;
#422 =( LENGTH_UNIT ( ) NAMED_UNIT ( * ) SI_UNIT ( .MILLI., .METRE. ) );
#423 = FACE_OUTER_BOUND ( 'NONE', #4197, .T. ) ;
#424 = STYLED_ITEM ( 'NONE', ( #3331 ), #515 ) ;
#425 = CARTESIAN_POINT ( 'NONE',  ( 1.990659757351000092, -1.028000000000000025, 0.6000000574253999686 ) ) ;
#426 = EDGE_CURVE ( 'NONE', #6122, #1497, #3158, .T. ) ;
#427 = CARTESIAN_POINT ( 'NONE',  ( 1.977289867301000648, -8.760852653258000444, 0.6770346765001999945 ) ) ;
#428 = CIRCLE ( 'NONE', #721, 0.2550000000000001710 ) ;
#429 = CARTESIAN_POINT ( 'NONE',  ( -1.477999999999999980, -9.005000000000000782, -0.5999999999999999778 ) ) ;
#430 = PRESENTATION_STYLE_ASSIGNMENT (( #3358 ) ) ;
#431 =( GEOMETRIC_REPRESENTATION_CONTEXT ( 3 ) GLOBAL_UNCERTAINTY_ASSIGNED_CONTEXT ( ( #5100 ) ) GLOBAL_UNIT_ASSIGNED_CONTEXT ( ( #3087, #290, #324 ) ) REPRESENTATION_CONTEXT ( 'NONE', 'WORKASPACE' ) );
#432 = DIRECTION ( 'NONE',  ( 0.2256895637139044453, 0.9741992716229198601, 1.694078463030034519E-09 ) ) ;
#433 = CARTESIAN_POINT ( 'NONE',  ( 1.714790113210999056, -9.246448217097004374, 0.4862896630123995645 ) ) ;
#434 = CARTESIAN_POINT ( 'NONE',  ( -1.477999999999999980, -9.005000000000000782, -0.5999999999999999778 ) ) ;
#435 = MECHANICAL_DESIGN_GEOMETRIC_PRESENTATION_REPRESENTATION (  '', ( #4294 ), #5406 ) ;
#436 = SURFACE_SIDE_STYLE ('',( #3365 ) ) ;
#437 = CYLINDRICAL_SURFACE ( 'NONE', #3193, 0.2550000000000000044 ) ;
#438 = CARTESIAN_POINT ( 'NONE',  ( 1.898127563282999919, -1.270411497537999868, 0.6969228669442000257 ) ) ;
#439 = VERTEX_POINT ( 'NONE', #776 ) ;
#440 = CARTESIAN_POINT ( 'NONE',  ( -2.244643689540686715, -10.47171544200766213, -0.7046086256566460593 ) ) ;
#441 = DIRECTION ( 'NONE',  ( -0.9999999999999793499, 2.036382288339960977E-07, -6.264854511300871079E-14 ) ) ;
#442 = ADVANCED_FACE ( 'NONE', ( #1828 ), #4376, .T. ) ;
#443 = EDGE_CURVE ( 'NONE', #4252, #3293, #2654, .T. ) ;
#444 = CARTESIAN_POINT ( 'NONE',  ( 3.386087090450002890, -1.342462469238998812, 0.5940382067899997454 ) ) ;
#445 = CARTESIAN_POINT ( 'NONE',  ( -1.956423506905998755, -10.26003843590998876, -0.5810323245170001538 ) ) ;
#446 = ORIENTED_EDGE ( 'NONE', *, *, #4961, .F. ) ;
#447 = CARTESIAN_POINT ( 'NONE',  ( 1.708527221473001623, -9.497586434584002646, 0.4794705712607997827 ) ) ;
#448 = CARTESIAN_POINT ( 'NONE',  ( 1.967398472155379885, -3.425273642082987458, 0.2955920162636063719 ) ) ;
#449 = CIRCLE ( 'NONE', #243, 0.2550000000000000600 ) ;
#450 = VERTEX_POINT ( 'NONE', #3900 ) ;
#451 = CARTESIAN_POINT ( 'NONE',  ( 3.293203901003000311, -1.448707559622001595, 0.7064158717627999629 ) ) ;
#452 = MECHANICAL_DESIGN_GEOMETRIC_PRESENTATION_REPRESENTATION (  '', ( #2785 ), #856 ) ;
#453 = DIRECTION ( 'NONE',  ( 0.000000000000000000, -1.000000000000000000, 0.000000000000000000 ) ) ;
#454 = CARTESIAN_POINT ( 'NONE',  ( 1.645889002428999826, -9.359887524965008865, 0.7931487710667999291 ) ) ;
#455 = PRESENTATION_LAYER_ASSIGNMENT (  '', '', ( #3517 ) ) ;
#456 = SURFACE_STYLE_USAGE ( .BOTH. , #3923 ) ;
#457 = CARTESIAN_POINT ( 'NONE',  ( -1.477999999999999980, -10.00499634721000142, -0.8549999999738000511 ) ) ;
#458 = ADVANCED_FACE ( 'NONE', ( #68 ), #4836, .T. ) ;
#459 = CARTESIAN_POINT ( 'NONE',  ( 2.478000000000000203, -1.727999999999999980, 0.5999999999999999778 ) ) ;
#460 = CARTESIAN_POINT ( 'NONE',  ( -2.230011819387002880, -10.36630599152999643, -0.5980137638056002292 ) ) ;
#461 = CARTESIAN_POINT ( 'NONE',  ( -1.840904537069188329, -9.823549597151121304, -0.4201580054762608651 ) ) ;
#462 = CARTESIAN_POINT ( 'NONE',  ( 1.727999145718000173, -9.505000276506999413, 0.6502529488748000075 ) ) ;
#463 = CARTESIAN_POINT ( 'NONE',  ( -1.988000000007000168, -9.750000641426998627, -0.5999999999945999640 ) ) ;
#464 = CARTESIAN_POINT ( 'NONE',  ( 2.478000000000000203, -1.704999999999999849, 0.5999999999999999778 ) ) ;
#465 = DIRECTION ( 'NONE',  ( -1.430875835080227236E-05, 0.000000000000000000, -0.9999999998976297766 ) ) ;
#466 = COLOUR_RGB ( '',0.8039215686274510109, 0.8039215686274510109, 0.8039215686274510109 ) ;
#467 = DIRECTION ( 'NONE',  ( -0.02454924259667985373, 0.000000000000000000, 0.9996986219295940224 ) ) ;
#468 = AXIS2_PLACEMENT_3D ( 'NONE', #1424, #1831, #1354 ) ;
#469 = CARTESIAN_POINT ( 'NONE',  ( -2.395222233113415644, -10.17055203816914499, -0.3584478704913390823 ) ) ;
#470 = VERTEX_POINT ( 'NONE', #1962 ) ;
#471 = CARTESIAN_POINT ( 'NONE',  ( 1.621217171123001455, -1.201790313106000152, 0.2559761764410998786 ) ) ;
#472 = FILL_AREA_STYLE ('',( #5293 ) ) ;
#473 = SURFACE_STYLE_FILL_AREA ( #919 ) ;
#474 = UNCERTAINTY_MEASURE_WITH_UNIT (LENGTH_MEASURE( 1.000000000000000082E-05 ), #1550, 'distance_accuracy_value', 'NONE');
#475 = CARTESIAN_POINT ( 'NONE',  ( 3.631151920426999524, -1.320768823362999944, 0.5705150936135996442 ) ) ;
#476 = ORIENTED_EDGE ( 'NONE', *, *, #5451, .F. ) ;
#477 = CARTESIAN_POINT ( 'NONE',  ( -3.423148340638001219, -1.310309584693999163, -0.5564753708294004619 ) ) ;
#478 = CARTESIAN_POINT ( 'NONE',  ( 1.569680729927998897, -9.818726604706997207, 0.4087137195755998764 ) ) ;
#479 = CARTESIAN_POINT ( 'NONE',  ( -1.652001500393998068, -9.525238421050010729, -0.8280464040067995191 ) ) ;
#480 = VERTEX_POINT ( 'NONE', #2440 ) ;
#481 = CARTESIAN_POINT ( 'NONE',  ( 3.369644893210002046, -1.514004129642000818, 0.6669721696215999973 ) ) ;
#482 = CARTESIAN_POINT ( 'NONE',  ( -1.698610362213170077, -1.267782420815990019, -0.5999917783697534812 ) ) ;
#483 = DIRECTION ( 'NONE',  ( 0.000000000000000000, -1.000000000000000000, 0.000000000000000000 ) ) ;
#484 = CARTESIAN_POINT ( 'NONE',  ( 2.110376736397000741, -10.24091212192999656, 0.5631821803953999117 ) ) ;
#485 = CARTESIAN_POINT ( 'NONE',  ( 2.329222122160001351, -8.641482128477003144, 0.7470063485071005704 ) ) ;
#486 = B_SPLINE_CURVE_WITH_KNOTS ( 'NONE', 3,
 ( #3400, #2415, #6177, #1864, #3435, #2822, #2852, #5289, #4787, #438, #4840, #6212, #5324, #2915, #5734, #2386, #2445, #4348, #2883, #4752, #4382 ),
 .UNSPECIFIED., .F., .F.,
 ( 4, 1, 1, 1, 1, 1, 1, 1, 1, 1, 1, 1, 1, 1, 1, 1, 1, 1, 4 ),
 ( 0.000000000000000000, 0.05555555555556000030, 0.1111111111111000027, 0.1666666666667000196, 0.2222222222222000054, 0.2777777777777999946, 0.3333333333333000081, 0.3888888888888999973, 0.4444444444444000109, 0.5000000000000000000, 0.5555555555555999891, 0.6111111111111000582, 0.6666666666667000474, 0.7222222222222000054, 0.7777777777777999946, 0.8333333333333000637, 0.8888888888888999418, 0.9444444444444000109, 1.000000000000000000 ),
 .UNSPECIFIED. ) ;
#487 = CARTESIAN_POINT ( 'NONE',  ( 0.000000000000000000, 0.000000000000000000, -0.5999999999999999778 ) ) ;
#488 = FILL_AREA_STYLE ('',( #5352 ) ) ;
#489 = CARTESIAN_POINT ( 'NONE',  ( 1.848722917325000825, -9.229017587448000270, 0.5436926692414993934 ) ) ;
#490 = DIRECTION ( 'NONE',  ( 1.000000000000000000, 0.000000000000000000, 0.000000000000000000 ) ) ;
#491 = CARTESIAN_POINT ( 'NONE',  ( -1.839492879226998001, -9.015311022727006574, -0.1854180874479999241 ) ) ;
#492 = B_SPLINE_CURVE_WITH_KNOTS ( 'NONE', 3,
 ( #193, #3563, #4559, #1195, #5517, #4089, #3135, #1704, #1613, #5464, #3107, #5036, #5095, #4515, #1111, #1643, #217, #4981, #250, #5061, #3650, #712, #2666, #3594, #2696, #3621 ),
 .UNSPECIFIED., .F., .F.,
 ( 4, 2, 2, 2, 2, 1, 1, 2, 2, 2, 1, 1, 2, 2, 4 ),
 ( 0.000000000000000000, 0.1250000000000033307, 0.1875000000000052736, 0.2500000000000072164, 0.3750000000000056066, 0.4375000000000047740, 0.4687500000000047184, 0.4843750000000072720, 0.5000000000000098810, 0.6250000000000293099, 0.6875000000000363043, 0.7187500000000401901, 0.7343750000000448530, 0.7500000000000496270, 1.000000000000000000 ),
 .UNSPECIFIED. ) ;
#493 = CARTESIAN_POINT ( 'NONE',  ( -2.992135407645000189, -1.028000413978999994, -0.6000007625966999880 ) ) ;
#494 = CARTESIAN_POINT ( 'NONE',  ( 1.661982593897929794, -9.096990500850361983, 0.3621671244715638505 ) ) ;
#495 = DIRECTION ( 'NONE',  ( 0.8122328620674246213, 0.000000000000000000, -0.5833333333333180493 ) ) ;
#496 = CARTESIAN_POINT ( 'NONE',  ( 2.478000000000000203, -4.918011772346000399, 0.5999999999999999778 ) ) ;
#497 = EDGE_LOOP ( 'NONE', ( #4788, #2264, #2528, #2997 ) ) ;
#498 = CARTESIAN_POINT ( 'NONE',  ( 1.628896594779001727, -1.160618327844999520, 0.2480088669034999360 ) ) ;
#499 =( LENGTH_UNIT ( ) NAMED_UNIT ( * ) SI_UNIT ( .MILLI., .METRE. ) );
#500 = CARTESIAN_POINT ( 'NONE',  ( -2.001987039986000028, -1.046981341117999564, -0.5999915601114997887 ) ) ;
#501 = CARTESIAN_POINT ( 'NONE',  ( 2.435417187706998110, -8.682082799081006996, 0.8384600264630999167 ) ) ;
#502 = EDGE_LOOP ( 'NONE', ( #988, #1231, #89, #514 ) ) ;
#503 = CARTESIAN_POINT ( 'NONE',  ( 1.589831692795075746, -1.406296787454589303, 0.5999328789180773391 ) ) ;
#504 = SURFACE_STYLE_USAGE ( .BOTH. , #3048 ) ;
#505 = CARTESIAN_POINT ( 'NONE',  ( -1.540681992137001410, -9.603890768172989922, -0.9602155641243002027 ) ) ;
#506 = ORIENTED_EDGE ( 'NONE', *, *, #947, .T. ) ;
#507 = AXIS2_PLACEMENT_3D ( 'NONE', #3733, #453, #391 ) ;
#508 = CARTESIAN_POINT ( 'NONE',  ( -1.711135264122999322, -9.231010613605002746, -0.7230368916154000791 ) ) ;
#509 = CARTESIAN_POINT ( 'NONE',  ( 1.679674000747001461, -8.845900744491991929, 1.114305179395999934 ) ) ;
#510 = CARTESIAN_POINT ( 'NONE',  ( 2.114408661795002420, -10.24953324321999659, 0.5811881183089998570 ) ) ;
#511 = CARTESIAN_POINT ( 'NONE',  ( -1.877999999999999892, -1.837987956972999992, -0.5999999999999999778 ) ) ;
#512 = STYLED_ITEM ( 'NONE', ( #5782 ), #2021 ) ;
#513 = CIRCLE ( 'NONE', #5482, 0.2550000000000000044 ) ;
#514 = ORIENTED_EDGE ( 'NONE', *, *, #1735, .T. ) ;
#515 = ADVANCED_FACE ( 'NONE', ( #5354 ), #3501, .T. ) ;
#516 = MECHANICAL_DESIGN_GEOMETRIC_PRESENTATION_REPRESENTATION (  '', ( #424 ), #937 ) ;
#517 = CARTESIAN_POINT ( 'NONE',  ( -3.205186173093454549, -2.309338075952977576, -0.1565617330968817611 ) ) ;
#518 = DIRECTION ( 'NONE',  ( 0.000000000000000000, -1.000000000000000000, 0.000000000000000000 ) ) ;
#519 = CARTESIAN_POINT ( 'NONE',  ( -2.246171402594999478, -10.48244105103001189, -0.7087797122369000613 ) ) ;
#520 = CARTESIAN_POINT ( 'NONE',  ( 3.402674369514999686, -1.946959222715000104, 0.4681657909630999592 ) ) ;
#521 = CARTESIAN_POINT ( 'NONE',  ( -2.219413390264997954, -9.930097328924997413, -0.9125485091132999882 ) ) ;
#522 = CARTESIAN_POINT ( 'NONE',  ( 1.761184601749000045, -8.971878761773000477, 0.3111891463008002456 ) ) ;
#523 =( NAMED_UNIT ( * ) PLANE_ANGLE_UNIT ( ) SI_UNIT ( $, .RADIAN. ) );
#524 = CARTESIAN_POINT ( 'NONE',  ( -1.479558265381998972, -9.032672647604991667, -0.3443597241455000901 ) ) ;
#525 = CARTESIAN_POINT ( 'NONE',  ( 2.247574132214204656, -10.46584956857613413, 0.4888586083362627677 ) ) ;
#526 = CARTESIAN_POINT ( 'NONE',  ( 1.727999145718000173, -9.505000276506999413, 0.6502529488748000075 ) ) ;
#527 = FILL_AREA_STYLE ('',( #3779 ) ) ;
#528 = DIRECTION ( 'NONE',  ( -8.659560562354940254E-17, -8.659560562354940254E-17, -1.000000000000000000 ) ) ;
#529 = VERTEX_POINT ( 'NONE', #3838 ) ;
#530 = CARTESIAN_POINT ( 'NONE',  ( -2.379269950767018749, -10.20246465023820548, -0.8354471499832288872 ) ) ;
#531 = FILL_AREA_STYLE_COLOUR ( '', #3295 ) ;
#532 = UNCERTAINTY_MEASURE_WITH_UNIT (LENGTH_MEASURE( 1.000000000000000082E-05 ), #499, 'distance_accuracy_value', 'NONE');
#533 = EDGE_CURVE ( 'NONE', #4008, #5347, #3060, .T. ) ;
#534 = SURFACE_STYLE_USAGE ( .BOTH. , #2550 ) ;
#535 = CARTESIAN_POINT ( 'NONE',  ( 3.272926087099999215, -1.476606433430001086, 0.8832555743216996547 ) ) ;
#536 = ORIENTED_EDGE ( 'NONE', *, *, #2296, .T. ) ;
#537 = PRESENTATION_LAYER_ASSIGNMENT (  '', '', ( #3690 ) ) ;
#538 = CARTESIAN_POINT ( 'NONE',  ( -3.559056807215999374, -1.152087444399000571, -0.6115148726568996329 ) ) ;
#539 = SURFACE_STYLE_FILL_AREA ( #87 ) ;
#540 = EDGE_CURVE ( 'NONE', #5264, #5307, #320, .T. ) ;
#541 = VERTEX_POINT ( 'NONE', #1547 ) ;
#542 = CARTESIAN_POINT ( 'NONE',  ( 3.399994922917998430, -1.864454775851998702, 0.4557132064313000330 ) ) ;
#543 =( NAMED_UNIT ( * ) PLANE_ANGLE_UNIT ( ) SI_UNIT ( $, .RADIAN. ) );
#544 = CARTESIAN_POINT ( 'NONE',  ( 1.846091043378000007, -9.173120313823996952, 0.7268129812687005309 ) ) ;
#545 = CARTESIAN_POINT ( 'NONE',  ( -1.756408905756000838, -9.762814923802999090, -0.5056420057733997941 ) ) ;
#546 =( LENGTH_UNIT ( ) NAMED_UNIT ( * ) SI_UNIT ( .MILLI., .METRE. ) );
#547 = SURFACE_STYLE_USAGE ( .BOTH. , #2933 ) ;
#548 =( GEOMETRIC_REPRESENTATION_CONTEXT ( 3 ) GLOBAL_UNCERTAINTY_ASSIGNED_CONTEXT ( ( #4228 ) ) GLOBAL_UNIT_ASSIGNED_CONTEXT ( ( #4321, #983, #1461 ) ) REPRESENTATION_CONTEXT ( 'NONE', 'WORKASPACE' ) );
#549 = ORIENTED_EDGE ( 'NONE', *, *, #3259, .T. ) ;
#550 = MECHANICAL_DESIGN_GEOMETRIC_PRESENTATION_REPRESENTATION (  '', ( #1873 ), #214 ) ;
#551 = CARTESIAN_POINT ( 'NONE',  ( -3.311773508317071180, -2.153027908162651993, -0.2979424781041233872 ) ) ;
#552 = CARTESIAN_POINT ( 'NONE',  ( -1.623641722108852381, -9.713724129806296403, -0.8093507493495691874 ) ) ;
#553 = CARTESIAN_POINT ( 'NONE',  ( -2.107276619989002064, -10.22901760889999778, -0.6563075478823003905 ) ) ;
#554 = CARTESIAN_POINT ( 'NONE',  ( -1.956789223642001918, -8.749935200663996326, -0.6177242752703995254 ) ) ;
#555 = STYLED_ITEM ( 'NONE', ( #3445 ), #878 ) ;
#556 = CARTESIAN_POINT ( 'NONE',  ( 1.678119436569001310, -8.844382332954987547, 0.08516821928259990515 ) ) ;
#557 = CARTESIAN_POINT ( 'NONE',  ( -1.726015712056001794, -9.366119422005004580, -0.5934282391177998495 ) ) ;
#558 = PRESENTATION_LAYER_ASSIGNMENT (  '', '', ( #963 ) ) ;
#559 = CARTESIAN_POINT ( 'NONE',  ( -1.818326138363038913, -9.175167535697294596, -0.4100695132326919734 ) ) ;
#560 = CARTESIAN_POINT ( 'NONE',  ( 1.628716505137165482, -9.306429917762164550, 0.8063495227657282438 ) ) ;
#561 = ORIENTED_EDGE ( 'NONE', *, *, #5375, .F. ) ;
#562 = CARTESIAN_POINT ( 'NONE',  ( 2.080878415747998922, -8.815222536562997036, 0.4282201046057999561 ) ) ;
#563 = SURFACE_STYLE_USAGE ( .BOTH. , #5001 ) ;
#564 = STYLED_ITEM ( 'NONE', ( #6266 ), #4939 ) ;
#565 = COLOUR_RGB ( '',0.9411764705882352811, 0.9921568627450980671, 0.007843137254901960675 ) ;
#566 =( GEOMETRIC_REPRESENTATION_CONTEXT ( 3 ) GLOBAL_UNCERTAINTY_ASSIGNED_CONTEXT ( ( #4661 ) ) GLOBAL_UNIT_ASSIGNED_CONTEXT ( ( #5544, #2632, #4056 ) ) REPRESENTATION_CONTEXT ( 'NONE', 'WORKASPACE' ) );
#567 = SURFACE_STYLE_FILL_AREA ( #2009 ) ;
#568 =( NAMED_UNIT ( * ) SI_UNIT ( $, .STERADIAN. ) SOLID_ANGLE_UNIT ( ) );
#569 = ORIENTED_EDGE ( 'NONE', *, *, #3413, .T. ) ;
#570 = CARTESIAN_POINT ( 'NONE',  ( 1.574330367249757723, -1.436451260900395210, 0.5999716099646357215 ) ) ;
#571 = SPHERICAL_SURFACE ( 'NONE', #4315, 0.2550000000000000044 ) ;
#572 = FILL_AREA_STYLE_COLOUR ( '', #5803 ) ;
#573 = AXIS2_PLACEMENT_3D ( 'NONE', #3220, #5145, #795 ) ;
#574 = VERTEX_POINT ( 'NONE', #2028 ) ;
#575 = CARTESIAN_POINT ( 'NONE',  ( 1.561359545129178183, -1.701174395485524737, 0.8498705117440397139 ) ) ;
#576 = CARTESIAN_POINT ( 'NONE',  ( -1.660337409612000048, -8.815580844861001353, -0.9628730246791004088 ) ) ;
#577 = CARTESIAN_POINT ( 'NONE',  ( 1.999576493026000046, -9.260038434609995761, 0.6189676872471999713 ) ) ;
#578 = CARTESIAN_POINT ( 'NONE',  ( -1.723239249707001486, -9.769942604796003849, -0.4842308308568997188 ) ) ;
#579 = CARTESIAN_POINT ( 'NONE',  ( 1.958100544928998321, -10.24788606397000557, 0.5117082703150999112 ) ) ;
#580 = CARTESIAN_POINT ( 'NONE',  ( 3.000967685352359915, -1.378417702364833630, 0.9376086763349328335 ) ) ;
#581 = ORIENTED_EDGE ( 'NONE', *, *, #2131, .F. ) ;
#582 = CARTESIAN_POINT ( 'NONE',  ( -2.982036435566937094, -2.590363838149007503, 0.001787620044707064404 ) ) ;
#583 = CARTESIAN_POINT ( 'NONE',  ( -1.572878215020041326, -9.815234388037204383, -0.8370907412292164507 ) ) ;
#584 = CARTESIAN_POINT ( 'NONE',  ( -2.473952380986001565, -9.015262606340005647, -0.8551906021796011892 ) ) ;
#585 = CARTESIAN_POINT ( 'NONE',  ( 1.999582384992002471, -9.260337573205012163, 0.5989466902273996585 ) ) ;
#586 = CARTESIAN_POINT ( 'NONE',  ( 0.005498050678581356022, -3.699995915057032736, 0.5999999999999998668 ) ) ;
#587 = CARTESIAN_POINT ( 'NONE',  ( -1.805575760301998844, -8.977151694478999744, -0.1569776270517002636 ) ) ;
#588 = CARTESIAN_POINT ( 'NONE',  ( 2.373082872339815186, -10.21483086745637969, 0.3671615901107576074 ) ) ;
#589 = DIRECTION ( 'NONE',  ( 0.02454924252404932020, 0.000000000000000000, -0.9996986219313775957 ) ) ;
#590 = ORIENTED_EDGE ( 'NONE', *, *, #421, .F. ) ;
#591 = CARTESIAN_POINT ( 'NONE',  ( 1.551428463594998197, -1.486133849541998897, 0.3999866666868999165 ) ) ;
#592 = FILL_AREA_STYLE_COLOUR ( '', #3768 ) ;
#593 =( LENGTH_UNIT ( ) NAMED_UNIT ( * ) SI_UNIT ( .MILLI., .METRE. ) );
#594 = CARTESIAN_POINT ( 'NONE',  ( 2.511121221459001518, -8.721815257084005069, 0.8888113441054006358 ) ) ;
#595 = CARTESIAN_POINT ( 'NONE',  ( 3.145703142721998358, -1.404470796856999604, 0.9081114631177009677 ) ) ;
#596 = CARTESIAN_POINT ( 'NONE',  ( -2.478000000000000203, -9.004996341983000363, -0.3450000000262000155 ) ) ;
#597 = CARTESIAN_POINT ( 'NONE',  ( -3.111641552555001855, -1.207812700564000030, -0.5740356671852998582 ) ) ;
#598 = VERTEX_POINT ( 'NONE', #586 ) ;
#599 =( NAMED_UNIT ( * ) SI_UNIT ( $, .STERADIAN. ) SOLID_ANGLE_UNIT ( ) );
#600 = ADVANCED_FACE ( 'NONE', ( #3553 ), #2961, .T. ) ;
#601 = CARTESIAN_POINT ( 'NONE',  ( 1.512158256158234737, -9.936808465731747475, 0.8530832481528759503 ) ) ;
#602 =( BOUNDED_SURFACE ( )  B_SPLINE_SURFACE ( 3, 3, ( 
 ( #844, #1285, #4312, #882, #2784, #3230, #5153, #4715, #372, #1009, #1075, #3901, #5789, #5384, #1043, #5893, #524, #4967, #5827 ),
 ( #3934, #4936, #557, #2979, #1548, #130, #3962, #1485, #5928, #2508, #3431, #2541, #1579, #3465, #2477, #3996, #2441, #2061, #4443 ),
 ( #1997, #973, #3527, #5420, #4414, #4473, #5455, #1454, #5355, #1102, #4897, #2912, #3035, #616, #2943, #102, #2571, #4506, #3397 ),
 ( #4837, #5861, #1516, #2029, #3502, #5320, #4867, #4377, #69, #3009, #157, #2088, #491, #587, #32, #1963, #4022, #4136, #5478 ) ),
 .UNSPECIFIED., .F., .F., .T. ) 
 B_SPLINE_SURFACE_WITH_KNOTS ( ( 4, 4 ),
 ( 4, 1, 1, 1, 1, 1, 1, 1, 1, 1, 1, 1, 1, 1, 1, 1, 4 ),
 ( 0.000000000000000000, 1.000000000000000000 ),
 ( 0.01608172152893000070, 0.04808747996918000256, 0.09949668478560000362, 0.1561804750470000003, 0.2201095350020999819, 0.2906991779656999952, 0.3619065133752999985, 0.4274775215959000230, 0.4951149986135999770, 0.5654679784900999984, 0.6346367485309000189, 0.6992140028176999644, 0.7600453407145000284, 0.8248573667891000438, 0.9020237497024999884, 1.000000000000000000, 1.009414720250000119 ),
 .UNSPECIFIED. ) 
 GEOMETRIC_REPRESENTATION_ITEM ( )  RATIONAL_B_SPLINE_SURFACE ( (
 ( 1.194558181534000063, 1.194558181534000063, 1.194558181534000063, 1.194558181534000063, 1.194558181534000063, 1.194558181534000063, 1.194558181534000063, 1.194558181534000063, 1.194558181534000063, 1.194558181534000063, 1.194558181534000063, 1.194558181534000063, 1.194558181534000063, 1.194558181534000063, 1.194558181534000063, 1.194558181534000063, 1.194558181534000063, 1.194558181534000063, 1.194558181534000063),
 ( 0.9351472728219000219, 0.9351472728219000219, 0.9351472728219000219, 0.9351472728219000219, 0.9351472728219000219, 0.9351472728219000219, 0.9351472728219000219, 0.9351472728219000219, 0.9351472728219000219, 0.9351472728219000219, 0.9351472728219000219, 0.9351472728219000219, 0.9351472728219000219, 0.9351472728219000219, 0.9351472728219000219, 0.9351472728219000219, 0.9351472728219000219, 0.9351472728219000219, 0.9351472728219000219),
 ( 0.9351472728219000219, 0.9351472728219000219, 0.9351472728219000219, 0.9351472728219000219, 0.9351472728219000219, 0.9351472728219000219, 0.9351472728219000219, 0.9351472728219000219, 0.9351472728219000219, 0.9351472728219000219, 0.9351472728219000219, 0.9351472728219000219, 0.9351472728219000219, 0.9351472728219000219, 0.9351472728219000219, 0.9351472728219000219, 0.9351472728219000219, 0.9351472728219000219, 0.9351472728219000219),
 ( 1.194558181534000063, 1.194558181534000063, 1.194558181534000063, 1.194558181534000063, 1.194558181534000063, 1.194558181534000063, 1.194558181534000063, 1.194558181534000063, 1.194558181534000063, 1.194558181534000063, 1.194558181534000063, 1.194558181534000063, 1.194558181534000063, 1.194558181534000063, 1.194558181534000063, 1.194558181534000063, 1.194558181534000063, 1.194558181534000063, 1.194558181534000063) ) ) 
 REPRESENTATION_ITEM ( '' )  SURFACE ( )  );
#603 = ORIENTED_EDGE ( 'NONE', *, *, #1095, .F. ) ;
#604 = CARTESIAN_POINT ( 'NONE',  ( -1.841591193729999576, -9.249533236646003687, -0.6188118539575002686 ) ) ;
#605 = CARTESIAN_POINT ( 'NONE',  ( 1.841591192381999642, -9.249533236583998175, 0.6188118537000997232 ) ) ;
#606 = CARTESIAN_POINT ( 'NONE',  ( -1.844122743501999118, -9.756822551767003304, -0.5996413739425997536 ) ) ;
#607 = CARTESIAN_POINT ( 'NONE',  ( -2.478000000000000203, -1.837987956972999992, -0.5999999999999999778 ) ) ;
#608 = DIRECTION ( 'NONE',  ( 0.9741993480662827221, -0.2256892337423956618, 0.000000000000000000 ) ) ;
#609 = EDGE_CURVE ( 'NONE', #3655, #470, #5903, .T. ) ;
#610 = CARTESIAN_POINT ( 'NONE',  ( -2.392401543489907301, -3.143394522099685950, 0.05240479988916987159 ) ) ;
#611 = DIRECTION ( 'NONE',  ( 0.000000000000000000, 1.434516482997486345E-05, 0.9999999998971081938 ) ) ;
#612 = VECTOR ( 'NONE', #1206, 1000.000000000000114 ) ;
#613 = COLOUR_RGB ( '',0.9411764705882352811, 0.9921568627450980671, 0.007843137254901960675 ) ;
#614 = CARTESIAN_POINT ( 'NONE',  ( -2.000558948969001438, -8.773171402594993395, -0.7087797122367996971 ) ) ;
#615 =( LENGTH_UNIT ( ) NAMED_UNIT ( * ) SI_UNIT ( .MILLI., .METRE. ) );
#616 = CARTESIAN_POINT ( 'NONE',  ( -1.761184602059997717, -8.971878761810003766, -0.3111891452208002118 ) ) ;
#617 = ADVANCED_FACE ( 'NONE', ( #4996 ), #645, .T. ) ;
#618 = STYLED_ITEM ( 'NONE', ( #1930 ), #269 ) ;
#619 = CARTESIAN_POINT ( 'NONE',  ( -1.518615634584137286, -9.025291188892197169, -0.8549999515819708407 ) ) ;
#620 = ORIENTED_EDGE ( 'NONE', *, *, #5091, .F. ) ;
#621 = CARTESIAN_POINT ( 'NONE',  ( 2.461652174287001227, -8.695008928000007131, 0.3428533943962000508 ) ) ;
#622 = FILL_AREA_STYLE_COLOUR ( '', #648 ) ;
#623 = MECHANICAL_DESIGN_GEOMETRIC_PRESENTATION_REPRESENTATION (  '', ( #6092 ), #824 ) ;
#624 = VECTOR ( 'NONE', #2105, 1000.000000000000114 ) ;
#625 = CARTESIAN_POINT ( 'NONE',  ( 3.548280895504779764, -1.431787257892055631, 0.5667049972623673382 ) ) ;
#626 = CARTESIAN_POINT ( 'NONE',  ( 3.220058779448999875, -1.003854791432999383, 0.6045566391192999101 ) ) ;
#627 = CARTESIAN_POINT ( 'NONE',  ( 2.324095105140620898, -10.08198650776402339, 0.3568772531721262631 ) ) ;
#628 = VERTEX_POINT ( 'NONE', #6099 ) ;
#629 = AXIS2_PLACEMENT_3D ( 'NONE', #3125, #3738, #1216 ) ;
#630 = CARTESIAN_POINT ( 'NONE',  ( 1.317912382617000278, -9.809287197786000334, 0.9487459276033002320 ) ) ;
#631 = ADVANCED_FACE ( 'NONE', ( #4171 ), #4676, .T. ) ;
#632 = AXIS2_PLACEMENT_3D ( 'NONE', #4071, #5022, #1691 ) ;
#633 = ORIENTED_EDGE ( 'NONE', *, *, #1664, .T. ) ;
#634 = AXIS2_PLACEMENT_3D ( 'NONE', #1100, #5925, #1994 ) ;
#635 =( LENGTH_UNIT ( ) NAMED_UNIT ( * ) SI_UNIT ( .MILLI., .METRE. ) );
#636 = CARTESIAN_POINT ( 'NONE',  ( -1.667777365865001027, -9.402121837475002408, -0.7717800308329997305 ) ) ;
#637 = SURFACE_SIDE_STYLE ('',( #4987 ) ) ;
#638 = CARTESIAN_POINT ( 'NONE',  ( -1.569680729928000229, -9.818726604707007866, -0.4087137195754999008 ) ) ;
#639 = PRESENTATION_STYLE_ASSIGNMENT (( #3058 ) ) ;
#640 = CARTESIAN_POINT ( 'NONE',  ( -2.334987912714999947, -8.796365943184998315, -0.4336625890415002349 ) ) ;
#641 = CARTESIAN_POINT ( 'NONE',  ( -2.154773255309959001, -8.843388621011003536, -0.7978439396088486957 ) ) ;
#642 = CARTESIAN_POINT ( 'NONE',  ( -1.538865096312107550, -9.883368597188864513, -0.8476993305644093812 ) ) ;
#643 = ADVANCED_FACE ( 'NONE', ( #6036 ), #3692, .F. ) ;
#644 = CARTESIAN_POINT ( 'NONE',  ( -2.450328096374998932, -9.003440996174006727, -0.8556401998925001751 ) ) ;
#645 = CYLINDRICAL_SURFACE ( 'NONE', #4575, 0.2550000000000000044 ) ;
#646 = CARTESIAN_POINT ( 'NONE',  ( -2.253650904805627242, -8.556289313792801110, -0.4773871014950958891 ) ) ;
#647 = AXIS2_PLACEMENT_3D ( 'NONE', #5254, #2352, #375 ) ;
#648 = COLOUR_RGB ( '',0.8039215686274510109, 0.8039215686274510109, 0.8039215686274510109 ) ;
#649 = SURFACE_STYLE_FILL_AREA ( #1105 ) ;
#650 = CARTESIAN_POINT ( 'NONE',  ( 2.303782856253998812, -8.517808701892993994, 0.3653705169711999878 ) ) ;
#651 = CARTESIAN_POINT ( 'NONE',  ( 2.478000000000000203, -1.378000000000000114, 0.5999999999999999778 ) ) ;
#652 = CARTESIAN_POINT ( 'NONE',  ( -1.819171838187001233, -1.372108560149998713, -1.064646300748999908 ) ) ;
#653 = UNCERTAINTY_MEASURE_WITH_UNIT (LENGTH_MEASURE( 1.000000000000000082E-05 ), #4355, 'distance_accuracy_value', 'NONE');
#654 = CARTESIAN_POINT ( 'NONE',  ( 3.178332007349000676, -1.417058976415998206, 0.9008375090303001320 ) ) ;
#655 = CARTESIAN_POINT ( 'NONE',  ( 2.046154299532877641, -10.22093558820461645, 0.4631592596996185751 ) ) ;
#656 = ORIENTED_EDGE ( 'NONE', *, *, #3840, .T. ) ;
#657 = CARTESIAN_POINT ( 'NONE',  ( 1.745011114786997775, -9.765080820746995016, 0.7021796475039999708 ) ) ;
#658 = CIRCLE ( 'NONE', #4716, 0.2550000000000000044 ) ;
#659 = ORIENTED_EDGE ( 'NONE', *, *, #5484, .T. ) ;
#660 = SURFACE_STYLE_FILL_AREA ( #1146 ) ;
#661 = CARTESIAN_POINT ( 'NONE',  ( -1.910524004920000074, -1.247569628960999877, -0.6768670787030999225 ) ) ;
#662 = CARTESIAN_POINT ( 'NONE',  ( -3.385584398211999968, -2.002463845567000078, -0.4414161521518999987 ) ) ;
#663 = CARTESIAN_POINT ( 'NONE',  ( 1.642943754167998538, -9.934253337051002219, 0.3542911794331000674 ) ) ;
#664 = AXIS2_PLACEMENT_3D ( 'NONE', #4937, #131, #5456 ) ;
#665 = DIRECTION ( 'NONE',  ( 0.000000000000000000, -0.000000000000000000, -1.000000000000000000 ) ) ;
#666 =( LENGTH_UNIT ( ) NAMED_UNIT ( * ) SI_UNIT ( .MILLI., .METRE. ) );
#667 = AXIS2_PLACEMENT_3D ( 'NONE', #3713, #6079, #3233 ) ;
#668 = FILL_AREA_STYLE_COLOUR ( '', #3988 ) ;
#669 = CARTESIAN_POINT ( 'NONE',  ( -2.477997165371999877, -9.005000000000000782, -0.8549999999841999543 ) ) ;
#670 = CARTESIAN_POINT ( 'NONE',  ( -1.617157550441981950, -9.726700021420324305, -0.8137024134615360449 ) ) ;
#671 = CARTESIAN_POINT ( 'NONE',  ( -2.643767439882000136, -8.805848378165002543, -0.9543905577989002520 ) ) ;
#672 = DIRECTION ( 'NONE',  ( -1.000000000000000000, 0.000000000000000000, 0.000000000000000000 ) ) ;
#673 = ADVANCED_FACE ( 'NONE', ( #3596 ), #4124, .T. ) ;
#674 = SURFACE_STYLE_USAGE ( .BOTH. , #5026 ) ;
#675 = CARTESIAN_POINT ( 'NONE',  ( 2.478000000000000203, -9.004996347207999463, 0.3450000000262000155 ) ) ;
#676 = CARTESIAN_POINT ( 'NONE',  ( 2.230067897537997723, -8.643591520194005895, 0.6019840784372002540 ) ) ;
#677 = CARTESIAN_POINT ( 'NONE',  ( -1.724591006268998195, -1.182155061048000499, -0.6393960911630001132 ) ) ;
#678 = CARTESIAN_POINT ( 'NONE',  ( -2.965340002341999792, -1.378000184113999937, -0.9499999999999998446 ) ) ;
#679 = CARTESIAN_POINT ( 'NONE',  ( -3.699947289006215279, -0.01974990064687055444, -0.5999999999999999778 ) ) ;
#680 = CARTESIAN_POINT ( 'NONE',  ( 2.401972377448271523, -10.04310376713675090, 0.3473904746961818391 ) ) ;
#681 = ORIENTED_EDGE ( 'NONE', *, *, #5674, .F. ) ;
#682 = CARTESIAN_POINT ( 'NONE',  ( 1.844052200874997993, -9.756797634681994680, 0.5978355035998003109 ) ) ;
#683 = LINE ( 'NONE', #253, #5208 ) ;
#684 = EDGE_CURVE ( 'NONE', #3472, #4231, #5916, .T. ) ;
#685 = ORIENTED_EDGE ( 'NONE', *, *, #166, .T. ) ;
#686 = AXIS2_PLACEMENT_3D ( 'NONE', #4548, #733, #3668 ) ;
#687 = CARTESIAN_POINT ( 'NONE',  ( -1.972697612143000212, -1.124056304063000056, -0.6131799906056999427 ) ) ;
#688 = DIRECTION ( 'NONE',  ( -8.659560562354940254E-17, 8.659560562354940254E-17, -1.000000000000000000 ) ) ;
#689 = CARTESIAN_POINT ( 'NONE',  ( -1.708527221473001623, -9.497586434584997406, -0.4794705712609002579 ) ) ;
#690 = FACE_OUTER_BOUND ( 'NONE', #5626, .T. ) ;
#691 = CARTESIAN_POINT ( 'NONE',  ( -3.427020835362999840, -1.828143773237000058, -0.5553760890586000309 ) ) ;
#692 =( NAMED_UNIT ( * ) SI_UNIT ( $, .STERADIAN. ) SOLID_ANGLE_UNIT ( ) );
#693 =( GEOMETRIC_REPRESENTATION_CONTEXT ( 3 ) GLOBAL_UNCERTAINTY_ASSIGNED_CONTEXT ( ( #3020 ) ) GLOBAL_UNIT_ASSIGNED_CONTEXT ( ( #201, #1812, #1752 ) ) REPRESENTATION_CONTEXT ( 'NONE', 'WORKASPACE' ) );
#694 = CARTESIAN_POINT ( 'NONE',  ( -1.932366032125213406, -1.080549548326537268, -0.6000034242021911046 ) ) ;
#695 =( LENGTH_UNIT ( ) NAMED_UNIT ( * ) SI_UNIT ( .MILLI., .METRE. ) );
#696 = DIRECTION ( 'NONE',  ( 0.000000000000000000, -1.000000000000000000, 0.000000000000000000 ) ) ;
#697 = CARTESIAN_POINT ( 'NONE',  ( -2.283592201566989832, -8.616188964796764438, -0.4339904389269312324 ) ) ;
#698 = ADVANCED_FACE ( 'NONE', ( #4001 ), #1094, .F. ) ;
#699 = EDGE_CURVE ( 'NONE', #3052, #2673, #1650, .T. ) ;
#700 = CIRCLE ( 'NONE', #5166, 0.2549988548222000273 ) ;
#701 = AXIS2_PLACEMENT_3D ( 'NONE', #5537, #4947, #1185 ) ;
#702 = CARTESIAN_POINT ( 'NONE',  ( 3.421581599236000137, -1.727999999999999980, 0.7102441686503000451 ) ) ;
#703 = CARTESIAN_POINT ( 'NONE',  ( 2.222752837567325557, -8.877374789325152449, 0.3786920607173167586 ) ) ;
#704 = CARTESIAN_POINT ( 'NONE',  ( 2.222654531687997981, -10.52673610901999446, 0.5986201527340002659 ) ) ;
#705 = CARTESIAN_POINT ( 'NONE',  ( 2.377914993550999778, -8.811476752743990559, 0.4148795484345001450 ) ) ;
#706 = CARTESIAN_POINT ( 'NONE',  ( -2.478000000000000203, -1.704999999999999849, -0.5999999999999999778 ) ) ;
#707 = CARTESIAN_POINT ( 'NONE',  ( -1.694710554522997681, -1.244394948562999259, -0.6803486085803004402 ) ) ;
#708 = CIRCLE ( 'NONE', #2236, 0.2550000000000000044 ) ;
#709 = UNCERTAINTY_MEASURE_WITH_UNIT (LENGTH_MEASURE( 1.000000000000000082E-05 ), #546, 'distance_accuracy_value', 'NONE');
#710 = FACE_OUTER_BOUND ( 'NONE', #4982, .T. ) ;
#711 = CARTESIAN_POINT ( 'NONE',  ( 1.836999838502999971, -3.211812836983999997, 0.6000000022515000753 ) ) ;
#712 = CARTESIAN_POINT ( 'NONE',  ( -2.383458769505029551, -8.815918326250251624, -0.8368353736967384382 ) ) ;
#713 = AXIS2_PLACEMENT_3D ( 'NONE', #4021, #5927, #2597 ) ;
#714 = ORIENTED_EDGE ( 'NONE', *, *, #5222, .T. ) ;
#715 = CARTESIAN_POINT ( 'NONE',  ( 1.729463361050998627, -9.493374741589995836, 0.6472634791316997926 ) ) ;
#716 = CARTESIAN_POINT ( 'NONE',  ( -3.547957958945582746, -1.425574726207948340, -0.5682150315515140937 ) ) ;
#717 = CARTESIAN_POINT ( 'NONE',  ( 1.609688831509682005, -9.741648051655273477, 0.8185073810411118700 ) ) ;
#718 = EDGE_CURVE ( 'NONE', #5242, #4814, #4161, .T. ) ;
#719 = STYLED_ITEM ( 'NONE', ( #2191 ), #5291 ) ;
#720 = ORIENTED_EDGE ( 'NONE', *, *, #1640, .T. ) ;
#721 = AXIS2_PLACEMENT_3D ( 'NONE', #4309, #2910, #1451 ) ;
#722 = ORIENTED_EDGE ( 'NONE', *, *, #3813, .T. ) ;
#723 = CARTESIAN_POINT ( 'NONE',  ( -1.989825043011999917, -1.052781128345999795, -0.6005794168751000806 ) ) ;
#724 = CARTESIAN_POINT ( 'NONE',  ( 2.477999625704437658, -3.076039300252704223, -0.07245442334078593116 ) ) ;
#725 = STYLED_ITEM ( 'NONE', ( #6200 ), #2971 ) ;
#726 = ADVANCED_FACE ( 'NONE', ( #881 ), #1984, .F. ) ;
#727 = PRESENTATION_STYLE_ASSIGNMENT (( #2737 ) ) ;
#728 = PRODUCT_RELATED_PRODUCT_CATEGORY ( 'part', '', ( #6061 ) ) ;
#729 = CARTESIAN_POINT ( 'NONE',  ( -2.214966867489002844, -8.763547793842999312, -0.4999483023462003017 ) ) ;
#730 = CARTESIAN_POINT ( 'NONE',  ( -2.454934948297840869, -8.993465645197000313, -0.3450017082027723170 ) ) ;
#731 = CARTESIAN_POINT ( 'NONE',  ( 2.372073048936034212, -8.793137605261179601, 0.3674654607814384355 ) ) ;
#732 =( GEOMETRIC_REPRESENTATION_CONTEXT ( 3 ) GLOBAL_UNCERTAINTY_ASSIGNED_CONTEXT ( ( #1559 ) ) GLOBAL_UNIT_ASSIGNED_CONTEXT ( ( #5851, #3859, #5751 ) ) REPRESENTATION_CONTEXT ( 'NONE', 'WORKASPACE' ) );
#733 = DIRECTION ( 'NONE',  ( -3.357504750413999762E-10, 0.000000000000000000, 1.000000000000000000 ) ) ;
#734 = CARTESIAN_POINT ( 'NONE',  ( -2.547692315475001745, -8.716037466992011318, -1.070168481112998782 ) ) ;
#735 = DIRECTION ( 'NONE',  ( 0.000000000000000000, 0.000000000000000000, -1.000000000000000000 ) ) ;
#736 = DIRECTION ( 'NONE',  ( -8.659560562354940254E-17, -8.659560562354940254E-17, -1.000000000000000000 ) ) ;
#737 = EDGE_CURVE ( 'NONE', #1972, #3753, #2156, .T. ) ;
#738 = CYLINDRICAL_SURFACE ( 'NONE', #5011, 0.2550000000000000044 ) ;
#739 = FACE_OUTER_BOUND ( 'NONE', #1815, .T. ) ;
#740 = CARTESIAN_POINT ( 'NONE',  ( -3.421581666159999813, -1.727999999999999980, -0.7102435859283999786 ) ) ;
#741 = CARTESIAN_POINT ( 'NONE',  ( 2.454200328651999552, -10.07699318479999206, 0.3450904220792000432 ) ) ;
#742 = CARTESIAN_POINT ( 'NONE',  ( 2.562076328952998416, -8.889655881367003687, 0.3562820296385001417 ) ) ;
#743 = SURFACE_SIDE_STYLE ('',( #2724 ) ) ;
#744 = CARTESIAN_POINT ( 'NONE',  ( -1.604061676237002576, -1.158917919167999244, -0.4649626712755000058 ) ) ;
#745 = LINE ( 'NONE', #2694, #5735 ) ;
#746 = CARTESIAN_POINT ( 'NONE',  ( -2.478078083506999985, -1.916979293243999960, -1.540969745425999848 ) ) ;
#747 = COLOUR_RGB ( '',0.9411764705882352811, 0.9921568627450980671, 0.007843137254901960675 ) ;
#748 = CARTESIAN_POINT ( 'NONE',  ( 2.226094345882714265, -10.50881368170274932, 0.6432857867933936546 ) ) ;
#749 = MECHANICAL_DESIGN_GEOMETRIC_PRESENTATION_REPRESENTATION (  '', ( #3517 ), #4607 ) ;
#750 = CARTESIAN_POINT ( 'NONE',  ( 2.356656673414319059, -10.06575761105292877, 0.3522236289812945564 ) ) ;
#751 = VERTEX_POINT ( 'NONE', #463 ) ;
#752 = CARTESIAN_POINT ( 'NONE',  ( 1.707833850235998430, -9.773800193079003051, 0.7251169531890997444 ) ) ;
#753 = FILL_AREA_STYLE_COLOUR ( '', #5066 ) ;
#754 = CARTESIAN_POINT ( 'NONE',  ( -3.549124923796581399, -1.463121729145538286, -0.5586369381564862957 ) ) ;
#755 = CARTESIAN_POINT ( 'NONE',  ( 2.230011819387002880, -10.36630599152999643, 0.5980137638056002292 ) ) ;
#756 =( GEOMETRIC_REPRESENTATION_CONTEXT ( 3 ) GLOBAL_UNCERTAINTY_ASSIGNED_CONTEXT ( ( #1807 ) ) GLOBAL_UNIT_ASSIGNED_CONTEXT ( ( #2993, #5439, #599 ) ) REPRESENTATION_CONTEXT ( 'NONE', 'WORKASPACE' ) );
#757 = ORIENTED_EDGE ( 'NONE', *, *, #6091, .F. ) ;
#758 = ORIENTED_EDGE ( 'NONE', *, *, #1005, .F. ) ;
#759 = CARTESIAN_POINT ( 'NONE',  ( -1.839523239124002618, -9.252760346351003307, -0.6070276520766001438 ) ) ;
#760 = CARTESIAN_POINT ( 'NONE',  ( -1.732830069373002102, -9.493079258938992737, -0.5830497674216998938 ) ) ;
#761 = CARTESIAN_POINT ( 'NONE',  ( -2.476019065872002933, -9.016297183899993684, -0.3448548380212999587 ) ) ;
#762 = STYLED_ITEM ( 'NONE', ( #2140 ), #4823 ) ;
#763 = ORIENTED_EDGE ( 'NONE', *, *, #3240, .T. ) ;
#764 = CARTESIAN_POINT ( 'NONE',  ( -1.975046690349486767, -8.753522447405533313, -0.5538499635382642117 ) ) ;
#765 =( GEOMETRIC_REPRESENTATION_CONTEXT ( 3 ) GLOBAL_UNCERTAINTY_ASSIGNED_CONTEXT ( ( #5483 ) ) GLOBAL_UNIT_ASSIGNED_CONTEXT ( ( #4785, #4316, #2315 ) ) REPRESENTATION_CONTEXT ( 'NONE', 'WORKASPACE' ) );
#766 = CARTESIAN_POINT ( 'NONE',  ( -2.362655880890001558, -9.920923672064004606, -0.3562820298832001242 ) ) ;
#767 = CARTESIAN_POINT ( 'NONE',  ( 2.417242392752923408, -8.883656680569572472, 0.3522236280498369232 ) ) ;
#768 = CARTESIAN_POINT ( 'NONE',  ( -3.399806629884001730, -1.642334630718001565, -0.7916147412507997805 ) ) ;
#769 = CARTESIAN_POINT ( 'NONE',  ( -2.397731292073998155, -8.665196273104994518, -0.8092610884238996549 ) ) ;
#770 = CARTESIAN_POINT ( 'NONE',  ( -2.329636456041697112, -8.708344452381608036, -0.3923885882295372052 ) ) ;
#771 = STYLED_ITEM ( 'NONE', ( #2370 ), #4070 ) ;
#772 = CYLINDRICAL_SURFACE ( 'NONE', #1271, 0.2550000000000000044 ) ;
#773 = CARTESIAN_POINT ( 'NONE',  ( -1.528000000000000025, -1.837987887326999914, -0.5999999999999999778 ) ) ;
#774 = CARTESIAN_POINT ( 'NONE',  ( 2.277769667239997631, -9.840750749972000833, 0.2461544648679999114 ) ) ;
#775 = CARTESIAN_POINT ( 'NONE',  ( 1.667096964032998896, -9.093272500515995560, 0.4101293070616996994 ) ) ;
#776 = CARTESIAN_POINT ( 'NONE',  ( 1.223000000000000087, -10.00500000000000078, 0.5999999999999999778 ) ) ;
#777 = CARTESIAN_POINT ( 'NONE',  ( -1.575929673801999664, -1.239081444443000501, -0.4931804034290998007 ) ) ;
#778 = FACE_OUTER_BOUND ( 'NONE', #4636, .T. ) ;
#779 = DIRECTION ( 'NONE',  ( -0.9999999999999998890, 0.000000000000000000, -9.533802992324102671E-09 ) ) ;
#780 = CARTESIAN_POINT ( 'NONE',  ( 1.869463101515617565, -3.356005513105091431, 0.5655426309796576234 ) ) ;
#781 = CARTESIAN_POINT ( 'NONE',  ( -1.836983522341000041, -3.211741170929999889, -0.6000000022515000753 ) ) ;
#782 = ORIENTED_EDGE ( 'NONE', *, *, #1162, .T. ) ;
#783 = CARTESIAN_POINT ( 'NONE',  ( 1.521111314933000003, -1.432787574628999971, 0.6595400392278004675 ) ) ;
#784 = CARTESIAN_POINT ( 'NONE',  ( 2.219413390264997954, -9.930097328924997413, 0.9125485091132999882 ) ) ;
#785 = UNCERTAINTY_MEASURE_WITH_UNIT (LENGTH_MEASURE( 1.000000000000000082E-05 ), #666, 'distance_accuracy_value', 'NONE');
#786 = ORIENTED_EDGE ( 'NONE', *, *, #5574, .F. ) ;
#787 = ORIENTED_EDGE ( 'NONE', *, *, #190, .T. ) ;
#788 = CARTESIAN_POINT ( 'NONE',  ( -3.079376049334002552, -1.372328889080000280, -0.7104000981897006239 ) ) ;
#789 = CARTESIAN_POINT ( 'NONE',  ( 1.477999999999999980, -9.005000000000000782, 0.5999999999999999778 ) ) ;
#790 = DIRECTION ( 'NONE',  ( 0.9996965809330075059, 0.000000000000000000, 0.02463221611741021888 ) ) ;
#791 = CARTESIAN_POINT ( 'NONE',  ( -1.839061902283000149, -9.756277121105998873, -0.6193368300306004715 ) ) ;
#792 = B_SPLINE_CURVE_WITH_KNOTS ( 'NONE', 3,
 ( #142, #2489, #85, #1086, #1527, #1590, #2525, #1465, #2012, #2424, #3513, #1974, #2895, #1938, #5908, #2077, #3916, #989, #4948, #1057, #113, #4358, #3976, #2992, #5938, #4914, #3482, #9, #2924, #3880, #5401, #4849, #3410, #503, #2457, #570, #5843, #3444, #1564, #4455, #5365 ),
 .UNSPECIFIED., .F., .F.,
 ( 4, 2, 2, 1, 2, 2, 2, 2, 2, 2, 2, 2, 2, 2, 2, 2, 2, 2, 2, 2, 4 ),
 ( 0.000000000000000000, 0.06249999999998956390, 0.09374999999998405442, 0.1093749999999813066, 0.1171874999999802519, 0.1249999999999791833, 0.1874999999999793776, 0.2187499999999789058, 0.2343749999999786837, 0.2421874999999787670, 0.2499999999999788503, 0.3124999999999810152, 0.3749999999999832356, 0.4374999999999854561, 0.4687499999999865663, 0.4999999999999876765, 0.6249999999999908962, 0.6874999999999924505, 0.7187499999999932276, 0.7499999999999940048, 1.000000000000000000 ),
 .UNSPECIFIED. ) ;
#793 = CARTESIAN_POINT ( 'NONE',  ( -2.380236571316999949, -8.658101735073003624, -0.4053052506437000435 ) ) ;
#794 = ORIENTED_EDGE ( 'NONE', *, *, #5432, .T. ) ;
#795 = DIRECTION ( 'NONE',  ( 0.000000000000000000, 1.432467644638167532E-05, -0.9999999998974018478 ) ) ;
#796 = SURFACE_STYLE_USAGE ( .BOTH. , #1625 ) ;
#797 = CARTESIAN_POINT ( 'NONE',  ( -1.990659757237000171, -1.028000000000000025, -0.6000000574253999686 ) ) ;
#798 = CARTESIAN_POINT ( 'NONE',  ( -3.406863068724002463, -1.354407879176000140, -0.5907790446158998066 ) ) ;
#799 = CARTESIAN_POINT ( 'NONE',  ( -2.598521761435000244, -8.764766008948004838, -1.097890506134999278 ) ) ;
#800 = AXIS2_PLACEMENT_3D ( 'NONE', #5855, #4963, #5415 ) ;
#801 = CARTESIAN_POINT ( 'NONE',  ( 1.605380579826999332, -9.953267924494998198, 0.8505151862222002368 ) ) ;
#802 = EDGE_CURVE ( 'NONE', #3599, #4688, #4626, .T. ) ;
#803 = COLOUR_RGB ( '',0.9411764705882352811, 0.9921568627450980671, 0.007843137254901960675 ) ;
#804 = DIRECTION ( 'NONE',  ( -1.000000000000000000, 0.000000000000000000, 0.000000000000000000 ) ) ;
#805 = CARTESIAN_POINT ( 'NONE',  ( 1.728051831764999990, -9.504934365040000444, 0.5500105306246000358 ) ) ;
#806 = CARTESIAN_POINT ( 'NONE',  ( 3.398110148563197708, -1.632004574627659688, 0.7851522464476894392 ) ) ;
#807 = SURFACE_SIDE_STYLE ('',( #5188 ) ) ;
#808 = EDGE_CURVE ( 'NONE', #2853, #5360, #5083, .T. ) ;
#809 = FACE_OUTER_BOUND ( 'NONE', #3280, .T. ) ;
#810 = FACE_OUTER_BOUND ( 'NONE', #3534, .T. ) ;
#811 = COLOUR_RGB ( '',0.8039215686274510109, 0.8039215686274510109, 0.8039215686274510109 ) ;
#812 = PRESENTATION_LAYER_ASSIGNMENT (  '', '', ( #5380 ) ) ;
#813 = CARTESIAN_POINT ( 'NONE',  ( -1.947695771220596450, -9.239848224315018399, -0.5002820194031507572 ) ) ;
#814 = LINE ( 'NONE', #4839, #1469 ) ;
#815 = CARTESIAN_POINT ( 'NONE',  ( -0.005498050678581691691, 3.699995915057033180, 0.5999999999999998668 ) ) ;
#816 = CARTESIAN_POINT ( 'NONE',  ( -2.315204396705099921, -10.08641438934246715, -0.3583148884343086982 ) ) ;
#817 = VERTEX_POINT ( 'NONE', #5926 ) ;
#818 = CARTESIAN_POINT ( 'NONE',  ( 1.889569866929999398, -1.321027471601001535, 0.7570374882492002522 ) ) ;
#819 = CARTESIAN_POINT ( 'NONE',  ( -1.569097476472999908, -9.822804920536999163, -0.3615804870609999888 ) ) ;
#820 = AXIS2_PLACEMENT_3D ( 'NONE', #5216, #2404, #2339 ) ;
#821 = TOROIDAL_SURFACE ( 'NONE', #4379, 0.5999999999999999778, 0.3499999999999999778 ) ;
#822 = CARTESIAN_POINT ( 'NONE',  ( 1.984722914693000106, -10.18935955581999941, 0.8182606314142999437 ) ) ;
#823 = CARTESIAN_POINT ( 'NONE',  ( 3.739678310266000061, -1.769256667906001335, 0.3432215114017999613 ) ) ;
#824 =( GEOMETRIC_REPRESENTATION_CONTEXT ( 3 ) GLOBAL_UNCERTAINTY_ASSIGNED_CONTEXT ( ( #409 ) ) GLOBAL_UNIT_ASSIGNED_CONTEXT ( ( #5024, #1578, #4966 ) ) REPRESENTATION_CONTEXT ( 'NONE', 'WORKASPACE' ) );
#825 = VERTEX_POINT ( 'NONE', #2539 ) ;
#826 = PRESENTATION_STYLE_ASSIGNMENT (( #5236 ) ) ;
#827 = CARTESIAN_POINT ( 'NONE',  ( -2.477996344903000026, -10.00500000000000078, -0.3450000000262000155 ) ) ;
#828 = CARTESIAN_POINT ( 'NONE',  ( 1.723239249706998377, -9.769942604795998520, 0.4842308308570001940 ) ) ;
#829 = CARTESIAN_POINT ( 'NONE',  ( -2.541395681256998884, -8.710101097286992555, -0.1335555274673998205 ) ) ;
#830 = VERTEX_POINT ( 'NONE', #128 ) ;
#831 = CIRCLE ( 'NONE', #1229, 0.9409697611113002624 ) ;
#832 = DIRECTION ( 'NONE',  ( -0.8122378398451747250, -3.459000977304189848E-07, 0.5833264022170816521 ) ) ;
#833 = SURFACE_SIDE_STYLE ('',( #3797 ) ) ;
#834 = CARTESIAN_POINT ( 'NONE',  ( -3.478747520719001951, -1.415670695551000335, -0.5589902798407004880 ) ) ;
#835 = CARTESIAN_POINT ( 'NONE',  ( 2.288918325148701527, -10.09954123104061630, 0.8368353734791309506 ) ) ;
#836 =( GEOMETRIC_REPRESENTATION_CONTEXT ( 3 ) GLOBAL_UNCERTAINTY_ASSIGNED_CONTEXT ( ( #4032 ) ) GLOBAL_UNIT_ASSIGNED_CONTEXT ( ( #5150, #1448, #3770 ) ) REPRESENTATION_CONTEXT ( 'NONE', 'WORKASPACE' ) );
#837 = PRESENTATION_LAYER_ASSIGNMENT (  '', '', ( #2263 ) ) ;
#838 = CARTESIAN_POINT ( 'NONE',  ( 2.473952377249001522, -9.015262604470995811, 0.8551906022507991256 ) ) ;
#839 = CARTESIAN_POINT ( 'NONE',  ( -1.558065236486821714, -1.698896616730162901, -0.8374455646072863635 ) ) ;
#840 = CARTESIAN_POINT ( 'NONE',  ( 2.228495969328001092, -10.32945192578000082, 0.5461776691438002818 ) ) ;
#841 =( BOUNDED_CURVE ( )  B_SPLINE_CURVE ( 3, ( #4436, #5373, #580, #1032, #2968, #1537, #3492, #2534, #4016, #5346, #2564, #4463, #5947 ),
 .UNSPECIFIED., .F., .T. ) 
 B_SPLINE_CURVE_WITH_KNOTS ( ( 4, 1, 1, 1, 1, 1, 1, 1, 1, 1, 4 ),
 ( 0.000000000000000000, 0.08290325287200170368, 0.2081466932831870786, 0.3187878784496673279, 0.4263863280325371208, 0.5384437680273536087, 0.6510479642939065448, 0.7607057695842763811, 0.8687436428380668207, 0.9763878489533336369, 1.000000000000000000 ),
 .UNSPECIFIED. ) 
 CURVE ( )  GEOMETRIC_REPRESENTATION_ITEM ( )  RATIONAL_B_SPLINE_CURVE ( ( 1.171572118251638095, 1.171572118251638095, 1.171572118251638095, 1.171572118251638095, 1.171572118251638095, 1.171572118251638095, 1.171572118251638095, 1.171572118251638095, 1.171572118251638095, 1.171572118251638095, 1.171572118251638095, 1.171572118251638095, 1.171572118251638095 ) ) 
 REPRESENTATION_ITEM ( '' )  );
#842 = CARTESIAN_POINT ( 'NONE',  ( 1.733339154043998631, -9.526724801302004053, 0.5989516628414003341 ) ) ;
#843 = DIRECTION ( 'NONE',  ( 0.000000000000000000, 0.000000000000000000, 1.000000000000000000 ) ) ;
#844 = CARTESIAN_POINT ( 'NONE',  ( -1.733206717365997962, -9.526476881541997344, -0.6053308386255999984 ) ) ;
#845 = B_SPLINE_CURVE_WITH_KNOTS ( 'NONE', 3,
 ( #3545, #5643, #2251, #3272, #5159, #1292, #4226, #4722, #2284, #4152, #4254, #819, #6083, #3206, #6182, #1742, #5579 ),
 .UNSPECIFIED., .F., .F.,
 ( 4, 1, 1, 1, 1, 1, 1, 1, 1, 1, 1, 1, 1, 1, 4 ),
 ( 0.000000000000000000, 0.07142857142856999519, 0.1428571428570999946, 0.2142857142857000075, 0.2857142857143000203, 0.3571428571429000054, 0.4285714285713999594, 0.5000000000000000000, 0.5714285714286000406, 0.6428571428570999391, 0.7142857142856999797, 0.7857142857142999093, 0.8571428571429000609, 0.9285714285714000704, 1.000000000000000000 ),
 .UNSPECIFIED. ) ;
#846 = CARTESIAN_POINT ( 'NONE',  ( -3.180333182349028398, -1.415908992418055456, -0.8891297267312208152 ) ) ;
#847 = CARTESIAN_POINT ( 'NONE',  ( 1.972178891665347322, -9.252119828069643503, 0.5364217646662566841 ) ) ;
#848 = CARTESIAN_POINT ( 'NONE',  ( 2.421737809756946636, -10.11752914568038619, 0.8490966195463408583 ) ) ;
#849 =( LENGTH_UNIT ( ) NAMED_UNIT ( * ) SI_UNIT ( .MILLI., .METRE. ) );
#850 = ORIENTED_EDGE ( 'NONE', *, *, #4924, .T. ) ;
#851 = CARTESIAN_POINT ( 'NONE',  ( 1.703818926184998306, -1.375426056002000408, 0.9155366013322007168 ) ) ;
#852 = FILL_AREA_STYLE ('',( #3688 ) ) ;
#853 = SURFACE_SIDE_STYLE ('',( #3404 ) ) ;
#854 = PRESENTATION_LAYER_ASSIGNMENT (  '', '', ( #5102 ) ) ;
#855 = CARTESIAN_POINT ( 'NONE',  ( 2.321837995318998260, -10.01121419030999782, 0.8192870198112995883 ) ) ;
#856 =( GEOMETRIC_REPRESENTATION_CONTEXT ( 3 ) GLOBAL_UNCERTAINTY_ASSIGNED_CONTEXT ( ( #474 ) ) GLOBAL_UNIT_ASSIGNED_CONTEXT ( ( #1550, #4969, #5864 ) ) REPRESENTATION_CONTEXT ( 'NONE', 'WORKASPACE' ) );
#857 = CARTESIAN_POINT ( 'NONE',  ( 3.569256359186998573, -1.660409066103998743, 0.4041696802138001199 ) ) ;
#858 = CIRCLE ( 'NONE', #2996, 0.2550000000000000044 ) ;
#859 = CARTESIAN_POINT ( 'NONE',  ( -2.215558259887999260, -9.936386256064999145, -0.2907828574254997522 ) ) ;
#860 = ORIENTED_EDGE ( 'NONE', *, *, #1411, .T. ) ;
#861 = CARTESIAN_POINT ( 'NONE',  ( -3.192482641583998859, -1.389895980704998424, -0.6867670733983001208 ) ) ;
#862 = CARTESIAN_POINT ( 'NONE',  ( 2.478000015587000338, -1.916979210374000209, 0.6000000089710000317 ) ) ;
#863 = CARTESIAN_POINT ( 'NONE',  ( 1.291231165471998121, -9.831191811099001754, 0.08583977806900998375 ) ) ;
#864 = STYLED_ITEM ( 'NONE', ( #906 ), #3570 ) ;
#865 = FILL_AREA_STYLE ('',( #897 ) ) ;
#866 = CARTESIAN_POINT ( 'NONE',  ( -2.233466756778997642, -8.641408661795004775, -0.5811881183085999547 ) ) ;
#867 = ORIENTED_EDGE ( 'NONE', *, *, #5768, .T. ) ;
#868 = CARTESIAN_POINT ( 'NONE',  ( 3.415270768653999145, -1.690455884501002037, 0.7540927557827997729 ) ) ;
#869 = CARTESIAN_POINT ( 'NONE',  ( 3.425187530426000215, -1.747551707960000034, 0.6757311270936000591 ) ) ;
#870 = FILL_AREA_STYLE ('',( #1911 ) ) ;
#871 = CIRCLE ( 'NONE', #974, 0.2550000000000000044 ) ;
#872 = CARTESIAN_POINT ( 'NONE',  ( -1.964767876823028780, -9.761615088094584891, -0.6786295101960759801 ) ) ;
#873 = PRESENTATION_LAYER_ASSIGNMENT (  '', '', ( #4717 ) ) ;
#874 = ORIENTED_EDGE ( 'NONE', *, *, #2529, .T. ) ;
#875 = COLOUR_RGB ( '',0.8039215686274510109, 0.8039215686274510109, 0.8039215686274510109 ) ;
#876 = CARTESIAN_POINT ( 'NONE',  ( 2.116520974443997893, -8.757035814903007420, 0.6003931927234005261 ) ) ;
#877 = CARTESIAN_POINT ( 'NONE',  ( 1.974186318299392617, -8.753094345882670879, 0.6432857867930781293 ) ) ;
#878 = ADVANCED_FACE ( 'NONE', ( #2059 ), #571, .T. ) ;
#879 = CARTESIAN_POINT ( 'NONE',  ( -2.222935200663999744, -10.52621077635999747, -0.6177242752703995254 ) ) ;
#880 = CARTESIAN_POINT ( 'NONE',  ( -2.304247879537999033, -9.818652889511996662, -1.123738716303999796 ) ) ;
#881 = FACE_OUTER_BOUND ( 'NONE', #2861, .T. ) ;
#882 = CARTESIAN_POINT ( 'NONE',  ( -1.729885713625999299, -9.520254512893000509, -0.5547338206923000392 ) ) ;
#883 =( GEOMETRIC_REPRESENTATION_CONTEXT ( 3 ) GLOBAL_UNCERTAINTY_ASSIGNED_CONTEXT ( ( #5985 ) ) GLOBAL_UNIT_ASSIGNED_CONTEXT ( ( #3586, #1519, #2033 ) ) REPRESENTATION_CONTEXT ( 'NONE', 'WORKASPACE' ) );
#884 = DIRECTION ( 'NONE',  ( 0.9446060565853420243, -0.3282063342811800122, 0.000000000000000000 ) ) ;
#885 = EDGE_LOOP ( 'NONE', ( #3780, #2487, #1200, #4566, #4952, #1259 ) ) ;
#886 = CARTESIAN_POINT ( 'NONE',  ( 1.896173344287999551, -1.354788982179001344, 0.8224203287029996368 ) ) ;
#887 = CARTESIAN_POINT ( 'NONE',  ( 2.733000000000000096, -10.00500000000000078, 0.5999999999999999778 ) ) ;
#888 = CARTESIAN_POINT ( 'NONE',  ( 0.000000000000000000, 0.000000000000000000, 0.3499999999999999778 ) ) ;
#889 = CARTESIAN_POINT ( 'NONE',  ( 2.105806063747998724, -10.20881508518000302, 0.6845413095142999227 ) ) ;
#890 = ADVANCED_FACE ( 'NONE', ( #49 ), #1592, .T. ) ;
#891 = CARTESIAN_POINT ( 'NONE',  ( 3.402390469834998488, -1.351702814607999459, 0.5916720601425001780 ) ) ;
#892 = CARTESIAN_POINT ( 'NONE',  ( -2.118349343782000904, -10.13978667129000222, -0.4390579658961000775 ) ) ;
#893 = ORIENTED_EDGE ( 'NONE', *, *, #4474, .T. ) ;
#894 = CARTESIAN_POINT ( 'NONE',  ( 2.332824842234283658, -8.714707900307983479, 0.8101617782823737901 ) ) ;
#895 = CARTESIAN_POINT ( 'NONE',  ( 1.487533009722000088, -9.851958367681994844, 0.3797904480149000839 ) ) ;
#896 = DIRECTION ( 'NONE',  ( 0.000000000000000000, 0.000000000000000000, 1.000000000000000000 ) ) ;
#897 = FILL_AREA_STYLE_COLOUR ( '', #2375 ) ;
#898 = CARTESIAN_POINT ( 'NONE',  ( -2.664343198842999083, -8.831243540403995951, -0.07626181398284999358 ) ) ;
#899 = EDGE_CURVE ( 'NONE', #4762, #1433, #6142, .T. ) ;
#900 = ORIENTED_EDGE ( 'NONE', *, *, #1400, .T. ) ;
#901 = SURFACE_SIDE_STYLE ('',( #4854 ) ) ;
#902 = DIRECTION ( 'NONE',  ( 0.000000000000000000, 0.000000000000000000, -1.000000000000000000 ) ) ;
#903 = FILL_AREA_STYLE ('',( #3798 ) ) ;
#904 = CARTESIAN_POINT ( 'NONE',  ( -3.508845764680998069, -1.907734019909999690, -0.3170270660445000943 ) ) ;
#905 = DIRECTION ( 'NONE',  ( -1.000000000000000000, 0.000000000000000000, 0.000000000000000000 ) ) ;
#906 = PRESENTATION_STYLE_ASSIGNMENT (( #5248 ) ) ;
#907 = SURFACE_SIDE_STYLE ('',( #6232 ) ) ;
#908 = STYLED_ITEM ( 'NONE', ( #5562 ), #2954 ) ;
#909 = CARTESIAN_POINT ( 'NONE',  ( -2.281252358108000422, -10.41550999182000226, -0.7636636937450000939 ) ) ;
#910 = ADVANCED_FACE ( 'NONE', ( #1499 ), #3600, .T. ) ;
#911 = CARTESIAN_POINT ( 'NONE',  ( -2.116507120773000405, -10.01531102272999085, -1.014581912552000809 ) ) ;
#912 = PRESENTATION_STYLE_ASSIGNMENT (( #6238 ) ) ;
#913 = CARTESIAN_POINT ( 'NONE',  ( 1.477999999999999980, -9.005002837309001862, 0.3450000000158000013 ) ) ;
#914 = CARTESIAN_POINT ( 'NONE',  ( -2.975648480730288536, -1.378000851132604510, -0.9463562216732102073 ) ) ;
#915 = CARTESIAN_POINT ( 'NONE',  ( 1.768292099345493584, -9.150175157585755059, 0.3898382215930712991 ) ) ;
#916 = CARTESIAN_POINT ( 'NONE',  ( -2.223000000000000309, -17.60500000000000043, -0.5999999999999999778 ) ) ;
#917 = ORIENTED_EDGE ( 'NONE', *, *, #3726, .T. ) ;
#918 = CARTESIAN_POINT ( 'NONE',  ( 1.631438994918998242, -1.058973962461999818, 0.4541795883786001742 ) ) ;
#919 = FILL_AREA_STYLE ('',( #1931 ) ) ;
#920 = CARTESIAN_POINT ( 'NONE',  ( 2.150424239698002449, -9.977151694478990862, 1.043022372948001042 ) ) ;
#921 = UNCERTAINTY_MEASURE_WITH_UNIT (LENGTH_MEASURE( 1.000000000000000082E-05 ), #1316, 'distance_accuracy_value', 'NONE');
#922 = CARTESIAN_POINT ( 'NONE',  ( 3.451493191240001313, -2.004887005371003283, 0.3202938286579001259 ) ) ;
#923 = CARTESIAN_POINT ( 'NONE',  ( -1.477999999999999980, -9.005000000000000782, -0.5999999999999999778 ) ) ;
#924 = ORIENTED_EDGE ( 'NONE', *, *, #5862, .T. ) ;
#925 = CIRCLE ( 'NONE', #2746, 0.2640302483893000041 ) ;
#926 = CARTESIAN_POINT ( 'NONE',  ( -2.971921388036002032, -1.383511967129000375, -0.7433053760198999882 ) ) ;
#927 = EDGE_CURVE ( 'NONE', #4252, #2545, #683, .T. ) ;
#928 = CARTESIAN_POINT ( 'NONE',  ( 1.563659694853000826, -9.585943491248997361, 0.2623620649021999318 ) ) ;
#929 = SURFACE_STYLE_USAGE ( .BOTH. , #3756 ) ;
#930 = CARTESIAN_POINT ( 'NONE',  ( 3.285030687935999616, -1.085309783684999863, 0.5999999965735000051 ) ) ;
#931 = AXIS2_PLACEMENT_3D ( 'NONE', #3335, #3370, #2484 ) ;
#932 = ORIENTED_EDGE ( 'NONE', *, *, #4173, .F. ) ;
#933 = CARTESIAN_POINT ( 'NONE',  ( 3.381229898538998135, -1.902531727621998625, 0.6351589953016999468 ) ) ;
#934 = EDGE_CURVE ( 'NONE', #2673, #450, #2593, .T. ) ;
#935 = DIRECTION ( 'NONE',  ( 0.000000000000000000, 1.000000000000000000, 0.000000000000000000 ) ) ;
#936 = SURFACE_STYLE_USAGE ( .BOTH. , #5781 ) ;
#937 =( GEOMETRIC_REPRESENTATION_CONTEXT ( 3 ) GLOBAL_UNCERTAINTY_ASSIGNED_CONTEXT ( ( #1295 ) ) GLOBAL_UNIT_ASSIGNED_CONTEXT ( ( #2942, #1101, #2540 ) ) REPRESENTATION_CONTEXT ( 'NONE', 'WORKASPACE' ) );
#938 = CARTESIAN_POINT ( 'NONE',  ( 2.116673835485998190, -10.25305825781999758, 0.5994810139046999886 ) ) ;
#939 = CARTESIAN_POINT ( 'NONE',  ( 1.967999772022018146, -10.25999999999859646, 0.6181679323622015776 ) ) ;
#940 = APPLICATION_CONTEXT ( 'automotive_design' ) ;
#941 = FILL_AREA_STYLE_COLOUR ( '', #4212 ) ;
#942 = AXIS2_PLACEMENT_3D ( 'NONE', #2307, #1697, #4645 ) ;
#943 =( LENGTH_UNIT ( ) NAMED_UNIT ( * ) SI_UNIT ( .MILLI., .METRE. ) );
#944 = PRESENTATION_STYLE_ASSIGNMENT (( #5282 ) ) ;
#945 = CARTESIAN_POINT ( 'NONE',  ( 1.871643699628999125, -9.053036283330992973, 0.2174478931974001272 ) ) ;
#946 = FILL_AREA_STYLE_COLOUR ( '', #1978 ) ;
#947 = EDGE_CURVE ( 'NONE', #1375, #4596, #2488, .T. ) ;
#948 = CIRCLE ( 'NONE', #1754, 0.2549999999999999489 ) ;
#949 = COLOUR_RGB ( '',0.9411764705882352811, 0.9921568627450980671, 0.007843137254901960675 ) ;
#950 = CARTESIAN_POINT ( 'NONE',  ( 1.818326137989125790, -9.175167535510432515, 0.4100695130652445841 ) ) ;
#951 = ORIENTED_EDGE ( 'NONE', *, *, #4678, .T. ) ;
#952 = CARTESIAN_POINT ( 'NONE',  ( -2.277663285188167297, -10.40567687616374393, -0.7586686824216674063 ) ) ;
#953 = DIRECTION ( 'NONE',  ( -1.000000000000000000, 0.000000000000000000, 0.000000000000000000 ) ) ;
#954 = CARTESIAN_POINT ( 'NONE',  ( 3.682171339578002467, -1.396172177988002749, 0.5343358137961004006 ) ) ;
#955 = CARTESIAN_POINT ( 'NONE',  ( -2.297142740682997619, -9.813505804540003652, -0.2363923632051000701 ) ) ;
#956 = VERTEX_POINT ( 'NONE', #5098 ) ;
#957 = CARTESIAN_POINT ( 'NONE',  ( -3.220791563589001427, -1.003952750409000449, -0.6045722822332997293 ) ) ;
#958 = DIRECTION ( 'NONE',  ( 0.9999857537854635048, 0.005337810985640820821, 0.000000000000000000 ) ) ;
#959 = TOROIDAL_SURFACE ( 'NONE', #4603, 0.6049999999999999822, 0.3499999999999999778 ) ;
#960 = CIRCLE ( 'NONE', #1769, 3.950000000000001954 ) ;
#961 = EDGE_LOOP ( 'NONE', ( #6054, #893, #4273 ) ) ;
#962 = CARTESIAN_POINT ( 'NONE',  ( 3.392673306028001434, -1.881443138766998979, 0.6358662727951996940 ) ) ;
#963 = STYLED_ITEM ( 'NONE', ( #2625 ), #3543 ) ;
#964 = CARTESIAN_POINT ( 'NONE',  ( 1.575893637076999809, -9.223385264948996465, 0.8362985081719997993 ) ) ;
#965 = CARTESIAN_POINT ( 'NONE',  ( 2.040120093703000403, -10.10842548055999046, 0.2729477885892998557 ) ) ;
#966 = DIRECTION ( 'NONE',  ( 0.9999857537854633938, 0.005337810985640812148, 0.000000000000000000 ) ) ;
#967 = ORIENTED_EDGE ( 'NONE', *, *, #421, .T. ) ;
#968 = CARTESIAN_POINT ( 'NONE',  ( 2.397731292073998155, -8.665196273104994518, 0.8092610884238996549 ) ) ;
#969 = CARTESIAN_POINT ( 'NONE',  ( 2.115095462931427139, -8.823549597151993495, 0.7798419945237975437 ) ) ;
#970 = FACE_OUTER_BOUND ( 'NONE', #106, .T. ) ;
#971 = DIRECTION ( 'NONE',  ( 0.9996986219295951326, -0.000000000000000000, 0.02454924259663990652 ) ) ;
#972 = CARTESIAN_POINT ( 'NONE',  ( -2.478000015587000338, -4.839020455812000243, -0.6000000089710000317 ) ) ;
#973 = CARTESIAN_POINT ( 'NONE',  ( -1.839330018371998721, -9.253051814764996053, -0.5996046889687006720 ) ) ;
#974 = AXIS2_PLACEMENT_3D ( 'NONE', #4553, #5085, #6003 ) ;
#975 = CARTESIAN_POINT ( 'NONE',  ( -3.042367757054999622, -1.030088411324000086, -0.5999996460601999537 ) ) ;
#976 = CARTESIAN_POINT ( 'NONE',  ( 1.984044979396443198, -9.258050657331331479, 0.5635038281804871652 ) ) ;
#977 = CARTESIAN_POINT ( 'NONE',  ( 0.000000000000000000, 0.000000000000000000, 0.5999999999999999778 ) ) ;
#978 =( GEOMETRIC_REPRESENTATION_CONTEXT ( 3 ) GLOBAL_UNCERTAINTY_ASSIGNED_CONTEXT ( ( #1364 ) ) GLOBAL_UNIT_ASSIGNED_CONTEXT ( ( #3620, #4621, #1220 ) ) REPRESENTATION_CONTEXT ( 'NONE', 'WORKASPACE' ) );
#979 = CARTESIAN_POINT ( 'NONE',  ( 1.606720393572999894, -9.747558471554999215, 0.3794756930929000238 ) ) ;
#980 = VERTEX_POINT ( 'NONE', #4598 ) ;
#981 = CARTESIAN_POINT ( 'NONE',  ( 1.694085127072999297, -1.525588784823001198, 1.151166720122998699 ) ) ;
#982 = FACE_OUTER_BOUND ( 'NONE', #5668, .T. ) ;
#983 =( NAMED_UNIT ( * ) PLANE_ANGLE_UNIT ( ) SI_UNIT ( $, .RADIAN. ) );
#984 = UNCERTAINTY_MEASURE_WITH_UNIT (LENGTH_MEASURE( 1.000000000000000082E-05 ), #1221, 'distance_accuracy_value', 'NONE');
#985 = CIRCLE ( 'NONE', #6143, 0.2550000000000000044 ) ;
#986 = CARTESIAN_POINT ( 'NONE',  ( 3.535742970200368429, -1.602573748331221681, 0.5214707736038066699 ) ) ;
#987 = CARTESIAN_POINT ( 'NONE',  ( -2.276325999256000987, -9.845900744488002232, -0.08569482060206011498 ) ) ;
#988 = ORIENTED_EDGE ( 'NONE', *, *, #2080, .T. ) ;
#989 = CARTESIAN_POINT ( 'NONE',  ( 1.850135670225299345, -1.143689638808791154, 0.6000222904047853856 ) ) ;
#990 = CARTESIAN_POINT ( 'NONE',  ( -3.270193320208999666, -1.471182051069999996, -0.8726215446759999494 ) ) ;
#991 = CARTESIAN_POINT ( 'NONE',  ( 1.531916302203000013, -9.112833997163999555, 0.3504616569076000054 ) ) ;
#992 = EDGE_CURVE ( 'NONE', #4797, #2492, #5535, .T. ) ;
#993 = ORIENTED_EDGE ( 'NONE', *, *, #2210, .F. ) ;
#994 = DIRECTION ( 'NONE',  ( 1.000000000000000000, 0.000000000000000000, 0.000000000000000000 ) ) ;
#995 = CARTESIAN_POINT ( 'NONE',  ( -1.733206658731999639, -9.526476568744001838, -0.5946777943430997526 ) ) ;
#996 = CARTESIAN_POINT ( 'NONE',  ( 1.706969862882000477, -8.883004092971999555, 0.9362550669910003620 ) ) ;
#997 = CARTESIAN_POINT ( 'NONE',  ( -1.728740876084999378, -9.646932033070001467, -0.5823545141374003586 ) ) ;
#998 = FACE_OUTER_BOUND ( 'NONE', #4509, .T. ) ;
#999 = DIRECTION ( 'NONE',  ( -0.9999999999991432409, 1.309035104366056249E-06, -1.109384692967048052E-11 ) ) ;
#1000 = EDGE_LOOP ( 'NONE', ( #603, #3409, #5247 ) ) ;
#1001 = CARTESIAN_POINT ( 'NONE',  ( -2.216760437114743354, -3.269600038619703497, -0.02796674261239606024 ) ) ;
#1003 = B_SPLINE_CURVE_WITH_KNOTS ( 'NONE', 3,
 ( #5975, #3612, #3192, #2717, #5953, #206, #1130, #4077, #6002, #3121, #1663, #1606, #238, #770, #4105, #2137, #4613, #268, #5507, #697, #5533, #646, #2203, #2653, #4584 ),
 .UNSPECIFIED., .F., .F.,
 ( 4, 2, 2, 1, 2, 2, 2, 1, 1, 2, 2, 2, 2, 4 ),
 ( 0.000000000000000000, 0.1250000000000562606, 0.1875000000000815181, 0.2187500000000907607, 0.2343750000000911216, 0.2500000000000914269, 0.3750000000000844325, 0.4375000000000840994, 0.4687500000000805467, 0.4843750000000751621, 0.5000000000000698330, 0.6250000000000525135, 0.7500000000000350830, 1.000000000000000000 ),
 .UNSPECIFIED. ) ;
#1002 = CARTESIAN_POINT ( 'NONE',  ( -2.148265767068582299, -10.16987027289815337, -0.4054600902252192274 ) ) ;
#1004 = CARTESIAN_POINT ( 'NONE',  ( -2.234459788251000223, -10.27946909519000052, -0.6922910064594002266 ) ) ;
#1005 = EDGE_CURVE ( 'NONE', #628, #4357, #1170, .T. ) ;
#1006 = CARTESIAN_POINT ( 'NONE',  ( -2.116694008467998156, -8.757011819386995910, -0.5980137638056002292 ) ) ;
#1007 = CARTESIAN_POINT ( 'NONE',  ( -2.108197603117001773, -10.18317427909999928, -0.7155383729680999672 ) ) ;
#1008 = CARTESIAN_POINT ( 'NONE',  ( 1.817803458353000723, -9.085268690157999316, 0.3907393458128000097 ) ) ;
#1009 = CARTESIAN_POINT ( 'NONE',  ( -1.634274029505999870, -9.337375958411003651, -0.3974388360713003165 ) ) ;
#1010 =( GEOMETRIC_REPRESENTATION_CONTEXT ( 3 ) GLOBAL_UNCERTAINTY_ASSIGNED_CONTEXT ( ( #6185 ) ) GLOBAL_UNIT_ASSIGNED_CONTEXT ( ( #17, #543, #53 ) ) REPRESENTATION_CONTEXT ( 'NONE', 'WORKASPACE' ) );
#1011 = CARTESIAN_POINT ( 'NONE',  ( -1.768292100086775065, -9.150175157969632878, -0.3898382218587873593 ) ) ;
#1012 =( NAMED_UNIT ( * ) PLANE_ANGLE_UNIT ( ) SI_UNIT ( $, .RADIAN. ) );
#1013 = DIRECTION ( 'NONE',  ( -2.439361282186276778E-06, 2.439361282289121824E-06, -0.9999999999940496487 ) ) ;
#1014 = EDGE_CURVE ( 'NONE', #4797, #3211, #1470, .T. ) ;
#1015 = CARTESIAN_POINT ( 'NONE',  ( 1.710846488975000135, -9.539288996331000803, 0.4944987721299999306 ) ) ;
#1016 = ORIENTED_EDGE ( 'NONE', *, *, #4322, .F. ) ;
#1017 = SURFACE_SIDE_STYLE ('',( #3369 ) ) ;
#1018 = CARTESIAN_POINT ( 'NONE',  ( -2.447984692396865558, -10.06503545458173754, -0.8537840571399618605 ) ) ;
#1019 = CARTESIAN_POINT ( 'NONE',  ( -1.938305732246000668, -1.374049656805000019, -0.8921653386223005189 ) ) ;
#1020 = CARTESIAN_POINT ( 'NONE',  ( 2.547692315475001745, -8.716037466992011318, 1.070168481112998782 ) ) ;
#1021 =( GEOMETRIC_REPRESENTATION_CONTEXT ( 3 ) GLOBAL_UNCERTAINTY_ASSIGNED_CONTEXT ( ( #2180 ) ) GLOBAL_UNIT_ASSIGNED_CONTEXT ( ( #5496, #4525, #151 ) ) REPRESENTATION_CONTEXT ( 'NONE', 'WORKASPACE' ) );
#1022 = ORIENTED_EDGE ( 'NONE', *, *, #3446, .T. ) ;
#1023 = CARTESIAN_POINT ( 'NONE',  ( -2.478000015587000338, -1.916979210374000209, -0.6000000089710000317 ) ) ;
#1024 = CARTESIAN_POINT ( 'NONE',  ( 1.488855896793999989, -9.026727214082001183, 0.3450006445539000599 ) ) ;
#1025 = VERTEX_POINT ( 'NONE', #5160 ) ;
#1026 = COLOUR_RGB ( '',0.8039215686274510109, 0.8039215686274510109, 0.8039215686274510109 ) ;
#1027 = STYLED_ITEM ( 'NONE', ( #1091 ), #153 ) ;
#1028 = CARTESIAN_POINT ( 'NONE',  ( 3.380868699654000942, -1.339654302940999742, 0.5945433707309997207 ) ) ;
#1029 = CARTESIAN_POINT ( 'NONE',  ( -1.727562567343998934, -9.349479695196999174, -0.6341428091798998468 ) ) ;
#1030 = CARTESIAN_POINT ( 'NONE',  ( 1.593343994053001644, -8.920923789448998775, 0.8437177900193999491 ) ) ;
#1031 = CARTESIAN_POINT ( 'NONE',  ( -1.839567757506000989, -9.756340794555995899, -0.5819372378729998907 ) ) ;
#1032 = CARTESIAN_POINT ( 'NONE',  ( 3.038174059432197538, -1.380860123255296168, 0.9256462554118481956 ) ) ;
#1033 = COLOUR_RGB ( '',0.9411764705882352811, 0.9921568627450980671, 0.007843137254901960675 ) ;
#1034 = PRESENTATION_LAYER_ASSIGNMENT (  '', '', ( #1733 ) ) ;
#1035 = ORIENTED_EDGE ( 'NONE', *, *, #2210, .T. ) ;
#1036 = CARTESIAN_POINT ( 'NONE',  ( -1.568457087611150325, -1.705417679612400095, -0.8745857608022967744 ) ) ;
#1037 = CARTESIAN_POINT ( 'NONE',  ( -1.477999999999999980, -10.00499634721000142, -0.8549999999738000511 ) ) ;
#1038 = CARTESIAN_POINT ( 'NONE',  ( -2.116502902231000238, -10.25279982323000283, -0.6065512351236994615 ) ) ;
#1039 = DIRECTION ( 'NONE',  ( -0.9999999999975685006, -2.205297075356930749E-06, -4.803976452780511778E-18 ) ) ;
#1040 = SURFACE_SIDE_STYLE ('',( #1205 ) ) ;
#1041 = CARTESIAN_POINT ( 'NONE',  ( 1.844990245164000342, -9.242443458084006025, 0.5661036177020001281 ) ) ;
#1042 = FILL_AREA_STYLE ('',( #4076 ) ) ;
#1043 = CARTESIAN_POINT ( 'NONE',  ( -1.526415451333001494, -9.125813119111988669, -0.3488579135558002031 ) ) ;
#1044 = STYLED_ITEM ( 'NONE', ( #944 ), #5965 ) ;
#1045 = CARTESIAN_POINT ( 'NONE',  ( -3.338132816709999950, -1.108919707037000046, -0.6000000122740999364 ) ) ;
#1046 = DIRECTION ( 'NONE',  ( 0.000000000000000000, 0.000000000000000000, 1.000000000000000000 ) ) ;
#1047 = CARTESIAN_POINT ( 'NONE',  ( -1.689862394813490098, -9.110926951101806281, -0.8325345392026805014 ) ) ;
#1048 = MECHANICAL_DESIGN_GEOMETRIC_PRESENTATION_REPRESENTATION (  '', ( #908 ), #4395 ) ;
#1049 = SURFACE_SIDE_STYLE ('',( #649 ) ) ;
#1050 = EDGE_LOOP ( 'NONE', ( #3722, #5339, #4700, #5202, #5619, #5652 ) ) ;
#1051 =( NAMED_UNIT ( * ) PLANE_ANGLE_UNIT ( ) SI_UNIT ( $, .RADIAN. ) );
#1052 =( LENGTH_UNIT ( ) NAMED_UNIT ( * ) SI_UNIT ( .MILLI., .METRE. ) );
#1053 = MECHANICAL_DESIGN_GEOMETRIC_PRESENTATION_REPRESENTATION (  '', ( #2973 ), #4592 ) ;
#1054 = UNCERTAINTY_MEASURE_WITH_UNIT (LENGTH_MEASURE( 1.000000000000000082E-05 ), #2057, 'distance_accuracy_value', 'NONE');
#1055 = CARTESIAN_POINT ( 'NONE',  ( 3.038846977345001310, -1.373609142217000700, 0.7213630682307005104 ) ) ;
#1056 = DIRECTION ( 'NONE',  ( 8.981870509352150552E-06, -0.9999999999566878683, 2.439339372210957555E-06 ) ) ;
#1057 = CARTESIAN_POINT ( 'NONE',  ( 1.839323943920809112, -1.151683724341753035, 0.6000016408844265348 ) ) ;
#1058 = CARTESIAN_POINT ( 'NONE',  ( -2.478000000000000203, -1.378000000000000114, -0.5999999999999999778 ) ) ;
#1059 = DIRECTION ( 'NONE',  ( 0.000000000000000000, 1.000000000000000000, 0.000000000000000000 ) ) ;
#1060 = ORIENTED_EDGE ( 'NONE', *, *, #5582, .F. ) ;
#1061 = CARTESIAN_POINT ( 'NONE',  ( -1.787991015770001857, -9.021347820814998641, -0.8571464697979996883 ) ) ;
#1062 = CARTESIAN_POINT ( 'NONE',  ( 1.725987359808000221, -9.366306516385003889, 0.5980169614285001378 ) ) ;
#1063 = CARTESIAN_POINT ( 'NONE',  ( -1.687005270238999710, -9.638648026190006490, -0.5158305261712001766 ) ) ;
#1064 = CARTESIAN_POINT ( 'NONE',  ( 2.148119491179001361, -10.06237561036000017, 0.3725400342654999197 ) ) ;
#1065 = SURFACE_STYLE_FILL_AREA ( #4404 ) ;
#1066 = VECTOR ( 'NONE', #1422, 1000.000000000000000 ) ;
#1067 = ORIENTED_EDGE ( 'NONE', *, *, #5175, .T. ) ;
#1068 = CIRCLE ( 'NONE', #2891, 3.950000000000000178 ) ;
#1069 = PRESENTATION_LAYER_ASSIGNMENT (  '', '', ( #1873 ) ) ;
#1070 = CARTESIAN_POINT ( 'NONE',  ( -1.572871714015010358, -1.707657173161500896, -0.8887162390266495349 ) ) ;
#1071 = CARTESIAN_POINT ( 'NONE',  ( -1.967999999989000326, -10.25999885483000007, -0.5999997926836999618 ) ) ;
#1072 = CARTESIAN_POINT ( 'NONE',  ( 3.404208286781999604, -1.941800495036000163, 0.4704581630172000040 ) ) ;
#1073 = SURFACE_STYLE_FILL_AREA ( #5557 ) ;
#1074 = CARTESIAN_POINT ( 'NONE',  ( 1.909845700460592210, -9.220935588200630306, 0.7368407403066803418 ) ) ;
#1075 = CARTESIAN_POINT ( 'NONE',  ( -1.612563318829998371, -9.295144098666996868, -0.3824373675050997123 ) ) ;
#1076 = EDGE_CURVE ( 'NONE', #817, #4156, #2759, .T. ) ;
#1077 = CARTESIAN_POINT ( 'NONE',  ( -1.559705692958635037, -9.045826605037825985, -0.3450002653209572334 ) ) ;
#1078 = SURFACE_STYLE_USAGE ( .BOTH. , #1103 ) ;
#1079 = CARTESIAN_POINT ( 'NONE',  ( -1.807734232955262810, -9.169870272909495412, -0.7945399097651535403 ) ) ;
#1080 = CARTESIAN_POINT ( 'NONE',  ( -2.247574131700948552, -10.46584956582250570, -0.4888586094316454411 ) ) ;
#1081 = EDGE_LOOP ( 'NONE', ( #549, #3820, #3825, #2216 ) ) ;
#1082 =( NAMED_UNIT ( * ) SI_UNIT ( $, .STERADIAN. ) SOLID_ANGLE_UNIT ( ) );
#1083 = SURFACE_STYLE_FILL_AREA ( #42 ) ;
#1084 = CARTESIAN_POINT ( 'NONE',  ( 2.356027291899998488, -8.553361483305998547, 0.9054007105348000906 ) ) ;
#1085 = CARTESIAN_POINT ( 'NONE',  ( 3.111244249707000087, -1.207825513489000135, 0.5740738381913995658 ) ) ;
#1086 = CARTESIAN_POINT ( 'NONE',  ( 1.952439454246855943, -1.063682736863482914, 0.6000084070396538571 ) ) ;
#1087 = ORIENTED_EDGE ( 'NONE', *, *, #4003, .T. ) ;
#1088 = DIRECTION ( 'NONE',  ( 8.299938502891522727E-05, 0.000000000000000000, 0.9999999965555511627 ) ) ;
#1089 = EDGE_CURVE ( 'NONE', #4885, #5264, #3653, .T. ) ;
#1090 = EDGE_LOOP ( 'NONE', ( #3514, #1903, #1440, #2068, #4040, #951 ) ) ;
#1091 = PRESENTATION_STYLE_ASSIGNMENT (( #3601 ) ) ;
#1092 = CARTESIAN_POINT ( 'NONE',  ( -1.724987641019002593, -9.301434661411006388, -0.6766050797543001760 ) ) ;
#1093 = CARTESIAN_POINT ( 'NONE',  ( 1.733345481957001555, -9.526736413649993906, 0.6013798721793003343 ) ) ;
#1094 =( BOUNDED_SURFACE ( )  B_SPLINE_SURFACE ( 3, 3, ( 
 ( #2483, #4421, #76, #5392, #2005, #5868, #3968, #3473, #2984, #4906, #562, #4450, #2036, #5900, #5427, #4510, #3074, #211 ),
 ( #3100, #4081, #742, #1671, #4533, #2659, #705, #3587, #3042, #5511, #4554, #5957, #165, #2142, #4051, #4973, #2177, #1188 ),
 ( #4589, #6043, #3535, #5480, #3162, #1161, #621, #5088, #1699, #1609, #5031, #2691, #275, #5460, #2117, #2579, #1637, #676 ),
 ( #2628, #1583, #3558, #2093, #5980, #5540, #4618, #5571, #241, #6007, #650, #3616, #4029, #1218, #3127, #5056, #1135, #4110 ) ),
 .UNSPECIFIED., .F., .F., .T. ) 
 B_SPLINE_SURFACE_WITH_KNOTS ( ( 4, 4 ),
 ( 4, 1, 1, 1, 1, 1, 1, 1, 1, 1, 1, 1, 1, 1, 1, 4 ),
 ( 0.000000000000000000, 1.000000000000000000 ),
 ( -0.009398506696519001377, 0.000000000000000000, 0.1047490706701999924, 0.1851413214028000132, 0.2527194064787999794, 0.3189088142500000056, 0.3914527189629999904, 0.4677077458014000100, 0.5428255990755000981, 0.6131085707494999815, 0.6886192553929999516, 0.7649069008643999412, 0.8340661607721000514, 0.8947771060547000666, 0.9493299963425000376, 0.9829193381745999769 ),
 .UNSPECIFIED. ) 
 GEOMETRIC_REPRESENTATION_ITEM ( )  RATIONAL_B_SPLINE_SURFACE ( (
 ( 1.194558344367000036, 1.194558344367000036, 1.194558344367000036, 1.194558344367000036, 1.194558344367000036, 1.194558344367000036, 1.194558344367000036, 1.194558344367000036, 1.194558344367000036, 1.194558344367000036, 1.194558344367000036, 1.194558344367000036, 1.194558344367000036, 1.194558344367000036, 1.194558344367000036, 1.194558344367000036, 1.194558344367000036, 1.194558344367000036),
 ( 0.9351472185445000029, 0.9351472185445000029, 0.9351472185445000029, 0.9351472185445000029, 0.9351472185445000029, 0.9351472185445000029, 0.9351472185445000029, 0.9351472185445000029, 0.9351472185445000029, 0.9351472185445000029, 0.9351472185445000029, 0.9351472185445000029, 0.9351472185445000029, 0.9351472185445000029, 0.9351472185445000029, 0.9351472185445000029, 0.9351472185445000029, 0.9351472185445000029),
 ( 0.9351472185445000029, 0.9351472185445000029, 0.9351472185445000029, 0.9351472185445000029, 0.9351472185445000029, 0.9351472185445000029, 0.9351472185445000029, 0.9351472185445000029, 0.9351472185445000029, 0.9351472185445000029, 0.9351472185445000029, 0.9351472185445000029, 0.9351472185445000029, 0.9351472185445000029, 0.9351472185445000029, 0.9351472185445000029, 0.9351472185445000029, 0.9351472185445000029),
 ( 1.194558344367000036, 1.194558344367000036, 1.194558344367000036, 1.194558344367000036, 1.194558344367000036, 1.194558344367000036, 1.194558344367000036, 1.194558344367000036, 1.194558344367000036, 1.194558344367000036, 1.194558344367000036, 1.194558344367000036, 1.194558344367000036, 1.194558344367000036, 1.194558344367000036, 1.194558344367000036, 1.194558344367000036, 1.194558344367000036) ) ) 
 REPRESENTATION_ITEM ( '' )  SURFACE ( )  );
#1095 = EDGE_CURVE ( 'NONE', #2740, #2102, #5421, .T. ) ;
#1096 = CARTESIAN_POINT ( 'NONE',  ( -1.850367492707999384, -9.828063259241991645, -0.4152057467681997127 ) ) ;
#1097 =( NAMED_UNIT ( * ) PLANE_ANGLE_UNIT ( ) SI_UNIT ( $, .RADIAN. ) );
#1098 = CARTESIAN_POINT ( 'NONE',  ( -1.706378989308000138, -1.727999999999999980, -1.154166517074000087 ) ) ;
#1099 = CARTESIAN_POINT ( 'NONE',  ( -2.000631541781401790, -10.24369529311934102, -0.6902020982837271390 ) ) ;
#1100 = CARTESIAN_POINT ( 'NONE',  ( 1.477999999999999980, -10.00500000000000078, 0.5999999999999999778 ) ) ;
#1101 =( NAMED_UNIT ( * ) PLANE_ANGLE_UNIT ( ) SI_UNIT ( $, .RADIAN. ) );
#1102 = CARTESIAN_POINT ( 'NONE',  ( -1.831566840232000670, -9.121218125642000629, -0.4217334671387003575 ) ) ;
#1103 = SURFACE_SIDE_STYLE ('',( #4998 ) ) ;
#1104 = DIRECTION ( 'NONE',  ( 0.000000000000000000, 1.000000000000000000, 0.000000000000000000 ) ) ;
#1105 = FILL_AREA_STYLE ('',( #134 ) ) ;
#1106 = VERTEX_POINT ( 'NONE', #1867 ) ;
#1107 = CARTESIAN_POINT ( 'NONE',  ( -3.426342951836999884, -1.837987930960000238, -0.5439139442806999458 ) ) ;
#1108 = CARTESIAN_POINT ( 'NONE',  ( -1.934714542188000319, -1.227024288714999800, -0.6612612736655002488 ) ) ;
#1109 = CARTESIAN_POINT ( 'NONE',  ( -2.478000000000000203, -10.00500000000000078, -0.5999999999999999778 ) ) ;
#1110 = CARTESIAN_POINT ( 'NONE',  ( 2.972004462705998939, -1.377834346602001769, 0.9592051921374999957 ) ) ;
#1111 = CARTESIAN_POINT ( 'NONE',  ( -2.310144486561831467, -8.669295509620930318, -0.7919695294487021364 ) ) ;
#1112 = ORIENTED_EDGE ( 'NONE', *, *, #4274, .T. ) ;
#1113 = COLOUR_RGB ( '',0.8039215686274510109, 0.8039215686274510109, 0.8039215686274510109 ) ;
#1114 =( LENGTH_UNIT ( ) NAMED_UNIT ( * ) SI_UNIT ( .MILLI., .METRE. ) );
#1115 =( NAMED_UNIT ( * ) SI_UNIT ( $, .STERADIAN. ) SOLID_ANGLE_UNIT ( ) );
#1116 = ORIENTED_EDGE ( 'NONE', *, *, #1457, .T. ) ;
#1117 = EDGE_CURVE ( 'NONE', #541, #5158, #4790, .T. ) ;
#1118 = CARTESIAN_POINT ( 'NONE',  ( 1.646030832391340626, -1.728000242307031087, 1.070143462050638261 ) ) ;
#1119 = FILL_AREA_STYLE_COLOUR ( '', #3066 ) ;
#1120 = CARTESIAN_POINT ( 'NONE',  ( -1.530328271612999558, -9.834158297322007414, -0.3940198555698998795 ) ) ;
#1121 = CARTESIAN_POINT ( 'NONE',  ( -2.259614960537998041, -8.907106180661003236, -0.3637015893698002378 ) ) ;
#1122 = MECHANICAL_DESIGN_GEOMETRIC_PRESENTATION_REPRESENTATION (  '', ( #2350 ), #2452 ) ;
#1123 = VECTOR ( 'NONE', #4756, 1000.000000000000000 ) ;
#1124 = CARTESIAN_POINT ( 'NONE',  ( -2.973149766709806574, -2.600563164268566929, 0.006076806284104931989 ) ) ;
#1125 = DIRECTION ( 'NONE',  ( 1.000000000000000000, 0.000000000000000000, 0.000000000000000000 ) ) ;
#1126 = CIRCLE ( 'NONE', #1628, 0.2549988548221004958 ) ;
#1127 =( GEOMETRIC_REPRESENTATION_CONTEXT ( 3 ) GLOBAL_UNCERTAINTY_ASSIGNED_CONTEXT ( ( #532 ) ) GLOBAL_UNIT_ASSIGNED_CONTEXT ( ( #499, #1051, #6247 ) ) REPRESENTATION_CONTEXT ( 'NONE', 'WORKASPACE' ) );
#1128 = FILL_AREA_STYLE_COLOUR ( '', #5385 ) ;
#1129 = CARTESIAN_POINT ( 'NONE',  ( 2.478000000000000203, -1.727999999999999980, 0.5999999999999999778 ) ) ;
#1130 = CARTESIAN_POINT ( 'NONE',  ( -2.396585612028623302, -8.842204399413647664, -0.3583148879647664042 ) ) ;
#1131 = PRESENTATION_LAYER_ASSIGNMENT (  '', '', ( #3673 ) ) ;
#1132 = DIRECTION ( 'NONE',  ( 0.000000000000000000, 0.000000000000000000, 1.000000000000000000 ) ) ;
#1133 = CARTESIAN_POINT ( 'NONE',  ( -1.717966473001050653, -9.125017742827237655, -0.8254904578247649338 ) ) ;
#1134 = FACE_OUTER_BOUND ( 'NONE', #1290, .T. ) ;
#1135 = CARTESIAN_POINT ( 'NONE',  ( 2.222655469011001639, -8.483417433006005481, 0.5986149358460002290 ) ) ;
#1136 = CARTESIAN_POINT ( 'NONE',  ( -1.509891699700845580, -9.068779767156703642, -0.8536233574828516746 ) ) ;
#1137 = AXIS2_PLACEMENT_3D ( 'NONE', #5678, #5795, #5325 ) ;
#1138 = CARTESIAN_POINT ( 'NONE',  ( 3.154514007649998675, -1.380140149780000547, 0.6936909767702996721 ) ) ;
#1139 = CARTESIAN_POINT ( 'NONE',  ( 2.181344452314388338, -10.15336354399286911, 0.3923885882547371029 ) ) ;
#1140 = EDGE_LOOP ( 'NONE', ( #6196, #3814, #4891, #581, #4792, #2354 ) ) ;
#1141 = PRESENTATION_LAYER_ASSIGNMENT (  '', '', ( #4582 ) ) ;
#1142 = FILL_AREA_STYLE ('',( #1706 ) ) ;
#1143 = CARTESIAN_POINT ( 'NONE',  ( 2.226114308120998864, -10.52025347712000247, 0.6452659959697999437 ) ) ;
#1144 = VERTEX_POINT ( 'NONE', #3749 ) ;
#1145 = PRESENTATION_LAYER_ASSIGNMENT (  '', '', ( #3892 ) ) ;
#1146 = FILL_AREA_STYLE ('',( #5521 ) ) ;
#1147 = CARTESIAN_POINT ( 'NONE',  ( -1.915879906308999292, -9.108425480580997657, -0.9270522113917000206 ) ) ;
#1148 =( NAMED_UNIT ( * ) PLANE_ANGLE_UNIT ( ) SI_UNIT ( $, .RADIAN. ) );
#1149 = FILL_AREA_STYLE_COLOUR ( '', #228 ) ;
#1150 = CARTESIAN_POINT ( 'NONE',  ( -2.448811718053999886, -9.002682795375990921, -0.3443313757380999651 ) ) ;
#1151 = CARTESIAN_POINT ( 'NONE',  ( 2.222999999997236298, -8.494999563725849967, 0.5642239562168855915 ) ) ;
#1152 = VECTOR ( 'NONE', #441, 999.9999999999998863 ) ;
#1153 = CARTESIAN_POINT ( 'NONE',  ( -2.473040360940998550, -8.700973330504998771, -0.8647462900737005187 ) ) ;
#1154 = SURFACE_SIDE_STYLE ('',( #3582 ) ) ;
#1155 = CARTESIAN_POINT ( 'NONE',  ( 1.499553574561726554, -9.994225642046664859, 0.3450011311623903953 ) ) ;
#1156 = PRESENTATION_LAYER_ASSIGNMENT (  '', '', ( #5108 ) ) ;
#1157 = COLOUR_RGB ( '',0.8039215686274510109, 0.8039215686274510109, 0.8039215686274510109 ) ;
#1158 = SURFACE_STYLE_FILL_AREA ( #3097 ) ;
#1159 = CARTESIAN_POINT ( 'NONE',  ( -1.654231812834188853, -9.093115191672113795, -0.8392962037222857496 ) ) ;
#1160 = LINE ( 'NONE', #3099, #5295 ) ;
#1161 = CARTESIAN_POINT ( 'NONE',  ( 2.502665633798002442, -8.717008965842005352, 0.3162621441201002304 ) ) ;
#1162 = EDGE_CURVE ( 'NONE', #2728, #1225, #4804, .T. ) ;
#1163 = CARTESIAN_POINT ( 'NONE',  ( -1.699939149154999329, -1.741424379663999655, -1.145379126788999669 ) ) ;
#1164 = CARTESIAN_POINT ( 'NONE',  ( 2.478000000000000203, -9.005000000000000782, 0.5999999999999999778 ) ) ;
#1165 = FILL_AREA_STYLE ('',( #2664 ) ) ;
#1166 = AXIS2_PLACEMENT_3D ( 'NONE', #1312, #1727, #4587 ) ;
#1167 = DIRECTION ( 'NONE',  ( 1.111618823270667033E-05, 0.000000000000000000, -0.9999999999382152005 ) ) ;
#1168 = ORIENTED_EDGE ( 'NONE', *, *, #3328, .F. ) ;
#1169 = CARTESIAN_POINT ( 'NONE',  ( 1.843822435394999459, -9.756769404515999611, 0.6073782127481994753 ) ) ;
#1170 = LINE ( 'NONE', #5615, #2779 ) ;
#1171 = AXIS2_PLACEMENT_3D ( 'NONE', #3648, #3166, #5128 ) ;
#1172 = ORIENTED_EDGE ( 'NONE', *, *, #3122, .F. ) ;
#1173 = ADVANCED_FACE ( 'NONE', ( #3336 ), #2321, .T. ) ;
#1174 = CARTESIAN_POINT ( 'NONE',  ( -1.879384408175000187, -1.314687653996999828, -0.7480813475406998814 ) ) ;
#1175 = CARTESIAN_POINT ( 'NONE',  ( 1.999727936827000674, -9.749658658992004234, 0.5990893929730998213 ) ) ;
#1176 = STYLED_ITEM ( 'NONE', ( #5094 ), #4303 ) ;
#1177 = CARTESIAN_POINT ( 'NONE',  ( -2.667419142162999357, -8.822662590422002182, -0.2371268316440999502 ) ) ;
#1178 = AXIS2_PLACEMENT_3D ( 'NONE', #5794, #3905, #1488 ) ;
#1179 = CARTESIAN_POINT ( 'NONE',  ( -3.426323654103999861, -1.755312552007999738, -0.6622190905222999913 ) ) ;
#1180 = CARTESIAN_POINT ( 'NONE',  ( 2.392517688531530240, -8.834045142495897451, 0.3597506825272911435 ) ) ;
#1181 = DIRECTION ( 'NONE',  ( 0.000000000000000000, -1.000000000000000000, 0.000000000000000000 ) ) ;
#1182 = FILL_AREA_STYLE_COLOUR ( '', #1951 ) ;
#1183 = DIRECTION ( 'NONE',  ( -0.9999988959613604900, -0.001485959642859818134, 0.000000000000000000 ) ) ;
#1184 = ADVANCED_FACE ( 'NONE', ( #5259 ), #4287, .T. ) ;
#1185 = DIRECTION ( 'NONE',  ( -8.298717587955820149E-05, 0.000000000000000000, -0.9999999965565642412 ) ) ;
#1186 =( NAMED_UNIT ( * ) PLANE_ANGLE_UNIT ( ) SI_UNIT ( $, .RADIAN. ) );
#1187 = CARTESIAN_POINT ( 'NONE',  ( 2.249317885437001063, -10.47648112122000441, 0.4845146732921001842 ) ) ;
#1188 = CARTESIAN_POINT ( 'NONE',  ( 2.116693650548998828, -8.757012455152004549, 0.6019830519261002433 ) ) ;
#1189 = SURFACE_STYLE_FILL_AREA ( #2070 ) ;
#1190 = CARTESIAN_POINT ( 'NONE',  ( -1.614214329525000213, -1.127705502853999731, -0.4589199411594999667 ) ) ;
#1191 = B_SPLINE_CURVE_WITH_KNOTS ( 'NONE', 3,
 ( #5207, #3824, #5651, #4669, #4202, #3249, #4796, #388, #3345, #4698, #358, #448, #6158 ),
 .UNSPECIFIED., .F., .F.,
 ( 4, 2, 1, 2, 2, 2, 4 ),
 ( 0.6201310476048719211, 0.6438728571295672110, 0.6676146666542625008, 0.7150982857036536355, 0.8100655238024356830, 0.9050327619012179525, 1.000000000000000000 ),
 .UNSPECIFIED. ) ;
#1192 = EDGE_CURVE ( 'NONE', #1106, #218, #5739, .T. ) ;
#1193 = CARTESIAN_POINT ( 'NONE',  ( -1.488855898605000005, -9.026727218565000044, -0.3450006446027000240 ) ) ;
#1194 = LINE ( 'NONE', #3201, #4930 ) ;
#1195 = CARTESIAN_POINT ( 'NONE',  ( -2.230880171949074064, -8.510821108369656329, -0.6635782354077747192 ) ) ;
#1196 = EDGE_LOOP ( 'NONE', ( #2671, #4624, #3850 ) ) ;
#1197 = CARTESIAN_POINT ( 'NONE',  ( 1.733089184193999266, -9.493321865420991656, 0.6011976647533998630 ) ) ;
#1198 = CARTESIAN_POINT ( 'NONE',  ( -3.508546287472844138, -1.742882258023754627, -0.4844788017973855609 ) ) ;
#1199 = CARTESIAN_POINT ( 'NONE',  ( 1.538865077981422358, -9.883368633384325364, 0.8476993350605589450 ) ) ;
#1200 = ORIENTED_EDGE ( 'NONE', *, *, #5441, .F. ) ;
#1201 = AXIS2_PLACEMENT_3D ( 'NONE', #4570, #5968, #4158 ) ;
#1202 = CARTESIAN_POINT ( 'NONE',  ( -1.881451028299000017, -1.350398462397999877, -0.8122546107491001033 ) ) ;
#1203 = CARTESIAN_POINT ( 'NONE',  ( -1.729898381029997934, -9.493129054508987252, -0.5557255668613003685 ) ) ;
#1204 =( NAMED_UNIT ( * ) PLANE_ANGLE_UNIT ( ) SI_UNIT ( $, .RADIAN. ) );
#1205 = SURFACE_STYLE_FILL_AREA ( #5590 ) ;
#1206 = DIRECTION ( 'NONE',  ( 0.9999999999999791278, 2.044205573431955245E-07, 6.276245152923869973E-14 ) ) ;
#1207 = EDGE_CURVE ( 'NONE', #1644, #2866, #960, .T. ) ;
#1208 = CARTESIAN_POINT ( 'NONE',  ( 2.533332270316341894, -3.031464372461323276, -0.08277827353563632640 ) ) ;
#1209 = CARTESIAN_POINT ( 'NONE',  ( -2.222654531687997981, -10.52673610901999446, -0.5986201527340002659 ) ) ;
#1210 = CARTESIAN_POINT ( 'NONE',  ( -1.727999946521999952, -9.504998384173999781, -0.6502489654445000600 ) ) ;
#1211 = CARTESIAN_POINT ( 'NONE',  ( -2.664347114071999645, -8.831247883217001160, -1.123738717521999053 ) ) ;
#1212 = CARTESIAN_POINT ( 'NONE',  ( 1.801226744690486159, -9.843388621011516904, 0.4021560603912199272 ) ) ;
#1213 = MECHANICAL_DESIGN_GEOMETRIC_PRESENTATION_REPRESENTATION (  '', ( #6189 ), #3050 ) ;
#1214 = COLOUR_RGB ( '',0.9411764705882352811, 0.9921568627450980671, 0.007843137254901960675 ) ;
#1215 = SURFACE_STYLE_FILL_AREA ( #1248 ) ;
#1216 = DIRECTION ( 'NONE',  ( 0.000000000000000000, 1.000000000000000000, 0.000000000000000000 ) ) ;
#1217 = CARTESIAN_POINT ( 'NONE',  ( 2.235367759445000324, -10.50285858341999123, 0.5179905575361996029 ) ) ;
#1218 = CARTESIAN_POINT ( 'NONE',  ( 2.235113936025001635, -8.485100544929004229, 0.5117082703134004928 ) ) ;
#1219 = CARTESIAN_POINT ( 'NONE',  ( -1.995974114877998140, -1.378192245368001778, -0.9406166132082994791 ) ) ;
#1220 =( NAMED_UNIT ( * ) SI_UNIT ( $, .STERADIAN. ) SOLID_ANGLE_UNIT ( ) );
#1221 =( LENGTH_UNIT ( ) NAMED_UNIT ( * ) SI_UNIT ( .MILLI., .METRE. ) );
#1222 = DIRECTION ( 'NONE',  ( -1.000000000000000000, 0.000000000000000000, -3.357501528784239227E-10 ) ) ;
#1223 = CARTESIAN_POINT ( 'NONE',  ( 2.238033527028697289, -10.12501774281025924, 0.3745095421661651103 ) ) ;
#1224 = STYLED_ITEM ( 'NONE', ( #912 ), #458 ) ;
#1225 = VERTEX_POINT ( 'NONE', #3845 ) ;
#1226 = SURFACE_STYLE_FILL_AREA ( #852 ) ;
#1227 = CARTESIAN_POINT ( 'NONE',  ( 2.478000000000000203, -10.00500000000000078, 0.5999999999999999778 ) ) ;
#1228 = CARTESIAN_POINT ( 'NONE',  ( 2.281252358108000422, -10.41550999182000226, 0.7636636937448997298 ) ) ;
#1229 = AXIS2_PLACEMENT_3D ( 'NONE', #862, #5832, #3436 ) ;
#1230 = UNCERTAINTY_MEASURE_WITH_UNIT (LENGTH_MEASURE( 1.000000000000000082E-05 ), #1114, 'distance_accuracy_value', 'NONE');
#1231 = ORIENTED_EDGE ( 'NONE', *, *, #533, .T. ) ;
#1232 = PRESENTATION_LAYER_ASSIGNMENT (  '', '', ( #2145 ) ) ;
#1233 = ORIENTED_EDGE ( 'NONE', *, *, #4368, .T. ) ;
#1234 = CARTESIAN_POINT ( 'NONE',  ( -1.999576493025998714, -9.260038434609990432, -0.6189676872457001711 ) ) ;
#1235 = LINE ( 'NONE', #4632, #1445 ) ;
#1236 = CARTESIAN_POINT ( 'NONE',  ( -1.488122986553001681, -9.647088302194999798, -0.1944077782007001820 ) ) ;
#1237 = DIRECTION ( 'NONE',  ( -0.9999999999991432409, 1.309035104366056249E-06, -1.108546361296048309E-11 ) ) ;
#1238 =( NAMED_UNIT ( * ) PLANE_ANGLE_UNIT ( ) SI_UNIT ( $, .RADIAN. ) );
#1239 = MECHANICAL_DESIGN_GEOMETRIC_PRESENTATION_REPRESENTATION (  '', ( #3171 ), #1347 ) ;
#1240 = CARTESIAN_POINT ( 'NONE',  ( 2.744632575811609687, -2.840752645725112213, -0.07641639992695009598 ) ) ;
#1241 = CARTESIAN_POINT ( 'NONE',  ( -2.222793355621000000, -10.52647626493999233, -0.6053222341430003484 ) ) ;
#1242 = CARTESIAN_POINT ( 'NONE',  ( 2.478000000000000203, -9.004996347207999463, 0.3450000000262000155 ) ) ;
#1243 = FACE_OUTER_BOUND ( 'NONE', #6086, .T. ) ;
#1244 = CARTESIAN_POINT ( 'NONE',  ( -2.563593773125998343, -8.890395375188999694, -0.8440268278128000290 ) ) ;
#1245 = DIRECTION ( 'NONE',  ( 0.000000000000000000, 1.000000000000000000, 0.000000000000000000 ) ) ;
#1246 =( BOUNDED_SURFACE ( )  B_SPLINE_SURFACE ( 3, 3, ( 
 ( #1693, #2166, #5656, #3152, #1307, #768, #4073, #1720, #6000, #2682, #2743, #332, #2714, #4610, #2200 ),
 ( #4169, #265, #4133, #1660, #5596, #4640, #296, #3609, #1277, #6096, #3255, #3700, #5180, #2649, #5048 ),
 ( #5629, #3223, #798, #2267, #834, #4208, #1791, #5311, #5688, #3858, #2841, #904, #5214, #6164, #4773 ),
 ( #3387, #1380, #2810, #4270, #2302, #1819, #4240, #4366, #6262, #3762, #3351, #6228, #1882, #4829, #5273 ) ),
 .UNSPECIFIED., .F., .F., .T. ) 
 B_SPLINE_SURFACE_WITH_KNOTS ( ( 4, 4 ),
 ( 4, 1, 1, 1, 1, 1, 1, 1, 1, 1, 1, 1, 4 ),
 ( 0.000000000000000000, 1.000000000000000000 ),
 ( 0.006759722056008999648, 0.03198279036239000395, 0.06668394491977999716, 0.1055484616495000055, 0.1476301834556000003, 0.1889392072394999733, 0.2258727089368000041, 0.2584994510120999789, 0.2876529333956999723, 0.3138422699182000231, 0.3378229632779999880, 0.3609163415087000004, 0.3666343667250999694 ),
 .UNSPECIFIED. ) 
 GEOMETRIC_REPRESENTATION_ITEM ( )  RATIONAL_B_SPLINE_SURFACE ( (
 ( 1.136177371649000012, 1.136177371649000012, 1.136177371649000012, 1.136177371649000012, 1.136177371649000012, 1.136177371649000012, 1.136177371649000012, 1.136177371649000012, 1.136177371649000012, 1.136177371649000012, 1.136177371649000012, 1.136177371649000012, 1.136177371649000012, 1.136177371649000012, 1.136177371649000012),
 ( 0.9546075427836999694, 0.9546075427836999694, 0.9546075427836999694, 0.9546075427836999694, 0.9546075427836999694, 0.9546075427836999694, 0.9546075427836999694, 0.9546075427836999694, 0.9546075427836999694, 0.9546075427836999694, 0.9546075427836999694, 0.9546075427836999694, 0.9546075427836999694, 0.9546075427836999694, 0.9546075427836999694),
 ( 0.9546075427836999694, 0.9546075427836999694, 0.9546075427836999694, 0.9546075427836999694, 0.9546075427836999694, 0.9546075427836999694, 0.9546075427836999694, 0.9546075427836999694, 0.9546075427836999694, 0.9546075427836999694, 0.9546075427836999694, 0.9546075427836999694, 0.9546075427836999694, 0.9546075427836999694, 0.9546075427836999694),
 ( 1.136177371649000012, 1.136177371649000012, 1.136177371649000012, 1.136177371649000012, 1.136177371649000012, 1.136177371649000012, 1.136177371649000012, 1.136177371649000012, 1.136177371649000012, 1.136177371649000012, 1.136177371649000012, 1.136177371649000012, 1.136177371649000012, 1.136177371649000012, 1.136177371649000012) ) ) 
 REPRESENTATION_ITEM ( '' )  SURFACE ( )  );
#1247 = SURFACE_STYLE_USAGE ( .BOTH. , #4078 ) ;
#1248 = FILL_AREA_STYLE ('',( #4079 ) ) ;
#1249 = FILL_AREA_STYLE ('',( #5604 ) ) ;
#1250 = CARTESIAN_POINT ( 'NONE',  ( 2.402682884099000216, -10.17896184562000883, 0.3556085571282001090 ) ) ;
#1251 = CARTESIAN_POINT ( 'NONE',  ( 1.693446380785000871, -9.451298382112003793, 0.4616341267135999349 ) ) ;
#1252 = FILL_AREA_STYLE ('',( #6172 ) ) ;
#1253 = CARTESIAN_POINT ( 'NONE',  ( -1.752989311095001668, -1.127237187465999879, -0.6182220094212995676 ) ) ;
#1254 = AXIS2_PLACEMENT_3D ( 'NONE', #1227, #1682, #5550 ) ;
#1255 = EDGE_CURVE ( 'NONE', #1144, #2613, #2991, .T. ) ;
#1256 = CARTESIAN_POINT ( 'NONE',  ( 2.213969751611000181, -4.839020546151999724, 0.6000000057911001328 ) ) ;
#1257 = CARTESIAN_POINT ( 'NONE',  ( 2.358622098047426618, -10.24376020647231300, 0.8257501178979269607 ) ) ;
#1258 = LINE ( 'NONE', #781, #3855 ) ;
#1259 = ORIENTED_EDGE ( 'NONE', *, *, #4744, .T. ) ;
#1260 = CARTESIAN_POINT ( 'NONE',  ( 1.732788879537999538, -9.493315752772991445, 0.6181749891971002331 ) ) ;
#1261 =( NAMED_UNIT ( * ) SI_UNIT ( $, .STERADIAN. ) SOLID_ANGLE_UNIT ( ) );
#1262 = SURFACE_SIDE_STYLE ('',( #5039 ) ) ;
#1263 = CARTESIAN_POINT ( 'NONE',  ( 2.173973330505000412, -10.00995963905999986, 0.8647462900737005187 ) ) ;
#1264 = ORIENTED_EDGE ( 'NONE', *, *, #3710, .F. ) ;
#1265 = ORIENTED_EDGE ( 'NONE', *, *, #2529, .F. ) ;
#1266 = CARTESIAN_POINT ( 'NONE',  ( 2.304343109463414141, -8.657700770394523460, 0.7867454534336147942 ) ) ;
#1267 = CARTESIAN_POINT ( 'NONE',  ( -3.343429551800999988, -2.103347163211000126, -0.3608219087901999855 ) ) ;
#1268 = ADVANCED_FACE ( 'NONE', ( #78 ), #2007, .T. ) ;
#1269 = CARTESIAN_POINT ( 'NONE',  ( 1.999225421407999415, -9.749927382779999263, 0.5823434380826000289 ) ) ;
#1270 = DIRECTION ( 'NONE',  ( 0.000000000000000000, -1.000000000000000000, 0.000000000000000000 ) ) ;
#1271 = AXIS2_PLACEMENT_3D ( 'NONE', #5536, #3123, #2271 ) ;
#1272 = ORIENTED_EDGE ( 'NONE', *, *, #1411, .F. ) ;
#1273 = DIRECTION ( 'NONE',  ( 0.000000000000000000, 0.000000000000000000, -1.000000000000000000 ) ) ;
#1274 = ADVANCED_FACE ( 'NONE', ( #4451 ), #3893, .T. ) ;
#1275 = AXIS2_PLACEMENT_3D ( 'NONE', #2163, #3665, #832 ) ;
#1276 = SURFACE_STYLE_USAGE ( .BOTH. , #2619 ) ;
#1277 = CARTESIAN_POINT ( 'NONE',  ( -3.439162964392003197, -1.707863763526998646, -0.5197757060215002500 ) ) ;
#1278 = CARTESIAN_POINT ( 'NONE',  ( -2.471785809691998459, -8.848837995318996619, -0.8192870198112995883 ) ) ;
#1279 = SURFACE_STYLE_USAGE ( .BOTH. , #5631 ) ;
#1280 =( GEOMETRIC_REPRESENTATION_CONTEXT ( 3 ) GLOBAL_UNCERTAINTY_ASSIGNED_CONTEXT ( ( #5543 ) ) GLOBAL_UNIT_ASSIGNED_CONTEXT ( ( #278, #3812, #3367 ) ) REPRESENTATION_CONTEXT ( 'NONE', 'WORKASPACE' ) );
#1281 = PRESENTATION_STYLE_ASSIGNMENT (( #1247 ) ) ;
#1282 = DIRECTION ( 'NONE',  ( 0.9446060565853420243, -0.3282063342811800122, 0.000000000000000000 ) ) ;
#1283 =( BOUNDED_SURFACE ( )  B_SPLINE_SURFACE ( 3, 3, ( 
 ( #4206, #1718, #2681, #3090, #2712, #3666, #203, #263, #3116, #295, #5046, #2647, #2198, #4578, #2164, #3633, #1209, #1241 ),
 ( #3188, #5114, #766, #2228, #4356, #3877, #7, #2830, #5709, #4847, #3787, #1935, #1367, #1971, #5802, #2360, #1432, #1841 ),
 ( #955, #2796, #3313, #2455, #859, #411, #5234, #1902, #6187, #892, #46, #2394, #5332, #4293, #4761, #3914, #6218, #5841 ),
 ( #1874, #4727, #987, #2325, #4324, #4260, #3372, #5263, #3819, #2922, #383, #1496, #6252, #5743, #1402, #445, #3340, #1463 ) ),
 .UNSPECIFIED., .F., .F., .T. ) 
 B_SPLINE_SURFACE_WITH_KNOTS ( ( 4, 4 ),
 ( 4, 1, 1, 1, 1, 1, 1, 1, 1, 1, 1, 1, 1, 1, 1, 4 ),
 ( 0.000000000000000000, 1.000000000000000000 ),
 ( -0.009398502043774998801, 0.000000000000000000, 0.1047490706752999962, 0.1851413214106999994, 0.2527194064874999646, 0.3189088142587999664, 0.3914527189714999689, 0.4677077458091000173, 0.5428255990818000587, 0.6131085707548999952, 0.6886192553978000008, 0.7649069008680999815, 0.8340661607745000206, 0.8947771060562000889, 0.9493299963432000332, 0.9829193381744999458 ),
 .UNSPECIFIED. ) 
 GEOMETRIC_REPRESENTATION_ITEM ( )  RATIONAL_B_SPLINE_SURFACE ( (
 ( 1.194558344367000036, 1.194558344367000036, 1.194558344367000036, 1.194558344367000036, 1.194558344367000036, 1.194558344367000036, 1.194558344367000036, 1.194558344367000036, 1.194558344367000036, 1.194558344367000036, 1.194558344367000036, 1.194558344367000036, 1.194558344367000036, 1.194558344367000036, 1.194558344367000036, 1.194558344367000036, 1.194558344367000036, 1.194558344367000036),
 ( 0.9351472185445000029, 0.9351472185445000029, 0.9351472185445000029, 0.9351472185445000029, 0.9351472185445000029, 0.9351472185445000029, 0.9351472185445000029, 0.9351472185445000029, 0.9351472185445000029, 0.9351472185445000029, 0.9351472185445000029, 0.9351472185445000029, 0.9351472185445000029, 0.9351472185445000029, 0.9351472185445000029, 0.9351472185445000029, 0.9351472185445000029, 0.9351472185445000029),
 ( 0.9351472185445000029, 0.9351472185445000029, 0.9351472185445000029, 0.9351472185445000029, 0.9351472185445000029, 0.9351472185445000029, 0.9351472185445000029, 0.9351472185445000029, 0.9351472185445000029, 0.9351472185445000029, 0.9351472185445000029, 0.9351472185445000029, 0.9351472185445000029, 0.9351472185445000029, 0.9351472185445000029, 0.9351472185445000029, 0.9351472185445000029, 0.9351472185445000029),
 ( 1.194558344367000036, 1.194558344367000036, 1.194558344367000036, 1.194558344367000036, 1.194558344367000036, 1.194558344367000036, 1.194558344367000036, 1.194558344367000036, 1.194558344367000036, 1.194558344367000036, 1.194558344367000036, 1.194558344367000036, 1.194558344367000036, 1.194558344367000036, 1.194558344367000036, 1.194558344367000036, 1.194558344367000036, 1.194558344367000036) ) ) 
 REPRESENTATION_ITEM ( '' )  SURFACE ( )  );
#1284 = CARTESIAN_POINT ( 'NONE',  ( 1.725987544288998254, -9.366306562873997876, 0.6019862330447005583 ) ) ;
#1285 = CARTESIAN_POINT ( 'NONE',  ( -1.733339153936999999, -9.526724798986990095, -0.5989516628509004015 ) ) ;
#1286 = UNCERTAINTY_MEASURE_WITH_UNIT (LENGTH_MEASURE( 1.000000000000000082E-05 ), #615, 'distance_accuracy_value', 'NONE');
#1287 = CARTESIAN_POINT ( 'NONE',  ( -1.695949679986000103, -9.440903800242001154, -0.4664572966832000178 ) ) ;
#1288 = FACE_OUTER_BOUND ( 'NONE', #1081, .T. ) ;
#1289 = CARTESIAN_POINT ( 'NONE',  ( 1.477999999999999980, -9.005000000000000782, 0.5999999999999999778 ) ) ;
#1290 = EDGE_LOOP ( 'NONE', ( #5132, #6051, #3026 ) ) ;
#1291 = CARTESIAN_POINT ( 'NONE',  ( 1.772342611922002265, -1.086062777222001063, 0.6099793730033002959 ) ) ;
#1292 = CARTESIAN_POINT ( 'NONE',  ( -1.679675914466000064, -9.601659489497000877, -0.4431688468008999626 ) ) ;
#1293 = CARTESIAN_POINT ( 'NONE',  ( -3.539548909962662027, -1.351418376466317017, -0.5845576043225463314 ) ) ;
#1294 = CARTESIAN_POINT ( 'NONE',  ( 1.957782562341999322, -10.24945220528000256, 0.6822478632537003485 ) ) ;
#1295 = UNCERTAINTY_MEASURE_WITH_UNIT (LENGTH_MEASURE( 1.000000000000000082E-05 ), #2942, 'distance_accuracy_value', 'NONE');
#1296 = VERTEX_POINT ( 'NONE', #3807 ) ;
#1297 = ORIENTED_EDGE ( 'NONE', *, *, #3328, .T. ) ;
#1298 = CARTESIAN_POINT ( 'NONE',  ( 2.383458769127341892, -8.815918325492779317, 0.8368353735461178111 ) ) ;
#1299 = DIRECTION ( 'NONE',  ( -0.9996965809330075059, 0.000000000000000000, -0.02463221611741021888 ) ) ;
#1300 = CARTESIAN_POINT ( 'NONE',  ( 1.707441979597999815, -9.639911441351001642, 0.5437625647167007026 ) ) ;
#1301 = CARTESIAN_POINT ( 'NONE',  ( -1.875121584255997842, -9.815222536569004674, -0.7717798953957001329 ) ) ;
#1302 = CARTESIAN_POINT ( 'NONE',  ( -2.594831226078001762, -8.761103837727004517, -0.1037606308964999779 ) ) ;
#1303 = ORIENTED_EDGE ( 'NONE', *, *, #4311, .T. ) ;
#1304 = EDGE_CURVE ( 'NONE', #1879, #1649, #4218, .T. ) ;
#1305 = PRESENTATION_STYLE_ASSIGNMENT (( #3253 ) ) ;
#1306 = CARTESIAN_POINT ( 'NONE',  ( -1.718832132668148827, -1.248449715850141972, -0.6000006033245215420 ) ) ;
#1307 = CARTESIAN_POINT ( 'NONE',  ( -3.372876830377000257, -1.589768263715001462, -0.8293718497643003396 ) ) ;
#1308 = CARTESIAN_POINT ( 'NONE',  ( 2.164985369548034999, -10.16150767153730605, 0.8017618917376345689 ) ) ;
#1309 = SURFACE_STYLE_FILL_AREA ( #2716 ) ;
#1310 = MECHANICAL_DESIGN_GEOMETRIC_PRESENTATION_REPRESENTATION (  '', ( #4556 ), #1021 ) ;
#1311 =( LENGTH_UNIT ( ) NAMED_UNIT ( * ) SI_UNIT ( .MILLI., .METRE. ) );
#1312 = CARTESIAN_POINT ( 'NONE',  ( 1.477999999999999980, -9.005000000000000782, 0.5999999999999999778 ) ) ;
#1313 = SURFACE_STYLE_USAGE ( .BOTH. , #5185 ) ;
#1314 = DIRECTION ( 'NONE',  ( 1.000000000000000000, 0.000000000000000000, 0.000000000000000000 ) ) ;
#1315 = CARTESIAN_POINT ( 'NONE',  ( 2.375938670284999166, -9.893694298283003619, 0.3507593949983001669 ) ) ;
#1316 =( LENGTH_UNIT ( ) NAMED_UNIT ( * ) SI_UNIT ( .MILLI., .METRE. ) );
#1317 = AXIS2_PLACEMENT_3D ( 'NONE', #2775, #2400, #902 ) ;
#1318 = PRESENTATION_STYLE_ASSIGNMENT (( #2413 ) ) ;
#1319 = CARTESIAN_POINT ( 'NONE',  ( 1.988000000011000079, -9.259998854833000337, 0.6000002021148999054 ) ) ;
#1320 = CARTESIAN_POINT ( 'NONE',  ( 2.379269950767019637, -10.20246465023820903, 0.8354471499832292203 ) ) ;
#1321 = PRESENTATION_STYLE_ASSIGNMENT (( #1800 ) ) ;
#1322 = ORIENTED_EDGE ( 'NONE', *, *, #5014, .T. ) ;
#1323 = CARTESIAN_POINT ( 'NONE',  ( 1.739643615436001545, -1.153168975712000055, 0.6266639739875997650 ) ) ;
#1324 =( NAMED_UNIT ( * ) SI_UNIT ( $, .STERADIAN. ) SOLID_ANGLE_UNIT ( ) );
#1325 = SURFACE_SIDE_STYLE ('',( #473 ) ) ;
#1326 = CARTESIAN_POINT ( 'NONE',  ( 2.053751510129998348, -10.09085602112000579, 0.9458093396773010753 ) ) ;
#1327 = CARTESIAN_POINT ( 'NONE',  ( 3.402674369514999686, -1.946959222715000104, 0.4681657909630999592 ) ) ;
#1328 = AXIS2_PLACEMENT_3D ( 'NONE', #5607, #5124, #4247 ) ;
#1329 = ORIENTED_EDGE ( 'NONE', *, *, #4168, .T. ) ;
#1330 = CARTESIAN_POINT ( 'NONE',  ( -2.999143661430998087, -1.378329134639000308, -0.7337153964398998029 ) ) ;
#1331 = CARTESIAN_POINT ( 'NONE',  ( 1.721683852546999960, -9.517608018459998931, 0.5229677594546000563 ) ) ;
#1332 = MECHANICAL_DESIGN_GEOMETRIC_PRESENTATION_REPRESENTATION (  '', ( #3275 ), #4877 ) ;
#1333 = CARTESIAN_POINT ( 'NONE',  ( 1.662142218306001507, -9.519230909357002446, 0.3878589480572005033 ) ) ;
#1334 = DIRECTION ( 'NONE',  ( 1.000000000000000000, 0.000000000000000000, 0.000000000000000000 ) ) ;
#1335 = CARTESIAN_POINT ( 'NONE',  ( -1.605380579827000220, -9.953267924494989316, -0.8505151862222009029 ) ) ;
#1336 = CARTESIAN_POINT ( 'NONE',  ( 3.343001012672000005, -1.111371116469000109, 0.6000000064663000288 ) ) ;
#1337 = EDGE_LOOP ( 'NONE', ( #6093, #874, #5290, #1711 ) ) ;
#1338 = AXIS2_PLACEMENT_3D ( 'NONE', #496, #1967, #1299 ) ;
#1339 = EDGE_CURVE ( 'NONE', #3242, #3557, #449, .T. ) ;
#1340 = MECHANICAL_DESIGN_GEOMETRIC_PRESENTATION_REPRESENTATION (  '', ( #3495 ), #4884 ) ;
#1341 = DIRECTION ( 'NONE',  ( 0.000000000000000000, 0.000000000000000000, -1.000000000000000000 ) ) ;
#1342 = CARTESIAN_POINT ( 'NONE',  ( -1.839322726290320675, -1.151684632144300169, -0.6000016417652203060 ) ) ;
#1343 = FILL_AREA_STYLE_COLOUR ( '', #1553 ) ;
#1344 = CARTESIAN_POINT ( 'NONE',  ( 2.120410784550040173, -10.18380715109156220, 0.7819110495534635774 ) ) ;
#1345 =( GEOMETRIC_REPRESENTATION_CONTEXT ( 3 ) GLOBAL_UNCERTAINTY_ASSIGNED_CONTEXT ( ( #3711 ) ) GLOBAL_UNIT_ASSIGNED_CONTEXT ( ( #5858, #4965, #3959 ) ) REPRESENTATION_CONTEXT ( 'NONE', 'WORKASPACE' ) );
#1346 = CARTESIAN_POINT ( 'NONE',  ( 1.369808816975000010, -9.906422269405005920, 0.8494633853719001371 ) ) ;
#1347 =( GEOMETRIC_REPRESENTATION_CONTEXT ( 3 ) GLOBAL_UNCERTAINTY_ASSIGNED_CONTEXT ( ( #3537 ) ) GLOBAL_UNIT_ASSIGNED_CONTEXT ( ( #1942, #5305, #5440 ) ) REPRESENTATION_CONTEXT ( 'NONE', 'WORKASPACE' ) );
#1348 = CARTESIAN_POINT ( 'NONE',  ( 2.280535349760591135, -8.906269950765841159, 0.8354471499827326175 ) ) ;
#1349 = FILL_AREA_STYLE ('',( #5317 ) ) ;
#1350 = FILL_AREA_STYLE_COLOUR ( '', #5215 ) ;
#1351 = SURFACE_STYLE_FILL_AREA ( #488 ) ;
#1352 = CARTESIAN_POINT ( 'NONE',  ( 1.592604196920000215, -8.919406631996002588, 0.3559737934030998141 ) ) ;
#1353 = CARTESIAN_POINT ( 'NONE',  ( -3.950000000000000178, 0.000000000000000000, -0.3499999999999999778 ) ) ;
#1354 = DIRECTION ( 'NONE',  ( -0.02454924259668003761, 0.000000000000000000, 0.9996986219295940224 ) ) ;
#1355 = CARTESIAN_POINT ( 'NONE',  ( 1.730377655644834922, -9.131219810976025641, 0.3783059333496275878 ) ) ;
#1356 = DIRECTION ( 'NONE',  ( 0.9999999965563832749, 0.000000000000000000, -8.298935713492861920E-05 ) ) ;
#1357 = EDGE_CURVE ( 'NONE', #1972, #2613, #6173, .T. ) ;
#1358 = CARTESIAN_POINT ( 'NONE',  ( -2.733000000000000096, -10.00500000000000078, -0.5999999999999999778 ) ) ;
#1359 = EDGE_LOOP ( 'NONE', ( #5110, #6219, #5763, #143, #3879 ) ) ;
#1360 = CARTESIAN_POINT ( 'NONE',  ( 1.739922213793998029, -1.381172543901999950, 0.9790974437272004227 ) ) ;
#1361 = PRESENTATION_STYLE_ASSIGNMENT (( #380 ) ) ;
#1362 = STYLED_ITEM ( 'NONE', ( #5394 ), #1274 ) ;
#1363 = CARTESIAN_POINT ( 'NONE',  ( 2.301063259243999681, -10.37736749271000036, 0.7847942532320004716 ) ) ;
#1364 = UNCERTAINTY_MEASURE_WITH_UNIT (LENGTH_MEASURE( 1.000000000000000082E-05 ), #3620, 'distance_accuracy_value', 'NONE');
#1365 = PRESENTATION_LAYER_ASSIGNMENT (  '', '', ( #2785 ) ) ;
#1366 = AXIS2_PLACEMENT_3D ( 'NONE', #5118, #1245, #3067 ) ;
#1367 = CARTESIAN_POINT ( 'NONE',  ( -2.228495969328001092, -10.32945192578000082, -0.5461776691438002818 ) ) ;
#1368 = ORIENTED_EDGE ( 'NONE', *, *, #802, .T. ) ;
#1369 = CARTESIAN_POINT ( 'NONE',  ( 2.477997161168999707, -9.005000000000000782, 0.8549999999841999543 ) ) ;
#1370 = MECHANICAL_DESIGN_GEOMETRIC_PRESENTATION_REPRESENTATION (  '', ( #555 ), #756 ) ;
#1371 = CARTESIAN_POINT ( 'NONE',  ( 2.478000000000000203, -10.00500000000000078, 0.5999999999999999778 ) ) ;
#1372 = STYLED_ITEM ( 'NONE', ( #3012 ), #3461 ) ;
#1373 = CARTESIAN_POINT ( 'NONE',  ( -1.397202573973000073, -9.893047244120996453, -0.8440915343467007004 ) ) ;
#1374 = CARTESIAN_POINT ( 'NONE',  ( -2.235113936025001635, -8.485100544929004229, -0.5117082703133001287 ) ) ;
#1375 = VERTEX_POINT ( 'NONE', #4281 ) ;
#1376 = EDGE_CURVE ( 'NONE', #5942, #817, #4006, .T. ) ;
#1377 =( NAMED_UNIT ( * ) SI_UNIT ( $, .STERADIAN. ) SOLID_ANGLE_UNIT ( ) );
#1378 = CARTESIAN_POINT ( 'NONE',  ( -3.495039623435999943, -1.214363373523999812, -0.9499980230587999896 ) ) ;
#1379 = CARTESIAN_POINT ( 'NONE',  ( 1.501799458922002284, -9.076993401299006337, 0.8549096187329005003 ) ) ;
#1380 = CARTESIAN_POINT ( 'NONE',  ( -3.509513845891000461, -1.210110678691000086, -0.6003972014779999089 ) ) ;
#1381 = COLOUR_RGB ( '',0.9411764705882352811, 0.9921568627450980671, 0.007843137254901960675 ) ;
#1382 = SURFACE_STYLE_FILL_AREA ( #3800 ) ;
#1383 = COLOUR_RGB ( '',0.8039215686274510109, 0.8039215686274510109, 0.8039215686274510109 ) ;
#1384 = CARTESIAN_POINT ( 'NONE',  ( 2.409756973389000745, -8.983083155956999022, 0.8550098340538995201 ) ) ;
#1385 = CARTESIAN_POINT ( 'NONE',  ( 2.321438925325792102, -8.926721797380910317, 0.8430025011769646248 ) ) ;
#1386 = DIRECTION ( 'NONE',  ( -0.7071067811865462405, -0.7071067811865487940, 0.000000000000000000 ) ) ;
#1387 = CARTESIAN_POINT ( 'NONE',  ( -1.944715442006325512, -9.771643689540173483, -0.4953913743441332729 ) ) ;
#1388 = FACE_OUTER_BOUND ( 'NONE', #3402, .T. ) ;
#1389 = CARTESIAN_POINT ( 'NONE',  ( 1.466700473905001134, -9.006977177491005904, 0.3448550343559000364 ) ) ;
#1390 = SURFACE_STYLE_USAGE ( .BOTH. , #3361 ) ;
#1391 = CARTESIAN_POINT ( 'NONE',  ( -1.477999999999999980, -9.005000000000000782, -0.5999999999999999778 ) ) ;
#1392 = CIRCLE ( 'NONE', #667, 0.3499999999999998668 ) ;
#1393 = EDGE_CURVE ( 'NONE', #1928, #2282, #2376, .T. ) ;
#1394 =( LENGTH_UNIT ( ) NAMED_UNIT ( * ) SI_UNIT ( .MILLI., .METRE. ) );
#1395 = DIRECTION ( 'NONE',  ( -0.9999999999566878683, -8.981870512753612946E-06, 2.439339372210965602E-06 ) ) ;
#1396 = ORIENTED_EDGE ( 'NONE', *, *, #1746, .F. ) ;
#1397 = CARTESIAN_POINT ( 'NONE',  ( 1.614214329524002567, -1.127705502853999731, 0.4589199411596999734 ) ) ;
#1398 = DIRECTION ( 'NONE',  ( 0.000000000000000000, -1.000000000000000000, 0.000000000000000000 ) ) ;
#1399 = CARTESIAN_POINT ( 'NONE',  ( 2.277880561918999014, -9.844382334465000994, 1.114831780079000412 ) ) ;
#1400 = EDGE_CURVE ( 'NONE', #5990, #5068, #2451, .T. ) ;
#1401 = CARTESIAN_POINT ( 'NONE',  ( 3.742966613817002575, -1.575493128291998390, 0.4365205625914000964 ) ) ;
#1402 = CARTESIAN_POINT ( 'NONE',  ( -1.956617247040000507, -10.25671747777999343, -0.5508987371541999023 ) ) ;
#1403 = ORIENTED_EDGE ( 'NONE', *, *, #4832, .T. ) ;
#1404 = CARTESIAN_POINT ( 'NONE',  ( -3.076652085774000067, -1.386981103979002317, -0.9258703950158997387 ) ) ;
#1405 = CARTESIAN_POINT ( 'NONE',  ( 1.407286488700000726, -9.751553751398997605, 0.2916072673144000094 ) ) ;
#1406 = CARTESIAN_POINT ( 'NONE',  ( -1.992378448825001591, -9.753581462571998983, -0.6482575083684996020 ) ) ;
#1407 = CARTESIAN_POINT ( 'NONE',  ( -2.250935606121999388, -8.490107878604991498, -0.4656679280788999509 ) ) ;
#1408 = ORIENTED_EDGE ( 'NONE', *, *, #5574, .T. ) ;
#1409 = DIRECTION ( 'NONE',  ( 8.299938502891522727E-05, 0.000000000000000000, 0.9999999965555511627 ) ) ;
#1410 = CARTESIAN_POINT ( 'NONE',  ( 1.480316988549000623, -9.034188496534000024, 0.8556686470627009600 ) ) ;
#1411 = EDGE_CURVE ( 'NONE', #3753, #1875, #2686, .T. ) ;
#1412 = CARTESIAN_POINT ( 'NONE',  ( 1.990808701891000787, -10.17921714375001407, 0.3653705169749000836 ) ) ;
#1413 = CARTESIAN_POINT ( 'NONE',  ( 2.294017407645658313, -10.09699050006995691, 0.8378328758240205509 ) ) ;
#1414 = CARTESIAN_POINT ( 'NONE',  ( 2.131441938959002691, -8.755559863978000124, 0.6316767620523003890 ) ) ;
#1415 =( NAMED_UNIT ( * ) SI_UNIT ( $, .STERADIAN. ) SOLID_ANGLE_UNIT ( ) );
#1416 = AXIS2_PLACEMENT_3D ( 'NONE', #3213, #2615, #4542 ) ;
#1417 = CARTESIAN_POINT ( 'NONE',  ( -2.229437030337001691, -10.36198420823000177, -0.6172514488363999297 ) ) ;
#1418 = CARTESIAN_POINT ( 'NONE',  ( -1.590529145677216150, -9.948737809756060813, -0.3509033804540069301 ) ) ;
#1419 = SURFACE_SIDE_STYLE ('',( #1351 ) ) ;
#1420 = CARTESIAN_POINT ( 'NONE',  ( 1.782026486745998728, -9.009959622040993210, 0.3352541864182002063 ) ) ;
#1421 =( NAMED_UNIT ( * ) PLANE_ANGLE_UNIT ( ) SI_UNIT ( $, .RADIAN. ) );
#1422 = DIRECTION ( 'NONE',  ( 0.000000000000000000, 0.9741992903163100292, -0.2256894830230199989 ) ) ;
#1423 = AXIS2_PLACEMENT_3D ( 'NONE', #1622, #5996, #2051 ) ;
#1424 = CARTESIAN_POINT ( 'NONE',  ( 2.463270454441992108, -1.837987956972999992, 1.199819173157756325 ) ) ;
#1425 = CARTESIAN_POINT ( 'NONE',  ( 1.813704490657904511, -9.172855513577195197, 0.4080304706729820374 ) ) ;
#1426 = DIRECTION ( 'NONE',  ( 0.000000000000000000, 0.000000000000000000, 1.000000000000000000 ) ) ;
#1427 = ORIENTED_EDGE ( 'NONE', *, *, #2718, .T. ) ;
#1428 = CARTESIAN_POINT ( 'NONE',  ( 1.544393676984999075, -1.332973621764000693, 0.5525157256753003843 ) ) ;
#1429 = FACE_OUTER_BOUND ( 'NONE', #2934, .T. ) ;
#1430 = DIRECTION ( 'NONE',  ( 0.000000000000000000, 1.000000000000000000, 0.000000000000000000 ) ) ;
#1431 = CARTESIAN_POINT ( 'NONE',  ( 2.478000000000000203, -9.005000000000000782, 0.5999999999999999778 ) ) ;
#1432 = CARTESIAN_POINT ( 'NONE',  ( -2.230037714279998529, -10.36648791398999236, -0.5994832352578995938 ) ) ;
#1433 = VERTEX_POINT ( 'NONE', #913 ) ;
#1434 = CARTESIAN_POINT ( 'NONE',  ( -2.959838439922998887, -1.386124216534999842, -0.7477657323645994225 ) ) ;
#1435 =( GEOMETRIC_REPRESENTATION_CONTEXT ( 3 ) GLOBAL_UNCERTAINTY_ASSIGNED_CONTEXT ( ( #4724 ) ) GLOBAL_UNIT_ASSIGNED_CONTEXT ( ( #4082, #3588, #1082 ) ) REPRESENTATION_CONTEXT ( 'NONE', 'WORKASPACE' ) );
#1436 = CARTESIAN_POINT ( 'NONE',  ( 1.524967437792001501, -9.687943962057000036, 0.3643050652708001991 ) ) ;
#1437 = CARTESIAN_POINT ( 'NONE',  ( -1.617613980607000901, -9.651573317417996734, -0.7594492708951002813 ) ) ;
#1438 = CARTESIAN_POINT ( 'NONE',  ( 2.478000000000000203, -1.727999999999999980, 0.5999999999999999778 ) ) ;
#1439 = AXIS2_PLACEMENT_3D ( 'NONE', #2110, #2623, #129 ) ;
#1440 = ORIENTED_EDGE ( 'NONE', *, *, #5222, .F. ) ;
#1441 = CARTESIAN_POINT ( 'NONE',  ( 3.426343004904000011, -1.837987931183000301, 0.5439148416551000675 ) ) ;
#1442 = CARTESIAN_POINT ( 'NONE',  ( -1.528001778227159546, -1.576461134552695098, -0.6000000000286896951 ) ) ;
#1443 = AXIS2_PLACEMENT_3D ( 'NONE', #1129, #101, #2136 ) ;
#1444 =( LENGTH_UNIT ( ) NAMED_UNIT ( * ) SI_UNIT ( .MILLI., .METRE. ) );
#1445 = VECTOR ( 'NONE', #3630, 1000.000000000000000 ) ;
#1446 = CARTESIAN_POINT ( 'NONE',  ( 2.357187630860998251, -8.956583843538998835, 0.8511418779720996142 ) ) ;
#1447 = AXIS2_PLACEMENT_3D ( 'NONE', #2689, #4139, #1282 ) ;
#1448 =( NAMED_UNIT ( * ) PLANE_ANGLE_UNIT ( ) SI_UNIT ( $, .RADIAN. ) );
#1449 = CARTESIAN_POINT ( 'NONE',  ( -1.759260798245917412, -9.864371707562716196, -0.3867646625399391858 ) ) ;
#1450 = STYLED_ITEM ( 'NONE', ( #5500 ), #3157 ) ;
#1451 = DIRECTION ( 'NONE',  ( -8.298890773929823721E-05, 0.000000000000000000, -0.9999999965564205784 ) ) ;
#1452 = CARTESIAN_POINT ( 'NONE',  ( 1.926710686209927470, -9.229349095195535924, 0.7226128985028855700 ) ) ;
#1453 =( LENGTH_UNIT ( ) NAMED_UNIT ( * ) SI_UNIT ( .MILLI., .METRE. ) );
#1454 = CARTESIAN_POINT ( 'NONE',  ( -1.847802005085998456, -9.183174259471002188, -0.4844619529793000590 ) ) ;
#1455 = PRESENTATION_LAYER_ASSIGNMENT (  '', '', ( #4193 ) ) ;
#1456 = CARTESIAN_POINT ( 'NONE',  ( -3.423496284331000172, -1.737218464943000029, -0.6938563690078000112 ) ) ;
#1457 = EDGE_CURVE ( 'NONE', #6253, #2282, #2393, .T. ) ;
#1458 = CARTESIAN_POINT ( 'NONE',  ( 2.223000000000000309, -4.918011823016000150, 0.6000000000122999166 ) ) ;
#1459 = ORIENTED_EDGE ( 'NONE', *, *, #5508, .F. ) ;
#1460 =( LENGTH_UNIT ( ) NAMED_UNIT ( * ) SI_UNIT ( .MILLI., .METRE. ) );
#1461 =( NAMED_UNIT ( * ) SI_UNIT ( $, .STERADIAN. ) SOLID_ANGLE_UNIT ( ) );
#1462 = DIRECTION ( 'NONE',  ( 0.000000000000000000, -1.000000000000000000, 0.000000000000000000 ) ) ;
#1463 = CARTESIAN_POINT ( 'NONE',  ( -1.956422259515001372, -10.26021481635999599, -0.6053246449227999149 ) ) ;
#1464 = EDGE_LOOP ( 'NONE', ( #932, #4601, #4295, #5796, #4285 ) ) ;
#1465 = CARTESIAN_POINT ( 'NONE',  ( 1.927508246023809324, -1.084488600378007650, 0.6000013267206828482 ) ) ;
#1466 = CARTESIAN_POINT ( 'NONE',  ( -3.420459134734561868, -1.715509554090685507, -0.7198513027793467245 ) ) ;
#1467 = CARTESIAN_POINT ( 'NONE',  ( 1.695949659116000152, -9.440903758392000356, 0.4664572629513999980 ) ) ;
#1468 = CARTESIAN_POINT ( 'NONE',  ( -1.618439266808001209, -9.546583881054004905, -0.8747547607397996305 ) ) ;
#1469 = VECTOR ( 'NONE', #1925, 1000.000000000000000 ) ;
#1470 = CIRCLE ( 'NONE', #2278, 3.700000000000001510 ) ;
#1471 = VERTEX_POINT ( 'NONE', #1353 ) ;
#1472 = ADVANCED_FACE ( 'NONE', ( #810 ), #602, .F. ) ;
#1473 = FILL_AREA_STYLE ('',( #4399 ) ) ;
#1474 = CIRCLE ( 'NONE', #5217, 0.2550000000000000044 ) ;
#1475 = CARTESIAN_POINT ( 'NONE',  ( 1.883918238261001576, -9.067876559459007169, 0.9688935035257012496 ) ) ;
#1476 = CARTESIAN_POINT ( 'NONE',  ( 2.072081761741999983, -10.06787655945999482, 0.2311064964708001990 ) ) ;
#1477 =( NAMED_UNIT ( * ) SI_UNIT ( $, .STERADIAN. ) SOLID_ANGLE_UNIT ( ) );
#1478 = ORIENTED_EDGE ( 'NONE', *, *, #4195, .F. ) ;
#1479 = EDGE_CURVE ( 'NONE', #1375, #480, #858, .T. ) ;
#1480 = CARTESIAN_POINT ( 'NONE',  ( -1.548948578019948563, -1.691580368674819868, -0.8000309566285385143 ) ) ;
#1481 = DIRECTION ( 'NONE',  ( -0.9446060446782177378, -0.3282063685509059026, 0.000000000000000000 ) ) ;
#1482 = CARTESIAN_POINT ( 'NONE',  ( -2.386420574312999143, -10.21097207470999280, -0.8387359972034996725 ) ) ;
#1483 = CARTESIAN_POINT ( 'NONE',  ( -1.961782353478002783, -10.23576428636999402, -0.7245834025345001539 ) ) ;
#1484 = CARTESIAN_POINT ( 'NONE',  ( 1.988000000011000079, -9.259998854833000337, 0.6000002021148999054 ) ) ;
#1485 = CARTESIAN_POINT ( 'NONE',  ( -1.721539526152001232, -9.279469579275000157, -0.5077091506875003324 ) ) ;
#1486 = CARTESIAN_POINT ( 'NONE',  ( 2.418457084428274229, -10.12408226131635480, 0.3516317471250534066 ) ) ;
#1487 = FILL_AREA_STYLE_COLOUR ( '', #1870 ) ;
#1488 = DIRECTION ( 'NONE',  ( 9.320441030344682128E-12, 4.208317995063431080E-06, 0.9999999999911449722 ) ) ;
#1489 = DIRECTION ( 'NONE',  ( 5.049940251257249126E-06, 0.9999999999872489775, 2.354584756837115238E-10 ) ) ;
#1490 = ORIENTED_EDGE ( 'NONE', *, *, #35, .F. ) ;
#1491 = CARTESIAN_POINT ( 'NONE',  ( -0.005498050678581778428, 3.699995915057032292, 0.3499999999999999778 ) ) ;
#1492 = CARTESIAN_POINT ( 'NONE',  ( -1.985049233059001939, -1.123553491993000142, -0.6127803053783997811 ) ) ;
#1493 = UNCERTAINTY_MEASURE_WITH_UNIT (LENGTH_MEASURE( 1.000000000000000082E-05 ), #5761, 'distance_accuracy_value', 'NONE');
#1494 = MECHANICAL_DESIGN_GEOMETRIC_PRESENTATION_REPRESENTATION (  '', ( #1176 ), #1280 ) ;
#1495 = CARTESIAN_POINT ( 'NONE',  ( 2.473040360940998550, -8.700973330504998771, 0.8647462900737005187 ) ) ;
#1496 = CARTESIAN_POINT ( 'NONE',  ( -1.973921488468001417, -10.20856081282000538, -0.4152390119333000951 ) ) ;
#1497 = VERTEX_POINT ( 'NONE', #4049 ) ;
#1498 = CARTESIAN_POINT ( 'NONE',  ( -3.268057908755997332, -1.229648429357000916, -0.5629382866590003642 ) ) ;
#1499 = FACE_OUTER_BOUND ( 'NONE', #1359, .T. ) ;
#1500 = FILL_AREA_STYLE ('',( #572 ) ) ;
#1501 =( BOUNDED_SURFACE ( )  B_SPLINE_SURFACE ( 3, 3, ( 
 ( #4020, #5891, #554, #156, #2939, #614, #5824, #5351, #4863, #5476, #1543, #5952, #3462, #3930, #3065, #99, #644, #584, #3427 ),
 ( #1006, #2025, #1605, #2596, #3034, #65, #3498, #5416, #4964, #2569, #4411, #6001, #205, #3119, #1278, #4048, #1244, #2683, #5630 ),
 ( #4611, #2230, #3635, #2715, #5597, #1662, #4529, #4074, #3224, #4641, #769, #297, #1153, #3190, #4581, #2651, #671, #1630, #237 ),
 ( #5117, #5049, #4549, #3610, #5973, #3580, #5505, #3670, #5531, #4170, #6097, #1694, #5563, #1759, #734, #799, #1721, #2622, #1211 ) ),
 .UNSPECIFIED., .F., .F., .T. ) 
 B_SPLINE_SURFACE_WITH_KNOTS ( ( 4, 4 ),
 ( 4, 1, 1, 1, 1, 1, 1, 1, 1, 1, 1, 1, 1, 1, 1, 1, 4 ),
 ( 0.000000000000000000, 1.000000000000000000 ),
 ( 0.01608171324094000154, 0.04808747996917000361, 0.09949668478558999773, 0.1561804750470000003, 0.2201095350020000063, 0.2906991779656999952, 0.3619065133751999674, 0.4274775215958000474, 0.4951149986135999770, 0.5654679784900000783, 0.6346367485309000189, 0.6992140028175999333, 0.7600453407145000284, 0.8248573667892000749, 0.9020237497026000195, 1.000000000000000000, 1.009414732658000080 ),
 .UNSPECIFIED. ) 
 GEOMETRIC_REPRESENTATION_ITEM ( )  RATIONAL_B_SPLINE_SURFACE ( (
 ( 1.194557097229999920, 1.194557097229999920, 1.194557097229999920, 1.194557097229999920, 1.194557097229999920, 1.194557097229999920, 1.194557097229999920, 1.194557097229999920, 1.194557097229999920, 1.194557097229999920, 1.194557097229999920, 1.194557097229999920, 1.194557097229999920, 1.194557097229999920, 1.194557097229999920, 1.194557097229999920, 1.194557097229999920, 1.194557097229999920, 1.194557097229999920),
 ( 0.9351476342567000000, 0.9351476342567000000, 0.9351476342567000000, 0.9351476342567000000, 0.9351476342567000000, 0.9351476342567000000, 0.9351476342567000000, 0.9351476342567000000, 0.9351476342567000000, 0.9351476342567000000, 0.9351476342567000000, 0.9351476342567000000, 0.9351476342567000000, 0.9351476342567000000, 0.9351476342567000000, 0.9351476342567000000, 0.9351476342567000000, 0.9351476342567000000, 0.9351476342567000000),
 ( 0.9351476342567000000, 0.9351476342567000000, 0.9351476342567000000, 0.9351476342567000000, 0.9351476342567000000, 0.9351476342567000000, 0.9351476342567000000, 0.9351476342567000000, 0.9351476342567000000, 0.9351476342567000000, 0.9351476342567000000, 0.9351476342567000000, 0.9351476342567000000, 0.9351476342567000000, 0.9351476342567000000, 0.9351476342567000000, 0.9351476342567000000, 0.9351476342567000000, 0.9351476342567000000),
 ( 1.194557097229999920, 1.194557097229999920, 1.194557097229999920, 1.194557097229999920, 1.194557097229999920, 1.194557097229999920, 1.194557097229999920, 1.194557097229999920, 1.194557097229999920, 1.194557097229999920, 1.194557097229999920, 1.194557097229999920, 1.194557097229999920, 1.194557097229999920, 1.194557097229999920, 1.194557097229999920, 1.194557097229999920, 1.194557097229999920, 1.194557097229999920) ) ) 
 REPRESENTATION_ITEM ( '' )  SURFACE ( )  );
#1502 = VERTEX_POINT ( 'NONE', #5081 ) ;
#1503 = CARTESIAN_POINT ( 'NONE',  ( 3.422201369028999185, -1.738735251149001737, 0.7160074370657996123 ) ) ;
#1504 = CARTESIAN_POINT ( 'NONE',  ( -1.725987361516997831, -9.366306514850007758, -0.5980169614250000487 ) ) ;
#1505 = CARTESIAN_POINT ( 'NONE',  ( 1.849372250288999098, -9.225379164934997434, 0.6618472166289998126 ) ) ;
#1506 = CARTESIAN_POINT ( 'NONE',  ( -1.978710132549999390, -9.760852653049989058, -0.5229653235416000800 ) ) ;
#1507 = SURFACE_SIDE_STYLE ('',( #1986 ) ) ;
#1508 = CARTESIAN_POINT ( 'NONE',  ( 2.478000000000000203, -1.378000000000000114, 0.5999999999999999778 ) ) ;
#1509 = VERTEX_POINT ( 'NONE', #2624 ) ;
#1510 = B_SPLINE_CURVE_WITH_KNOTS ( 'NONE', 3,
 ( #3853, #6100, #869, #5750, #5271, #1789, #3761, #1441 ),
 .UNSPECIFIED., .F., .F.,
 ( 4, 1, 1, 1, 1, 4 ),
 ( 0.000000000000000000, 0.2000000000000000111, 0.4000000000000000222, 0.5999999999999999778, 0.8000000000000000444, 1.000000000000000000 ),
 .UNSPECIFIED. ) ;
#1511 = CARTESIAN_POINT ( 'NONE',  ( -2.992059454023375586, -2.578810107278378450, -0.003142527853372116889 ) ) ;
#1512 = DIRECTION ( 'NONE',  ( 1.000000000000000000, 0.000000000000000000, 0.000000000000000000 ) ) ;
#1513 = CARTESIAN_POINT ( 'NONE',  ( -2.116591122041999284, -10.25293180905000590, -0.5980127556390001375 ) ) ;
#1514 = CARTESIAN_POINT ( 'NONE',  ( 1.654231810955986370, -9.093115190738167541, 0.8392962040687584890 ) ) ;
#1515 =( NAMED_UNIT ( * ) SI_UNIT ( $, .STERADIAN. ) SOLID_ANGLE_UNIT ( ) );
#1516 = CARTESIAN_POINT ( 'NONE',  ( -1.999576770194001041, -9.260078611081997479, -0.5823239366104999704 ) ) ;
#1517 = AXIS2_PLACEMENT_3D ( 'NONE', #5194, #518, #6178 ) ;
#1518 = CARTESIAN_POINT ( 'NONE',  ( 2.446108300304631111, -10.06877976714008938, 0.3463766425166646123 ) ) ;
#1519 =( NAMED_UNIT ( * ) PLANE_ANGLE_UNIT ( ) SI_UNIT ( $, .RADIAN. ) );
#1520 = CARTESIAN_POINT ( 'NONE',  ( 1.696285491030999903, -9.568437219057001286, 0.4670078731014000173 ) ) ;
#1521 = ORIENTED_EDGE ( 'NONE', *, *, #3732, .F. ) ;
#1522 = CARTESIAN_POINT ( 'NONE',  ( 1.611031446689001223, -1.248787779269000531, 0.2684520974573000873 ) ) ;
#1523 = DIRECTION ( 'NONE',  ( 1.000000000000000000, 0.000000000000000000, 0.000000000000000000 ) ) ;
#1524 = CYLINDRICAL_SURFACE ( 'NONE', #1998, 0.2550000000000000044 ) ;
#1525 = CARTESIAN_POINT ( 'NONE',  ( 3.083133163659001585, -0.9979992537962991683, 0.6017732393646000322 ) ) ;
#1526 = CARTESIAN_POINT ( 'NONE',  ( 3.426343004904000011, -1.837987931183000301, 0.5439148416551000675 ) ) ;
#1527 = CARTESIAN_POINT ( 'NONE',  ( 1.946433437513526155, -1.068843647051264334, 0.6000083437447312207 ) ) ;
#1528 = FILL_AREA_STYLE ('',( #4950 ) ) ;
#1529 = FACE_OUTER_BOUND ( 'NONE', #5645, .T. ) ;
#1530 = VERTEX_POINT ( 'NONE', #6037 ) ;
#1531 = STYLED_ITEM ( 'NONE', ( #1305 ), #2328 ) ;
#1532 = CIRCLE ( 'NONE', #5977, 3.950000000000001954 ) ;
#1533 = CARTESIAN_POINT ( 'NONE',  ( -1.740441710408000109, -8.936386251308997331, -0.9092169986081999333 ) ) ;
#1534 = CARTESIAN_POINT ( 'NONE',  ( 1.850040610285002884, -9.202185438411996543, 0.6930782685847997060 ) ) ;
#1535 = CARTESIAN_POINT ( 'NONE',  ( -1.371885040118999477, -9.905286423397003048, -0.3509572735868998761 ) ) ;
#1536 = CARTESIAN_POINT ( 'NONE',  ( 2.183101097281998637, -9.941604318748998637, 0.1335555274706001494 ) ) ;
#1537 = CARTESIAN_POINT ( 'NONE',  ( 3.112022175639252097, -1.393217261195549561, 0.9049361627174005163 ) ) ;
#1538 = PRESENTATION_LAYER_ASSIGNMENT (  '', '', ( #2959 ) ) ;
#1539 = VERTEX_POINT ( 'NONE', #4551 ) ;
#1540 = EDGE_CURVE ( 'NONE', #2740, #1936, #1574, .T. ) ;
#1541 = CARTESIAN_POINT ( 'NONE',  ( -2.011284557992818023, -8.771643689540391975, -0.7046086256558905525 ) ) ;
#1542 = CARTESIAN_POINT ( 'NONE',  ( -2.478000000000000203, -10.00500283731000017, -0.8549999999841999543 ) ) ;
#1543 = CARTESIAN_POINT ( 'NONE',  ( -2.187856705564001913, -8.870436145237986736, -0.8175622207951996900 ) ) ;
#1544 = STYLED_ITEM ( 'NONE', ( #2130 ), #5143 ) ;
#1545 = DIRECTION ( 'NONE',  ( 1.000000000000000000, 0.000000000000000000, 0.000000000000000000 ) ) ;
#1546 = CARTESIAN_POINT ( 'NONE',  ( 1.807734232930970686, -9.169870272897211905, 0.7945399097755881934 ) ) ;
#1547 = CARTESIAN_POINT ( 'NONE',  ( 2.478078082845999841, -1.916979274093000063, 1.540969748686000118 ) ) ;
#1548 = CARTESIAN_POINT ( 'NONE',  ( -1.727439482936002024, -9.351558609578006553, -0.5683232678495000467 ) ) ;
#1549 = PRESENTATION_LAYER_ASSIGNMENT (  '', '', ( #3886 ) ) ;
#1550 =( LENGTH_UNIT ( ) NAMED_UNIT ( * ) SI_UNIT ( .MILLI., .METRE. ) );
#1551 = DIRECTION ( 'NONE',  ( 0.000000000000000000, 1.000000000000000000, 0.000000000000000000 ) ) ;
#1552 = EDGE_CURVE ( 'NONE', #3, #4156, #1003, .T. ) ;
#1553 = COLOUR_RGB ( '',0.8039215686274510109, 0.8039215686274510109, 0.8039215686274510109 ) ;
#1554 = CARTESIAN_POINT ( 'NONE',  ( -2.350374788703960771, -10.26024716161168726, -0.3786920610768310103 ) ) ;
#1555 = ORIENTED_EDGE ( 'NONE', *, *, #3259, .F. ) ;
#1556 = CARTESIAN_POINT ( 'NONE',  ( 1.599566883947000306, -1.542447734710001406, 1.016622836577999678 ) ) ;
#1557 =( GEOMETRIC_REPRESENTATION_CONTEXT ( 3 ) GLOBAL_UNCERTAINTY_ASSIGNED_CONTEXT ( ( #2752 ) ) GLOBAL_UNIT_ASSIGNED_CONTEXT ( ( #4470, #4605, #258 ) ) REPRESENTATION_CONTEXT ( 'NONE', 'WORKASPACE' ) );
#1558 = AXIS2_PLACEMENT_3D ( 'NONE', #972, #2880, #4809 ) ;
#1559 = UNCERTAINTY_MEASURE_WITH_UNIT (LENGTH_MEASURE( 1.000000000000000082E-05 ), #5851, 'distance_accuracy_value', 'NONE');
#1560 = EDGE_CURVE ( 'NONE', #1225, #598, #4314, .T. ) ;
#1561 = PRESENTATION_STYLE_ASSIGNMENT (( #534 ) ) ;
#1562 = CARTESIAN_POINT ( 'NONE',  ( 3.288125178069000842, -1.017028610804000754, 0.6060179255294001477 ) ) ;
#1563 = ORIENTED_EDGE ( 'NONE', *, *, #443, .T. ) ;
#1564 = CARTESIAN_POINT ( 'NONE',  ( 1.540416250751861948, -1.518612166830270782, 0.6000069144260229415 ) ) ;
#1565 = ORIENTED_EDGE ( 'NONE', *, *, #3987, .F. ) ;
#1566 = CARTESIAN_POINT ( 'NONE',  ( 1.568969129902999970, -9.186938183960000615, 0.3615325402452999604 ) ) ;
#1567 = CARTESIAN_POINT ( 'NONE',  ( -1.729463360751998025, -9.493374787000000481, -0.6472634707426998535 ) ) ;
#1568 = ORIENTED_EDGE ( 'NONE', *, *, #1779, .F. ) ;
#1569 = CARTESIAN_POINT ( 'NONE',  ( -1.846091044396999559, -9.173120313885004151, -0.7268129821808999580 ) ) ;
#1570 = CARTESIAN_POINT ( 'NONE',  ( 1.807880438554001490, -9.062375605284003655, 0.8274598350289001925 ) ) ;
#1571 = CARTESIAN_POINT ( 'NONE',  ( -1.479736291066999554, -10.01641892090999342, -0.3448603969317998175 ) ) ;
#1572 = EDGE_CURVE ( 'NONE', #2554, #529, #4301, .T. ) ;
#1573 =( GEOMETRIC_REPRESENTATION_CONTEXT ( 3 ) GLOBAL_UNCERTAINTY_ASSIGNED_CONTEXT ( ( #6249 ) ) GLOBAL_UNIT_ASSIGNED_CONTEXT ( ( #2422, #3045, #568 ) ) REPRESENTATION_CONTEXT ( 'NONE', 'WORKASPACE' ) );
#1574 = CIRCLE ( 'NONE', #1366, 0.2550000000000000600 ) ;
#1575 = CARTESIAN_POINT ( 'NONE',  ( -1.512158269186208104, -9.936808440863535097, -0.8530832465702696821 ) ) ;
#1576 = CARTESIAN_POINT ( 'NONE',  ( 0.000000000000000000, 0.000000000000000000, -0.5999999999999999778 ) ) ;
#1577 = COLOUR_RGB ( '',0.9411764705882352811, 0.9921568627450980671, 0.007843137254901960675 ) ;
#1578 =( NAMED_UNIT ( * ) PLANE_ANGLE_UNIT ( ) SI_UNIT ( $, .RADIAN. ) );
#1579 = CARTESIAN_POINT ( 'NONE',  ( -1.667096965363999761, -9.093272499591998681, -0.4101293060989998351 ) ) ;
#1580 = CARTESIAN_POINT ( 'NONE',  ( -3.402670230842999910, -1.946972256189000161, -0.4681594196555000087 ) ) ;
#1581 = CARTESIAN_POINT ( 'NONE',  ( -1.554027622268770559, -9.043103766985119307, -0.8526095253268217711 ) ) ;
#1582 = ORIENTED_EDGE ( 'NONE', *, *, #4744, .F. ) ;
#1583 = CARTESIAN_POINT ( 'NONE',  ( 2.662268292619001997, -8.829113504497001941, 0.07696762376413002205 ) ) ;
#1584 = DIRECTION ( 'NONE',  ( 0.7071067811865466846, 0.7071067811865483499, 0.000000000000000000 ) ) ;
#1585 = PRESENTATION_LAYER_ASSIGNMENT (  '', '', ( #4918 ) ) ;
#1586 = EDGE_CURVE ( 'NONE', #3243, #5158, #6229, .T. ) ;
#1587 = CIRCLE ( 'NONE', #2509, 3.950000000000000178 ) ;
#1588 = CARTESIAN_POINT ( 'NONE',  ( 3.495042302040999971, -1.214363493161999985, 0.5999999278019999549 ) ) ;
#1589 = CARTESIAN_POINT ( 'NONE',  ( 3.258189940132001805, -1.464276739438999275, 0.8856803296117007340 ) ) ;
#1590 = CARTESIAN_POINT ( 'NONE',  ( 1.937107876428614484, -1.076638143576773565, 0.6000055039293399339 ) ) ;
#1591 = ORIENTED_EDGE ( 'NONE', *, *, #6136, .T. ) ;
#1592 = CYLINDRICAL_SURFACE ( 'NONE', #5527, 0.9499999999999999556 ) ;
#1593 = CARTESIAN_POINT ( 'NONE',  ( 1.708651100268110845, -9.543853293780330205, 0.7141714576950474180 ) ) ;
#1594 = ADVANCED_FACE ( 'NONE', ( #5632 ), #3771, .T. ) ;
#1595 = AXIS2_PLACEMENT_3D ( 'NONE', #6197, #5717, #52 ) ;
#1596 = ORIENTED_EDGE ( 'NONE', *, *, #2296, .F. ) ;
#1597 = CARTESIAN_POINT ( 'NONE',  ( 2.478000015587000338, -3.377999868689000262, 0.6000000089710000317 ) ) ;
#1598 = CARTESIAN_POINT ( 'NONE',  ( -1.599168610131000312, -9.268995586985997903, -0.8253462008949993267 ) ) ;
#1599 = CARTESIAN_POINT ( 'NONE',  ( 1.999577740509999479, -9.260214817037002888, 0.5946753899084997741 ) ) ;
#1600 = CARTESIAN_POINT ( 'NONE',  ( -1.648813121381000890, -9.790915578199003377, -0.4435246448157001975 ) ) ;
#1601 = FILL_AREA_STYLE ('',( #2644 ) ) ;
#1602 = LINE ( 'NONE', #5558, #612 ) ;
#1603 = CARTESIAN_POINT ( 'NONE',  ( -2.456446425438091996, -8.994225642043327085, -0.8549988688376110035 ) ) ;
#1604 = CARTESIAN_POINT ( 'NONE',  ( -2.270447167837408298, -10.10878474531578597, -0.8329837955085570567 ) ) ;
#1605 = CARTESIAN_POINT ( 'NONE',  ( -2.116881147422997600, -8.756983652804004592, -0.6065717644465002945 ) ) ;
#1606 = CARTESIAN_POINT ( 'NONE',  ( -2.357982257236211243, -8.765033527121868673, -0.3745095421412867887 ) ) ;
#1607 = DIRECTION ( 'NONE',  ( 0.9999999999999026334, 2.104534969931004253E-12, 4.411827423796007579E-07 ) ) ;
#1608 = ORIENTED_EDGE ( 'NONE', *, *, #5231, .T. ) ;
#1609 = CARTESIAN_POINT ( 'NONE',  ( 2.343213328716998500, -8.645349343782998019, 0.4390579658930999774 ) ) ;
#1610 = CARTESIAN_POINT ( 'NONE',  ( -2.478000000000000203, -10.00500000000000078, -0.5999999999999999778 ) ) ;
#1611 = CARTESIAN_POINT ( 'NONE',  ( 3.402674369514999686, -1.946959222715000104, 0.4681657909630999592 ) ) ;
#1612 = CARTESIAN_POINT ( 'NONE',  ( 2.999233626753999626, -1.378504151757002028, 0.9497526583146004286 ) ) ;
#1613 = CARTESIAN_POINT ( 'NONE',  ( -2.262836616633464804, -8.574724071712376272, -0.7380375993407730650 ) ) ;
#1614 = EDGE_LOOP ( 'NONE', ( #2609, #1303 ) ) ;
#1615 = CIRCLE ( 'NONE', #3751, 0.2499999999999998612 ) ;
#1616 = CARTESIAN_POINT ( 'NONE',  ( 1.731927391422001028, -9.648896127244004362, 0.5979229988419001440 ) ) ;
#1617 = PRESENTATION_STYLE_ASSIGNMENT (( #5067 ) ) ;
#1618 = EDGE_LOOP ( 'NONE', ( #2332, #2290, #3656, #5465 ) ) ;
#1619 = DIRECTION ( 'NONE',  ( 0.000000000000000000, 1.000000000000000000, 0.000000000000000000 ) ) ;
#1620 = CARTESIAN_POINT ( 'NONE',  ( -1.990659757237000171, -1.028000000000000025, -0.6000000574253999686 ) ) ;
#1621 = CARTESIAN_POINT ( 'NONE',  ( -3.338345720833999941, -2.111385291270000408, -0.3499999999999999778 ) ) ;
#1622 = CARTESIAN_POINT ( 'NONE',  ( 0.000000000000000000, 0.000000000000000000, 0.3499999999999999778 ) ) ;
#1623 = CARTESIAN_POINT ( 'NONE',  ( -2.465381124410001679, -8.846098806508997825, -0.3827256466235002819 ) ) ;
#1624 = MECHANICAL_DESIGN_GEOMETRIC_PRESENTATION_REPRESENTATION (  '', ( #1027 ), #5168 ) ;
#1625 = SURFACE_SIDE_STYLE ('',( #4546 ) ) ;
#1626 = CARTESIAN_POINT ( 'NONE',  ( 2.338767018172344336, -8.726617467629180780, 0.3862349933636676780 ) ) ;
#1627 = CARTESIAN_POINT ( 'NONE',  ( -1.555172860202407970, -9.850663506683764226, -0.8430565362738912105 ) ) ;
#1628 = AXIS2_PLACEMENT_3D ( 'NONE', #182, #2135, #2109 ) ;
#1629 = STYLED_ITEM ( 'NONE', ( #2750 ), #352 ) ;
#1630 = CARTESIAN_POINT ( 'NONE',  ( -2.667421497006998266, -8.822664912830996187, -0.9628740062926001153 ) ) ;
#1631 = FILL_AREA_STYLE_COLOUR ( '', #2566 ) ;
#1632 = CARTESIAN_POINT ( 'NONE',  ( 1.914034899678873858, -9.786984117797098648, 0.4664033296393930161 ) ) ;
#1633 = AXIS2_PLACEMENT_3D ( 'NONE', #4442, #2978, #3094 ) ;
#1634 = DIRECTION ( 'NONE',  ( 1.000000000000000000, 0.000000000000000000, 0.000000000000000000 ) ) ;
#1635 = SPHERICAL_SURFACE ( 'NONE', #4444, 0.2550000000000000044 ) ;
#1636 = CARTESIAN_POINT ( 'NONE',  ( -2.305214398023061939, -10.35056830826425944, -0.4117265015346059376 ) ) ;
#1637 = CARTESIAN_POINT ( 'NONE',  ( 2.229941742180001629, -8.643673835485996548, 0.5994810139045994024 ) ) ;
#1638 = CARTESIAN_POINT ( 'NONE',  ( -1.621853759808000062, -1.101724165068998618, -0.4558487302391999729 ) ) ;
#1639 = CIRCLE ( 'NONE', #5184, 0.9499999999999998446 ) ;
#1640 = EDGE_CURVE ( 'NONE', #3518, #3243, #2381, .T. ) ;
#1641 = SURFACE_SIDE_STYLE ('',( #6047 ) ) ;
#1642 = CARTESIAN_POINT ( 'NONE',  ( 3.315617784681001545, -1.247078698548000020, 0.5606098218789997700 ) ) ;
#1643 = CARTESIAN_POINT ( 'NONE',  ( -2.321492329011925371, -8.691985370645527453, -0.8017618921801634713 ) ) ;
#1644 = VERTEX_POINT ( 'NONE', #2437 ) ;
#1645 = VECTOR ( 'NONE', #339, 1000.000000000000227 ) ;
#1646 = CARTESIAN_POINT ( 'NONE',  ( 1.720639401517000122, -9.494528588241990974, 0.6851652462872001026 ) ) ;
#1647 = CARTESIAN_POINT ( 'NONE',  ( -3.541237897271180657, -1.567622594578884865, -0.5308111932949329814 ) ) ;
#1648 = CARTESIAN_POINT ( 'NONE',  ( 1.617157514602190149, -9.726700093236686939, 0.8137024367833673999 ) ) ;
#1649 = VERTEX_POINT ( 'NONE', #5662 ) ;
#1650 = CIRCLE ( 'NONE', #6102, 0.2550000000000001710 ) ;
#1651 =( LENGTH_UNIT ( ) NAMED_UNIT ( * ) SI_UNIT ( .MILLI., .METRE. ) );
#1652 = CARTESIAN_POINT ( 'NONE',  ( -1.939149733325999936, -1.196477826591999971, -0.6427301930032999211 ) ) ;
#1653 = DIRECTION ( 'NONE',  ( -1.000000000000000000, 0.000000000000000000, 0.000000000000000000 ) ) ;
#1654 = SURFACE_STYLE_FILL_AREA ( #4633 ) ;
#1655 =( NAMED_UNIT ( * ) SI_UNIT ( $, .STERADIAN. ) SOLID_ANGLE_UNIT ( ) );
#1656 = CARTESIAN_POINT ( 'NONE',  ( -2.562076326650002844, -8.889655880287996581, -0.3562820301926000743 ) ) ;
#1657 = EDGE_CURVE ( 'NONE', #5990, #3694, #4703, .T. ) ;
#1658 = SURFACE_STYLE_FILL_AREA ( #3221 ) ;
#1659 = CARTESIAN_POINT ( 'NONE',  ( 2.389884808931962645, -8.828768188380921700, 0.3607037960536392807 ) ) ;
#1660 = CARTESIAN_POINT ( 'NONE',  ( -3.341860020246000484, -1.485571246925000644, -0.6870199621521004829 ) ) ;
#1661 =( GEOMETRIC_REPRESENTATION_CONTEXT ( 3 ) GLOBAL_UNCERTAINTY_ASSIGNED_CONTEXT ( ( #3405 ) ) GLOBAL_UNIT_ASSIGNED_CONTEXT ( ( #593, #2519, #4481 ) ) REPRESENTATION_CONTEXT ( 'NONE', 'WORKASPACE' ) );
#1662 = CARTESIAN_POINT ( 'NONE',  ( -2.253982391097000271, -8.634276619989002199, -0.6563075478823003905 ) ) ;
#1663 = CARTESIAN_POINT ( 'NONE',  ( -2.372073048952410446, -8.793137605298033677, -0.3674654607746560830 ) ) ;
#1664 = EDGE_CURVE ( 'NONE', #751, #574, #4941, .T. ) ;
#1665 = PRESENTATION_LAYER_ASSIGNMENT (  '', '', ( #1768 ) ) ;
#1666 = VECTOR ( 'NONE', #4745, 1000.000000000000114 ) ;
#1667 = DIRECTION ( 'NONE',  ( 0.7071067811865466846, 0.7071067811865483499, 0.000000000000000000 ) ) ;
#1668 = CARTESIAN_POINT ( 'NONE',  ( 2.478000000000000203, -9.004996347207999463, 0.3450000000262000155 ) ) ;
#1669 = LINE ( 'NONE', #773, #1645 ) ;
#1670 = CIRCLE ( 'NONE', #1981, 0.2550000000000000044 ) ;
#1671 = CARTESIAN_POINT ( 'NONE',  ( 2.519594381459000942, -8.869747310164999732, 0.3665031209905000309 ) ) ;
#1672 = DIRECTION ( 'NONE',  ( 0.000000000000000000, 1.000000000000000000, 0.000000000000000000 ) ) ;
#1673 = CARTESIAN_POINT ( 'NONE',  ( -1.772342611922999911, -1.086062777222001063, -0.6099793730031999317 ) ) ;
#1674 = UNCERTAINTY_MEASURE_WITH_UNIT (LENGTH_MEASURE( 1.000000000000000082E-05 ), #5052, 'distance_accuracy_value', 'NONE');
#1675 = FILL_AREA_STYLE_COLOUR ( '', #6033 ) ;
#1676 = SURFACE_STYLE_FILL_AREA ( #6048 ) ;
#1677 = CARTESIAN_POINT ( 'NONE',  ( 2.478000000000000203, -10.00500284076000135, 0.8549999999842000653 ) ) ;
#1678 = CIRCLE ( 'NONE', #2604, 0.9409697611113002624 ) ;
#1679 = CARTESIAN_POINT ( 'NONE',  ( 2.300559736547366452, -10.09371778897450334, 0.3609218981647226987 ) ) ;
#1680 = ORIENTED_EDGE ( 'NONE', *, *, #4643, .F. ) ;
#1681 = CARTESIAN_POINT ( 'NONE',  ( 1.291228004756998837, -9.831189227802003217, 1.113923711308000053 ) ) ;
#1682 = DIRECTION ( 'NONE',  ( 1.000000000000000000, 0.000000000000000000, 0.000000000000000000 ) ) ;
#1683 = SURFACE_STYLE_FILL_AREA ( #5467 ) ;
#1684 = CIRCLE ( 'NONE', #664, 0.2549999999999999489 ) ;
#1685 = ORIENTED_EDGE ( 'NONE', *, *, #2042, .T. ) ;
#1686 = CARTESIAN_POINT ( 'NONE',  ( -1.883918238273999401, -9.067876559474994380, -0.9688935035099993653 ) ) ;
#1687 = CARTESIAN_POINT ( 'NONE',  ( -3.402670230842999910, -1.946972256189000161, -0.4681594196555000087 ) ) ;
#1688 = AXIS2_PLACEMENT_3D ( 'NONE', #1431, #6217, #2359 ) ;
#1689 = FILL_AREA_STYLE_COLOUR ( '', #5777 ) ;
#1690 = CARTESIAN_POINT ( 'NONE',  ( 3.112075987808690769, -2.434558296653530629, 0.07354940078443458762 ) ) ;
#1691 = DIRECTION ( 'NONE',  ( -0.7071067811865466846, 0.7071067811865483499, 0.000000000000000000 ) ) ;
#1692 = FILL_AREA_STYLE_COLOUR ( '', #1381 ) ;
#1693 = CARTESIAN_POINT ( 'NONE',  ( -3.264056327492999898, -1.469193816230998539, -0.8846267992585000739 ) ) ;
#1694 = CARTESIAN_POINT ( 'NONE',  ( -2.429963716669002682, -8.611356300370989203, -0.9825521068025995230 ) ) ;
#1695 = CARTESIAN_POINT ( 'NONE',  ( 1.981813681700530960, -9.753094345882995952, 0.5567142132069370364 ) ) ;
#1696 = CARTESIAN_POINT ( 'NONE',  ( 1.729117075463999953, -9.504935514980999756, 0.5553511450427999208 ) ) ;
#1697 = DIRECTION ( 'NONE',  ( 0.000000000000000000, 0.000000000000000000, -1.000000000000000000 ) ) ;
#1698 = CARTESIAN_POINT ( 'NONE',  ( 2.488261675659998673, -10.00905077246999575, 0.3448092481929999620 ) ) ;
#1699 = CARTESIAN_POINT ( 'NONE',  ( 2.380236571316999949, -8.658101735073003624, 0.4053052506438999947 ) ) ;
#1700 = CYLINDRICAL_SURFACE ( 'NONE', #419, 3.950000000000000178 ) ;
#1701 = CARTESIAN_POINT ( 'NONE',  ( -1.621217171123001455, -1.201790313105000285, -0.2559761764407998408 ) ) ;
#1702 = SPHERICAL_SURFACE ( 'NONE', #1171, 0.2550000000000000044 ) ;
#1703 = FILL_AREA_STYLE ('',( #346 ) ) ;
#1704 = CARTESIAN_POINT ( 'NONE',  ( -2.253903544571446815, -8.556784595141937899, -0.7228626677963745362 ) ) ;
#1705 = ORIENTED_EDGE ( 'NONE', *, *, #3710, .T. ) ;
#1706 = FILL_AREA_STYLE_COLOUR ( '', #949 ) ;
#1707 = DIRECTION ( 'NONE',  ( 3.978673660451082923E-07, -0.9999999999999207301, -2.044188993832044787E-12 ) ) ;
#1708 = DIRECTION ( 'NONE',  ( 0.000000000000000000, 1.000000000000000000, 0.000000000000000000 ) ) ;
#1709 = ORIENTED_EDGE ( 'NONE', *, *, #4258, .T. ) ;
#1710 = TOROIDAL_SURFACE ( 'NONE', #1201, 0.6049999999999999822, 0.3499999999999999778 ) ;
#1711 = ORIENTED_EDGE ( 'NONE', *, *, #3987, .T. ) ;
#1712 = CARTESIAN_POINT ( 'NONE',  ( -1.653886491805999892, -8.820731703772990429, -1.123032377487000355 ) ) ;
#1713 = CARTESIAN_POINT ( 'NONE',  ( -3.426342951836999884, -1.837987930960000238, -0.5439139442806999458 ) ) ;
#1714 = CARTESIAN_POINT ( 'NONE',  ( 1.843938822493999652, -9.756802128006000885, 0.6021636606472000608 ) ) ;
#1715 = CARTESIAN_POINT ( 'NONE',  ( -2.502665633798002442, -8.717008965843000112, -0.3162621441198003036 ) ) ;
#1716 = TOROIDAL_SURFACE ( 'NONE', #1423, 3.700000000000000178, 0.2500000000000000000 ) ;
#1717 = CARTESIAN_POINT ( 'NONE',  ( -2.017150435438075817, -8.774574131466795990, -0.4888586099315749833 ) ) ;
#1718 = CARTESIAN_POINT ( 'NONE',  ( -2.488261672828001814, -10.00905077812999444, -0.3448092480855000086 ) ) ;
#1719 = CARTESIAN_POINT ( 'NONE',  ( -1.867488299934722207, -1.130942321842024700, -0.6000838116993155724 ) ) ;
#1720 = CARTESIAN_POINT ( 'NONE',  ( -3.422361432603001408, -1.741857382761999418, -0.7135932263982995849 ) ) ;
#1721 = CARTESIAN_POINT ( 'NONE',  ( -2.638617668225998525, -8.804880564611989868, -1.114831781215998907 ) ) ;
#1722 = CARTESIAN_POINT ( 'NONE',  ( 1.716760206468308514, -9.885622098045933726, 0.3742498821027940292 ) ) ;
#1723 = ADVANCED_FACE ( 'NONE', ( #970 ), #4807, .T. ) ;
#1724 = VECTOR ( 'NONE', #999, 1000.000000000000000 ) ;
#1725 = DIRECTION ( 'NONE',  ( -1.000000000000000000, 0.000000000000000000, 0.000000000000000000 ) ) ;
#1726 = STYLED_ITEM ( 'NONE', ( #2698 ), #233 ) ;
#1727 = DIRECTION ( 'NONE',  ( 0.000000000000000000, -1.000000000000000000, 0.000000000000000000 ) ) ;
#1728 = FACE_OUTER_BOUND ( 'NONE', #51, .T. ) ;
#1729 = CARTESIAN_POINT ( 'NONE',  ( 2.302116379428000847, -9.820729072715000285, 1.123032566538999522 ) ) ;
#1730 =( BOUNDED_CURVE ( )  B_SPLINE_CURVE ( 3, ( #71, #2574, #5423, #3964, #37, #2000, #4869, #560, #3998, #3556, #4024, #3038, #2511, #5388, #526 ),
 .UNSPECIFIED., .F., .T. ) 
 B_SPLINE_CURVE_WITH_KNOTS ( ( 4, 1, 1, 1, 1, 1, 1, 1, 1, 1, 1, 1, 4 ),
 ( 0.000000000000000000, 0.1184185964246954326, 0.2093042616564978198, 0.2857031578310708086, 0.3605321158641598411, 0.4425450086227731838, 0.5287534276905937469, 0.6136762405586908553, 0.6931330859182159854, 0.7785000055269836183, 0.8647453008619384596, 0.9429317589573144032, 1.000000000000000000 ),
 .UNSPECIFIED. ) 
 CURVE ( )  GEOMETRIC_REPRESENTATION_ITEM ( )  RATIONAL_B_SPLINE_CURVE ( ( 1.171569305353519663, 1.171569305353519663, 1.171569305353519663, 1.171569305353519663, 1.171569305353519663, 1.171569305353519663, 1.171569305353519663, 1.171569305353519663, 1.171569305353519663, 1.171569305353519663, 1.171569305353519663, 1.171569305353519663, 1.171569305353519663, 1.171569305353519663, 1.171569305353519663 ) ) 
 REPRESENTATION_ITEM ( '' )  );
#1731 = CARTESIAN_POINT ( 'NONE',  ( 1.694455402707001346, -9.172254631420997839, 0.4453468417385001432 ) ) ;
#1732 = CARTESIAN_POINT ( 'NONE',  ( -1.559941737876999746, -1.284998011044998778, -0.5182966659830003930 ) ) ;
#1733 = STYLED_ITEM ( 'NONE', ( #3043 ), #279 ) ;
#1734 = UNCERTAINTY_MEASURE_WITH_UNIT (LENGTH_MEASURE( 1.000000000000000082E-05 ), #5179, 'distance_accuracy_value', 'NONE');
#1735 = EDGE_CURVE ( 'NONE', #3944, #1106, #1937, .T. ) ;
#1736 = CARTESIAN_POINT ( 'NONE',  ( -1.706378989308000138, -1.727999999999999980, -1.154166517074000087 ) ) ;
#1737 = CARTESIAN_POINT ( 'NONE',  ( -1.645531341807000114, -9.340065072088000520, -0.4072497545284000098 ) ) ;
#1738 = CARTESIAN_POINT ( 'NONE',  ( 2.233217312214895500, -10.49456793070903338, 0.6738324223341924935 ) ) ;
#1739 = CARTESIAN_POINT ( 'NONE',  ( -2.301768189020783950, -10.09311519074848995, -0.3607037959350833933 ) ) ;
#1740 = ORIENTED_EDGE ( 'NONE', *, *, #4168, .F. ) ;
#1741 = CARTESIAN_POINT ( 'NONE',  ( 1.539907232477998988, -9.681187697032996198, 0.8248286322248997715 ) ) ;
#1742 = CARTESIAN_POINT ( 'NONE',  ( -1.488876709082000094, -9.983234687424999976, -0.3450007466906999665 ) ) ;
#1743 = CARTESIAN_POINT ( 'NONE',  ( 2.262553406506000009, -10.45129745087999318, 0.7383654280448999074 ) ) ;
#1744 = MECHANICAL_DESIGN_GEOMETRIC_PRESENTATION_REPRESENTATION (  '', ( #1544 ), #2761 ) ;
#1745 = UNCERTAINTY_MEASURE_WITH_UNIT (LENGTH_MEASURE( 1.000000000000000082E-05 ), #5084, 'distance_accuracy_value', 'NONE');
#1746 = EDGE_CURVE ( 'NONE', #4362, #4125, #5818, .T. ) ;
#1747 = ORIENTED_EDGE ( 'NONE', *, *, #6056, .F. ) ;
#1748 = ORIENTED_EDGE ( 'NONE', *, *, #4586, .T. ) ;
#1749 = CARTESIAN_POINT ( 'NONE',  ( -1.986025555012000066, -1.077736143802999980, -0.6032554254651999459 ) ) ;
#1750 = AXIS2_PLACEMENT_3D ( 'NONE', #3799, #483, #2431 ) ;
#1751 = CARTESIAN_POINT ( 'NONE',  ( -1.317122340455999296, -9.805146258194994857, -0.09480758755690005257 ) ) ;
#1752 =( NAMED_UNIT ( * ) SI_UNIT ( $, .STERADIAN. ) SOLID_ANGLE_UNIT ( ) );
#1753 = CARTESIAN_POINT ( 'NONE',  ( -1.778594260284998896, -9.759097923230001470, -0.6786660257057002266 ) ) ;
#1754 = AXIS2_PLACEMENT_3D ( 'NONE', #5519, #1708, #3654 ) ;
#1755 = ORIENTED_EDGE ( 'NONE', *, *, #609, .F. ) ;
#1756 = CARTESIAN_POINT ( 'NONE',  ( 3.338345720833999941, -2.111385291270000408, 0.3499999999999999778 ) ) ;
#1757 =( NAMED_UNIT ( * ) SI_UNIT ( $, .STERADIAN. ) SOLID_ANGLE_UNIT ( ) );
#1758 = CARTESIAN_POINT ( 'NONE',  ( -1.727999946521999952, -9.504998384173999781, -0.6502489654445000600 ) ) ;
#1759 = CARTESIAN_POINT ( 'NONE',  ( -2.505848305521000352, -8.677424239697998587, -1.043022372948001042 ) ) ;
#1760 = DIRECTION ( 'NONE',  ( 0.000000000000000000, 1.000000000000000000, 0.000000000000000000 ) ) ;
#1761 = FILL_AREA_STYLE_COLOUR ( '', #249 ) ;
#1762 = FILL_AREA_STYLE_COLOUR ( '', #2494 ) ;
#1763 = PRESENTATION_STYLE_ASSIGNMENT (( #301 ) ) ;
#1764 = CARTESIAN_POINT ( 'NONE',  ( 2.215558259887999260, -9.936386256064999145, 0.2907828574256002274 ) ) ;
#1765 = CARTESIAN_POINT ( 'NONE',  ( 1.733064845380001495, -9.526211826018000650, 0.5822756499528999319 ) ) ;
#1766 = SURFACE_STYLE_FILL_AREA ( #1252 ) ;
#1767 = CARTESIAN_POINT ( 'NONE',  ( -1.785023806985001738, -1.377750843074999176, -1.033405252723000212 ) ) ;
#1768 = STYLED_ITEM ( 'NONE', ( #5129 ), #3338 ) ;
#1769 = AXIS2_PLACEMENT_3D ( 'NONE', #2389, #6248, #1899 ) ;
#1770 = CARTESIAN_POINT ( 'NONE',  ( -3.212039856727178844, -1.431322396052541857, -0.8827898859426837053 ) ) ;
#1771 =( NAMED_UNIT ( * ) SI_UNIT ( $, .STERADIAN. ) SOLID_ANGLE_UNIT ( ) );
#1772 = CARTESIAN_POINT ( 'NONE',  ( 2.259984117798090608, -10.44103489968357401, 0.7335966703614581474 ) ) ;
#1773 = CARTESIAN_POINT ( 'NONE',  ( -2.454678219533191985, -1.837987956972999992, -1.549713690833115054 ) ) ;
#1774 = EDGE_LOOP ( 'NONE', ( #3980, #4063, #3320, #1565, #3716, #4489 ) ) ;
#1775 = CARTESIAN_POINT ( 'NONE',  ( 1.963489248861001180, -1.173810955271999301, 0.6311614733000000532 ) ) ;
#1776 = DIRECTION ( 'NONE',  ( 1.000000000000000000, 0.000000000000000000, 0.000000000000000000 ) ) ;
#1777 = CARTESIAN_POINT ( 'NONE',  ( 0.000000000000000000, 0.000000000000000000, -0.5999999999999999778 ) ) ;
#1778 = CARTESIAN_POINT ( 'NONE',  ( 2.489298780304999514, -10.00697643906000422, 0.8551449270248004941 ) ) ;
#1779 = EDGE_CURVE ( 'NONE', #4224, #825, #5173, .T. ) ;
#1780 = ORIENTED_EDGE ( 'NONE', *, *, #3925, .F. ) ;
#1781 = EDGE_LOOP ( 'NONE', ( #3595, #794, #5583 ) ) ;
#1782 = CARTESIAN_POINT ( 'NONE',  ( -3.211013254897999047, -1.433084138560999810, -0.8941955778286011514 ) ) ;
#1783 = CARTESIAN_POINT ( 'NONE',  ( -2.478078082845999841, -1.916979274093000063, -1.540969748686000118 ) ) ;
#1784 = CARTESIAN_POINT ( 'NONE',  ( 1.683972074711000744, -9.913420574311992084, 0.3612640027962999434 ) ) ;
#1785 = CARTESIAN_POINT ( 'NONE',  ( 3.414354939827999758, -1.907551295448000062, 0.4868492960283000159 ) ) ;
#1786 = ORIENTED_EDGE ( 'NONE', *, *, #2589, .F. ) ;
#1787 = SURFACE_STYLE_FILL_AREA ( #4204 ) ;
#1788 = PRESENTATION_LAYER_ASSIGNMENT (  '', '', ( #2804 ) ) ;
#1789 = CARTESIAN_POINT ( 'NONE',  ( 3.427844262016000343, -1.812757758584000012, 0.5747336179311001159 ) ) ;
#1790 = CARTESIAN_POINT ( 'NONE',  ( -1.540416188321028335, -1.518612442314321243, -0.6000069134024527129 ) ) ;
#1791 = CARTESIAN_POINT ( 'NONE',  ( -3.545598396947998943, -1.526416835596998922, -0.4869671158213999540 ) ) ;
#1792 = CARTESIAN_POINT ( 'NONE',  ( 2.029784594846189449, -10.22909645557627378, 0.7228626675236791144 ) ) ;
#1793 =( GEOMETRIC_REPRESENTATION_CONTEXT ( 3 ) GLOBAL_UNCERTAINTY_ASSIGNED_CONTEXT ( ( #4219 ) ) GLOBAL_UNIT_ASSIGNED_CONTEXT ( ( #1908, #2429, #3856 ) ) REPRESENTATION_CONTEXT ( 'NONE', 'WORKASPACE' ) );
#1794 = CARTESIAN_POINT ( 'NONE',  ( 2.145624869895002007, -8.848725502397995157, 0.8025607183665002253 ) ) ;
#1795 = CARTESIAN_POINT ( 'NONE',  ( 2.288222536561999920, -10.40212158425999966, 0.4282201046075998496 ) ) ;
#1796 = CARTESIAN_POINT ( 'NONE',  ( 1.674747334990002390, -9.415510884086009114, 0.4363358381335003533 ) ) ;
#1797 = CARTESIAN_POINT ( 'NONE',  ( 0.000000000000000000, 0.000000000000000000, -0.3499999999999999778 ) ) ;
#1798 = UNCERTAINTY_MEASURE_WITH_UNIT (LENGTH_MEASURE( 1.000000000000000082E-05 ), #5726, 'distance_accuracy_value', 'NONE');
#1799 = CARTESIAN_POINT ( 'NONE',  ( 1.854737488760471509, -3.288377523620587883, 0.5996252576084942776 ) ) ;
#1800 = SURFACE_STYLE_USAGE ( .BOTH. , #4687 ) ;
#1801 = ORIENTED_EDGE ( 'NONE', *, *, #3999, .F. ) ;
#1802 = CARTESIAN_POINT ( 'NONE',  ( 1.896380498673999604, -1.299519619674001536, 0.7278940665761998163 ) ) ;
#1803 =( LENGTH_UNIT ( ) NAMED_UNIT ( * ) SI_UNIT ( .MILLI., .METRE. ) );
#1804 = DIRECTION ( 'NONE',  ( -1.000000000000000000, 0.000000000000000000, 0.000000000000000000 ) ) ;
#1805 = CARTESIAN_POINT ( 'NONE',  ( 2.288902431805001747, -10.09327208076999405, 0.7898711300799002855 ) ) ;
#1806 = ADVANCED_FACE ( 'NONE', ( #127 ), #1501, .F. ) ;
#1807 = UNCERTAINTY_MEASURE_WITH_UNIT (LENGTH_MEASURE( 1.000000000000000082E-05 ), #2993, 'distance_accuracy_value', 'NONE');
#1808 =( NAMED_UNIT ( * ) SI_UNIT ( $, .STERADIAN. ) SOLID_ANGLE_UNIT ( ) );
#1809 = ORIENTED_EDGE ( 'NONE', *, *, #2113, .F. ) ;
#1810 = DIRECTION ( 'NONE',  ( 0.000000000000000000, 0.000000000000000000, 1.000000000000000000 ) ) ;
#1811 = CARTESIAN_POINT ( 'NONE',  ( 1.530328271613000668, -9.834158297321998532, 0.3940198555699998550 ) ) ;
#1812 =( NAMED_UNIT ( * ) PLANE_ANGLE_UNIT ( ) SI_UNIT ( $, .RADIAN. ) );
#1813 = CARTESIAN_POINT ( 'NONE',  ( -1.788434317498001525, -9.860021689288002378, -0.8108836142246996781 ) ) ;
#1814 = CARTESIAN_POINT ( 'NONE',  ( 3.419135714665000325, -1.888988278418999966, 0.4975096242213000175 ) ) ;
#1815 = EDGE_LOOP ( 'NONE', ( #3185, #4929, #5101, #5744, #5722 ) ) ;
#1816 = STYLED_ITEM ( 'NONE', ( #1321 ), #2787 ) ;
#1817 = DIRECTION ( 'NONE',  ( -1.000000000000000000, 0.000000000000000000, 0.000000000000000000 ) ) ;
#1818 = SURFACE_STYLE_FILL_AREA ( #903 ) ;
#1819 = CARTESIAN_POINT ( 'NONE',  ( -3.686264839515998926, -1.403996228492999210, -0.5302229060960002016 ) ) ;
#1820 = CARTESIAN_POINT ( 'NONE',  ( 2.245537227413062276, -10.12125508777051586, 0.8271914936599450430 ) ) ;
#1821 = CARTESIAN_POINT ( 'NONE',  ( 1.397202561183998437, -9.893047227412001376, 0.8440915320870003846 ) ) ;
#1822 = B_SPLINE_CURVE_WITH_KNOTS ( 'NONE', 3,
 ( #3529, #1456, #1179, #5322, #3115, #691, #4838 ),
 .UNSPECIFIED., .F., .F.,
 ( 4, 1, 1, 1, 4 ),
 ( 0.000000000000000000, 0.2500000000000000000, 0.5000000000000000000, 0.7500000000000000000, 1.000000000000000000 ),
 .UNSPECIFIED. ) ;
#1823 = EDGE_CURVE ( 'NONE', #319, #2545, #1837, .T. ) ;
#1824 = CARTESIAN_POINT ( 'NONE',  ( 2.031702549122998303, -8.789553406505994815, 0.7383654280450003826 ) ) ;
#1825 = CARTESIAN_POINT ( 'NONE',  ( -2.229983652804000016, -10.36611885257999432, -0.6065717644463997082 ) ) ;
#1826 = CARTESIAN_POINT ( 'NONE',  ( 2.226581461787001004, -10.51937844827000568, 0.5517424918032001191 ) ) ;
#1827 = FILL_AREA_STYLE ('',( #2241 ) ) ;
#1828 = FACE_OUTER_BOUND ( 'NONE', #4949, .T. ) ;
#1829 = CARTESIAN_POINT ( 'NONE',  ( -1.836983522341000041, -3.211741170929999889, -0.6000000022515000753 ) ) ;
#1830 = CIRCLE ( 'NONE', #3258, 0.3500000000000001443 ) ;
#1831 = DIRECTION ( 'NONE',  ( -0.9996986219295941334, 0.000000000000000000, -0.02454924259667985720 ) ) ;
#1832 = CARTESIAN_POINT ( 'NONE',  ( 1.727999145718000173, -9.505000276506999413, 0.6502529488748000075 ) ) ;
#1833 = CARTESIAN_POINT ( 'NONE',  ( -2.046154299533890164, -10.22093558820416526, -0.4631592596989056454 ) ) ;
#1834 = ORIENTED_EDGE ( 'NONE', *, *, #90, .F. ) ;
#1835 = CARTESIAN_POINT ( 'NONE',  ( 1.889012353173999070, -1.339741447037002153, 0.7890410099925995180 ) ) ;
#1836 = PLANE ( 'NONE',  #3766 ) ;
#1837 = CIRCLE ( 'NONE', #3767, 0.2550000000000000044 ) ;
#1838 =( GEOMETRIC_REPRESENTATION_CONTEXT ( 3 ) GLOBAL_UNCERTAINTY_ASSIGNED_CONTEXT ( ( #5297 ) ) GLOBAL_UNIT_ASSIGNED_CONTEXT ( ( #5935, #188, #2518 ) ) REPRESENTATION_CONTEXT ( 'NONE', 'WORKASPACE' ) );
#1839 = CARTESIAN_POINT ( 'NONE',  ( 2.374925938645000567, -9.895764514842998238, 0.8488269428096999469 ) ) ;
#1840 = EDGE_CURVE ( 'NONE', #751, #5990, #1126, .T. ) ;
#1841 = CARTESIAN_POINT ( 'NONE',  ( -2.230012455152000861, -10.36630634945000295, -0.6019830519261002433 ) ) ;
#1842 = COLOUR_RGB ( '',0.9411764705882352811, 0.9921568627450980671, 0.007843137254901960675 ) ;
#1843 = ORIENTED_EDGE ( 'NONE', *, *, #4387, .F. ) ;
#1844 = CARTESIAN_POINT ( 'NONE',  ( -3.300529911146999229, -1.446045601382001111, -0.6712649161270002329 ) ) ;
#1845 = CARTESIAN_POINT ( 'NONE',  ( 1.844122743501998452, -9.756822551766997975, 0.5996413739425004996 ) ) ;
#1846 = CARTESIAN_POINT ( 'NONE',  ( 2.965339717231000094, -1.028000000001999981, 0.6000004853957999762 ) ) ;
#1847 = ORIENTED_EDGE ( 'NONE', *, *, #3240, .F. ) ;
#1848 = AXIS2_PLACEMENT_3D ( 'NONE', #5237, #2364, #958 ) ;
#1849 = CARTESIAN_POINT ( 'NONE',  ( 3.439226681140001851, -1.704319673347002739, 0.5220498997382001516 ) ) ;
#1850 = CARTESIAN_POINT ( 'NONE',  ( -1.691982504311176250, -1.274338874983658387, -0.5999910325656661048 ) ) ;
#1851 = FILL_AREA_STYLE_COLOUR ( '', #1033 ) ;
#1852 = AXIS2_PLACEMENT_3D ( 'NONE', #2087, #1545, #3499 ) ;
#1853 = EDGE_CURVE ( 'NONE', #5736, #3655, #6195, .T. ) ;
#1854 = STYLED_ITEM ( 'NONE', ( #2403 ), #6234 ) ;
#1855 = CARTESIAN_POINT ( 'NONE',  ( 2.350515409741000816, -8.801705634677999157, 0.7733259410300995507 ) ) ;
#1856 = CARTESIAN_POINT ( 'NONE',  ( -2.478000000000000203, -10.00500000000000078, -0.5999999999999999778 ) ) ;
#1857 = CARTESIAN_POINT ( 'NONE',  ( -1.970594539131002687, -10.21527048763999801, -0.7713860147655999810 ) ) ;
#1858 = CARTESIAN_POINT ( 'NONE',  ( 1.733206717471001745, -9.526476883856004108, 0.6053308386739000291 ) ) ;
#1859 = EDGE_CURVE ( 'NONE', #1936, #751, #5831, .T. ) ;
#1860 = DIRECTION ( 'NONE',  ( 2.439361283057301933E-06, 2.439361283174121753E-06, 0.9999999999940496487 ) ) ;
#1861 = CARTESIAN_POINT ( 'NONE',  ( -1.945101985046000070, -3.437888635161000295, -0.3499999999999999778 ) ) ;
#1862 = CARTESIAN_POINT ( 'NONE',  ( -3.001055125376246746, -1.378419760081055934, -0.9375787737672678368 ) ) ;
#1863 = PRESENTATION_STYLE_ASSIGNMENT (( #6211 ) ) ;
#1864 = CARTESIAN_POINT ( 'NONE',  ( 1.913780724985000070, -1.371428992757000032, 0.8793418083241999472 ) ) ;
#1865 = ORIENTED_EDGE ( 'NONE', *, *, #899, .T. ) ;
#1866 = CARTESIAN_POINT ( 'NONE',  ( 2.002139960970001908, -1.020776533631000849, 0.5998827571009004433 ) ) ;
#1867 = CARTESIAN_POINT ( 'NONE',  ( 2.965340001885000021, -1.378000183351999919, 0.9499999999999999556 ) ) ;
#1868 = CARTESIAN_POINT ( 'NONE',  ( 2.365293089339000510, -10.25242992552999866, 0.8295833134897995231 ) ) ;
#1869 = UNCERTAINTY_MEASURE_WITH_UNIT (LENGTH_MEASURE( 1.000000000000000082E-05 ), #5506, 'distance_accuracy_value', 'NONE');
#1870 = COLOUR_RGB ( '',0.8039215686274510109, 0.8039215686274510109, 0.8039215686274510109 ) ;
#1871 = EDGE_CURVE ( 'NONE', #3293, #4596, #4988, .T. ) ;
#1872 = CARTESIAN_POINT ( 'NONE',  ( 3.605535696683998648, -2.094712763783999954, 0.2895819467703001915 ) ) ;
#1873 = STYLED_ITEM ( 'NONE', ( #430 ), #1723 ) ;
#1874 = CARTESIAN_POINT ( 'NONE',  ( -2.304243544411998634, -9.818656797252002022, -0.07626181265482995242 ) ) ;
#1875 = VERTEX_POINT ( 'NONE', #4774 ) ;
#1876 = CARTESIAN_POINT ( 'NONE',  ( 1.292559297474999092, -9.826876051008998303, 0.2422833852765000906 ) ) ;
#1877 = CARTESIAN_POINT ( 'NONE',  ( -1.479734932752998500, -10.01642025343999265, -0.8551397142221991432 ) ) ;
#1878 = CARTESIAN_POINT ( 'NONE',  ( -2.477997165371999877, -9.005000000000000782, -0.8549999999841999543 ) ) ;
#1879 = VERTEX_POINT ( 'NONE', #6202 ) ;
#1880 = CARTESIAN_POINT ( 'NONE',  ( 2.478000000000000203, -4.839020546151999724, 0.5999999999999999778 ) ) ;
#1881 = CARTESIAN_POINT ( 'NONE',  ( 1.553316921505001336, -9.178962067296993155, 0.8443915242919984854 ) ) ;
#1882 = CARTESIAN_POINT ( 'NONE',  ( -3.629011214650002426, -2.058579235220999948, -0.2860254790672999148 ) ) ;
#1883 = CIRCLE ( 'NONE', #4816, 0.9499999999999998446 ) ;
#1884 = CARTESIAN_POINT ( 'NONE',  ( 2.131101735071001535, -10.10276342868999677, 0.4053052506472999417 ) ) ;
#1885 = CARTESIAN_POINT ( 'NONE',  ( 2.225622343557666749, -10.13121981139465078, 0.8216940664119135596 ) ) ;
#1886 = CARTESIAN_POINT ( 'NONE',  ( 2.173684675163002566, -8.757122098402001953, 0.6704811494650998460 ) ) ;
#1887 =( NAMED_UNIT ( * ) PLANE_ANGLE_UNIT ( ) SI_UNIT ( $, .RADIAN. ) );
#1888 = CARTESIAN_POINT ( 'NONE',  ( -2.488262605147998574, -10.00904762140000059, -0.8551906022250004291 ) ) ;
#1889 = CARTESIAN_POINT ( 'NONE',  ( -1.967567930705766299, -9.760217312214480856, -0.5261675776663767845 ) ) ;
#1890 = CARTESIAN_POINT ( 'NONE',  ( -1.836983522341000041, -3.211741170929999889, -0.6000000022515000753 ) ) ;
#1891 = CARTESIAN_POINT ( 'NONE',  ( 1.658853922868001929, -8.813502172314002792, 0.2363916459664000269 ) ) ;
#1892 = CARTESIAN_POINT ( 'NONE',  ( -1.868521678325772983, -3.352645088372370186, -0.5680630297368272075 ) ) ;
#1893 = CIRCLE ( 'NONE', #2707, 0.2550000000000000044 ) ;
#1894 = DIRECTION ( 'NONE',  ( 0.000000000000000000, -1.000000000000000000, 0.000000000000000000 ) ) ;
#1895 = CARTESIAN_POINT ( 'NONE',  ( -2.478000000000000203, -10.00500000000000078, -0.5999999999999999778 ) ) ;
#1896 = ORIENTED_EDGE ( 'NONE', *, *, #5672, .T. ) ;
#1897 = CARTESIAN_POINT ( 'NONE',  ( 2.002385139549000659, -1.029365111777000408, 0.5997057428323003814 ) ) ;
#1898 = DIRECTION ( 'NONE',  ( 0.000000000000000000, 0.000000000000000000, 1.000000000000000000 ) ) ;
#1899 = DIRECTION ( 'NONE',  ( 0.8451508154010036744, -0.5345279218404018762, 0.000000000000000000 ) ) ;
#1900 =( BOUNDED_SURFACE ( )  B_SPLINE_SURFACE ( 3, 3, ( 
 ( #2844, #2778, #395, #3294, #427, #6167, #1824, #5218, #2814, #1794, #2378, #6133, #5753, #4304, #1446, #1384, #3392, #838, #3261 ),
 ( #6204, #876, #2748, #366, #1414, #2341, #1886, #5277, #4707, #3832, #4741, #1855, #3802, #5724, #3326, #6231, #3354, #2405, #4338 ),
 ( #6265, #1915, #5314, #4677, #337, #4369, #2907, #4831, #485, #2433, #968, #501, #1495, #594, #5398, #3973, #5434, #5936, #3441 ),
 ( #2988, #4912, #4979, #3538, #4512, #5905, #2522, #3407, #4484, #1084, #2921, #110, #5363, #139, #1020, #5462, #4452, #2955, #4878 ) ),
 .UNSPECIFIED., .F., .F., .T. ) 
 B_SPLINE_SURFACE_WITH_KNOTS ( ( 4, 4 ),
 ( 4, 1, 1, 1, 1, 1, 1, 1, 1, 1, 1, 1, 1, 1, 1, 1, 4 ),
 ( 0.000000000000000000, 1.000000000000000000 ),
 ( 0.01608171324086999851, 0.04808747996915999773, 0.09949668478558000573, 0.1561804750470000003, 0.2201095350020999819, 0.2906991779656999952, 0.3619065133752999985, 0.4274775215959000230, 0.4951149986135999770, 0.5654679784900000783, 0.6346367485309000189, 0.6992140028176999644, 0.7600453407145000284, 0.8248573667892000749, 0.9020237497026000195, 1.000000000000000000, 1.009414724164999999 ),
 .UNSPECIFIED. ) 
 GEOMETRIC_REPRESENTATION_ITEM ( )  RATIONAL_B_SPLINE_SURFACE ( (
 ( 1.194557097229999920, 1.194557097229999920, 1.194557097229999920, 1.194557097229999920, 1.194557097229999920, 1.194557097229999920, 1.194557097229999920, 1.194557097229999920, 1.194557097229999920, 1.194557097229999920, 1.194557097229999920, 1.194557097229999920, 1.194557097229999920, 1.194557097229999920, 1.194557097229999920, 1.194557097229999920, 1.194557097229999920, 1.194557097229999920, 1.194557097229999920),
 ( 0.9351476342567000000, 0.9351476342567000000, 0.9351476342567000000, 0.9351476342567000000, 0.9351476342567000000, 0.9351476342567000000, 0.9351476342567000000, 0.9351476342567000000, 0.9351476342567000000, 0.9351476342567000000, 0.9351476342567000000, 0.9351476342567000000, 0.9351476342567000000, 0.9351476342567000000, 0.9351476342567000000, 0.9351476342567000000, 0.9351476342567000000, 0.9351476342567000000, 0.9351476342567000000),
 ( 0.9351476342567000000, 0.9351476342567000000, 0.9351476342567000000, 0.9351476342567000000, 0.9351476342567000000, 0.9351476342567000000, 0.9351476342567000000, 0.9351476342567000000, 0.9351476342567000000, 0.9351476342567000000, 0.9351476342567000000, 0.9351476342567000000, 0.9351476342567000000, 0.9351476342567000000, 0.9351476342567000000, 0.9351476342567000000, 0.9351476342567000000, 0.9351476342567000000, 0.9351476342567000000),
 ( 1.194557097229999920, 1.194557097229999920, 1.194557097229999920, 1.194557097229999920, 1.194557097229999920, 1.194557097229999920, 1.194557097229999920, 1.194557097229999920, 1.194557097229999920, 1.194557097229999920, 1.194557097229999920, 1.194557097229999920, 1.194557097229999920, 1.194557097229999920, 1.194557097229999920, 1.194557097229999920, 1.194557097229999920, 1.194557097229999920, 1.194557097229999920) ) ) 
 REPRESENTATION_ITEM ( '' )  SURFACE ( )  );
#1901 = CARTESIAN_POINT ( 'NONE',  ( 3.562760063084999818, -1.588872526655001449, 0.4465608862333997897 ) ) ;
#1902 = CARTESIAN_POINT ( 'NONE',  ( -2.148119491179001361, -10.06237561036000017, -0.3725400342653999441 ) ) ;
#1903 = ORIENTED_EDGE ( 'NONE', *, *, #2794, .T. ) ;
#1904 = CARTESIAN_POINT ( 'NONE',  ( 2.386009499488385366, -8.821017406775519376, 0.8378328756567173796 ) ) ;
#1905 = CARTESIAN_POINT ( 'NONE',  ( 1.728740876085002043, -9.646932033069996137, 0.5823545141374006917 ) ) ;
#1906 = DIRECTION ( 'NONE',  ( 0.9932437825404265563, 0.000000000000000000, 0.1160464926001028713 ) ) ;
#1907 = ORIENTED_EDGE ( 'NONE', *, *, #1014, .T. ) ;
#1908 =( LENGTH_UNIT ( ) NAMED_UNIT ( * ) SI_UNIT ( .MILLI., .METRE. ) );
#1909 = PRESENTATION_STYLE_ASSIGNMENT (( #2808 ) ) ;
#1910 = CARTESIAN_POINT ( 'NONE',  ( -1.598339269814671670, -1.391800454714724244, -0.5999204814145955300 ) ) ;
#1911 = FILL_AREA_STYLE_COLOUR ( '', #5601 ) ;
#1912 = CARTESIAN_POINT ( 'NONE',  ( 1.956417433006001350, -10.26034453099000032, 0.5986149358462002912 ) ) ;
#1913 = FACE_OUTER_BOUND ( 'NONE', #5209, .T. ) ;
#1914 = ORIENTED_EDGE ( 'NONE', *, *, #1735, .F. ) ;
#1915 = CARTESIAN_POINT ( 'NONE',  ( 2.229948162066998307, -8.643669473165997985, 0.6003953118956001367 ) ) ;
#1916 = CARTESIAN_POINT ( 'NONE',  ( 3.950000000000000178, 1.194550456433999830E-13, -0.3499999999999999778 ) ) ;
#1917 = PRESENTATION_LAYER_ASSIGNMENT (  '', '', ( #1816 ) ) ;
#1918 = CARTESIAN_POINT ( 'NONE',  ( -2.343436145237999035, -10.29514329443999543, -0.8175622207951996900 ) ) ;
#1919 = CARTESIAN_POINT ( 'NONE',  ( 1.836999838502999971, -3.211812836983999997, 0.6000000022515000753 ) ) ;
#1920 = CARTESIAN_POINT ( 'NONE',  ( -2.194815257084001381, -9.971878778541000798, -0.8888113441053000496 ) ) ;
#1921 = CARTESIAN_POINT ( 'NONE',  ( 1.640795603210571718, -9.086414389301573635, 0.8416851115797189253 ) ) ;
#1922 =( LENGTH_UNIT ( ) NAMED_UNIT ( * ) SI_UNIT ( .MILLI., .METRE. ) );
#1923 =( NAMED_UNIT ( * ) SI_UNIT ( $, .STERADIAN. ) SOLID_ANGLE_UNIT ( ) );
#1924 = CARTESIAN_POINT ( 'NONE',  ( -1.926215405153782756, -9.229096455575303892, -0.4771373324744111466 ) ) ;
#1925 = DIRECTION ( 'NONE',  ( -0.9999999999999036326, 2.087221194713004385E-12, -4.390880995497012838E-07 ) ) ;
#1926 = DIRECTION ( 'NONE',  ( 0.000000000000000000, 0.000000000000000000, 1.000000000000000000 ) ) ;
#1927 = CARTESIAN_POINT ( 'NONE',  ( -2.478000000000000203, -1.837987956972999992, -0.5999999999999999778 ) ) ;
#1928 = VERTEX_POINT ( 'NONE', #5721 ) ;
#1929 = CARTESIAN_POINT ( 'NONE',  ( 1.528256207881002027, -1.613390773301998316, 0.5406108935742001131 ) ) ;
#1930 = PRESENTATION_STYLE_ASSIGNMENT (( #5 ) ) ;
#1931 = FILL_AREA_STYLE_COLOUR ( '', #5820 ) ;
#1932 = UNCERTAINTY_MEASURE_WITH_UNIT (LENGTH_MEASURE( 1.000000000000000082E-05 ), #6239, 'distance_accuracy_value', 'NONE');
#1933 = EDGE_CURVE ( 'NONE', #2853, #2150, #708, .T. ) ;
#1934 = CARTESIAN_POINT ( 'NONE',  ( 3.433400024259998684, -1.372952524774001537, 0.5828203716928004319 ) ) ;
#1935 = CARTESIAN_POINT ( 'NONE',  ( -2.231012161962998785, -10.30143451743000149, -0.5233948860010002591 ) ) ;
#1936 = VERTEX_POINT ( 'NONE', #457 ) ;
#1937 = CIRCLE ( 'NONE', #4378, 0.3499992665993000296 ) ;
#1938 = CARTESIAN_POINT ( 'NONE',  ( 1.882610219136544583, -1.119776717838461000, 0.6001266211732465550 ) ) ;
#1939 = PRESENTATION_LAYER_ASSIGNMENT (  '', '', ( #23 ) ) ;
#1940 = FACE_OUTER_BOUND ( 'NONE', #5174, .T. ) ;
#1941 = CARTESIAN_POINT ( 'NONE',  ( 1.587134017272999964, -9.223267740273001891, 0.3692222623649999980 ) ) ;
#1942 =( LENGTH_UNIT ( ) NAMED_UNIT ( * ) SI_UNIT ( .MILLI., .METRE. ) );
#1943 =( BOUNDED_SURFACE ( )  B_SPLINE_SURFACE ( 3, 3, ( 
 ( #1877, #291, #5650, #4668, #1335, #3217, #5140, #5747, #1813, #4264, #1301, #4734, #5713, #4201, #1406, #3284, #4162, #5681 ),
 ( #3247, #4766, #1373, #3823, #2294, #6157, #5171, #2365, #325, #3344, #5206, #1753, #2802, #2769, #791, #2261, #4697, #5267 ),
 ( #387, #2224, #357, #6090, #4235, #2330, #3792, #5240, #3852, #1437, #3978, #50, #2490, #4361, #2960, #3947, #2427, #5911 ),
 ( #2397, #1976, #4328, #5810, #2994, #5878, #4456, #505, #4394, #1468, #479, #5773, #2527, #5845, #1567, #3447, #2043, #6256 ) ),
 .UNSPECIFIED., .F., .F., .T. ) 
 B_SPLINE_SURFACE_WITH_KNOTS ( ( 4, 4 ),
 ( 4, 1, 1, 1, 1, 1, 1, 1, 1, 1, 1, 1, 1, 1, 1, 4 ),
 ( 0.000000000000000000, 1.000000000000000000 ),
 ( -0.009770832567237999755, 0.000000000000000000, 0.1047490706686999978, 0.1851413214010000086, 0.2527194064772999571, 0.3189088142485999589, 0.3914527189615999991, 0.4677077458000999943, 0.5428255990744000892, 0.6131085707486999548, 0.6886192553922000359, 0.7649069008637999767, 0.8340661607717000381, 0.8947771060545000044, 0.9493299963424000065, 0.9832707796110999876 ),
 .UNSPECIFIED. ) 
 GEOMETRIC_REPRESENTATION_ITEM ( )  RATIONAL_B_SPLINE_SURFACE ( (
 ( 1.184501384146000147, 1.184501384146000147, 1.184501384146000147, 1.184501384146000147, 1.184501384146000147, 1.184501384146000147, 1.184501384146000147, 1.184501384146000147, 1.184501384146000147, 1.184501384146000147, 1.184501384146000147, 1.184501384146000147, 1.184501384146000147, 1.184501384146000147, 1.184501384146000147, 1.184501384146000147, 1.184501384146000147, 1.184501384146000147),
 ( 0.9384995386182000132, 0.9384995386182000132, 0.9384995386182000132, 0.9384995386182000132, 0.9384995386182000132, 0.9384995386182000132, 0.9384995386182000132, 0.9384995386182000132, 0.9384995386182000132, 0.9384995386182000132, 0.9384995386182000132, 0.9384995386182000132, 0.9384995386182000132, 0.9384995386182000132, 0.9384995386182000132, 0.9384995386182000132, 0.9384995386182000132, 0.9384995386182000132),
 ( 0.9384995386182000132, 0.9384995386182000132, 0.9384995386182000132, 0.9384995386182000132, 0.9384995386182000132, 0.9384995386182000132, 0.9384995386182000132, 0.9384995386182000132, 0.9384995386182000132, 0.9384995386182000132, 0.9384995386182000132, 0.9384995386182000132, 0.9384995386182000132, 0.9384995386182000132, 0.9384995386182000132, 0.9384995386182000132, 0.9384995386182000132, 0.9384995386182000132),
 ( 1.184501384146000147, 1.184501384146000147, 1.184501384146000147, 1.184501384146000147, 1.184501384146000147, 1.184501384146000147, 1.184501384146000147, 1.184501384146000147, 1.184501384146000147, 1.184501384146000147, 1.184501384146000147, 1.184501384146000147, 1.184501384146000147, 1.184501384146000147, 1.184501384146000147, 1.184501384146000147, 1.184501384146000147, 1.184501384146000147) ) ) 
 REPRESENTATION_ITEM ( '' )  SURFACE ( )  );
#1944 = EDGE_CURVE ( 'NONE', #4885, #59, #3868, .T. ) ;
#1945 =( GEOMETRIC_REPRESENTATION_CONTEXT ( 3 ) GLOBAL_UNCERTAINTY_ASSIGNED_CONTEXT ( ( #5871 ) ) GLOBAL_UNIT_ASSIGNED_CONTEXT ( ( #1453, #523, #5251 ) ) REPRESENTATION_CONTEXT ( 'NONE', 'WORKASPACE' ) );
#1946 = ORIENTED_EDGE ( 'NONE', *, *, #2056, .T. ) ;
#1947 = CARTESIAN_POINT ( 'NONE',  ( 3.434417329398999019, -1.756425363221998825, 0.4917759211113001960 ) ) ;
#1948 = CARTESIAN_POINT ( 'NONE',  ( -1.553316923311999442, -9.178962065266995651, -0.8443915235361990623 ) ) ;
#1949 = SURFACE_STYLE_USAGE ( .BOTH. , #637 ) ;
#1950 = FACE_OUTER_BOUND ( 'NONE', #2399, .T. ) ;
#1951 = COLOUR_RGB ( '',0.8039215686274510109, 0.8039215686274510109, 0.8039215686274510109 ) ;
#1952 = DIRECTION ( 'NONE',  ( -0.02454924259667985373, 0.000000000000000000, 0.9996986219295940224 ) ) ;
#1953 = DIRECTION ( 'NONE',  ( -1.430875835080227236E-05, 0.000000000000000000, -0.9999999998976297766 ) ) ;
#1954 = CIRCLE ( 'NONE', #6203, 3.950000000000001954 ) ;
#1955 = B_SPLINE_CURVE_WITH_KNOTS ( 'NONE', 3,
 ( #1621, #1267, #4571, #5623, #662, #6026, #1687 ),
 .UNSPECIFIED., .F., .F.,
 ( 4, 1, 1, 1, 4 ),
 ( 0.000000000000000000, 0.2500000000000000000, 0.5000000000000000000, 0.7500000000000000000, 1.000000000000000000 ),
 .UNSPECIFIED. ) ;
#1956 = CIRCLE ( 'NONE', #2867, 0.3499999999999999778 ) ;
#1957 = DIRECTION ( 'NONE',  ( 0.000000000000000000, -1.000000000000000000, 0.000000000000000000 ) ) ;
#1958 = CARTESIAN_POINT ( 'NONE',  ( -2.222793329978999921, -10.52647583313999746, -0.5946691783069002479 ) ) ;
#1959 = DIRECTION ( 'NONE',  ( 0.000000000000000000, 1.000000000000000000, 0.000000000000000000 ) ) ;
#1960 = CARTESIAN_POINT ( 'NONE',  ( 1.730974628860000086, -9.504851781632000396, 0.6339128386708999807 ) ) ;
#1961 = CARTESIAN_POINT ( 'NONE',  ( 1.631904887232469958, -9.081986503851464221, 0.8431227480734470037 ) ) ;
#1962 = CARTESIAN_POINT ( 'NONE',  ( -1.990660282759000310, -1.377999984869999972, -0.9499999999999000355 ) ) ;
#1963 = CARTESIAN_POINT ( 'NONE',  ( -1.718233991052000809, -8.884478238564998520, -0.1021094938645999151 ) ) ;
#1964 = CARTESIAN_POINT ( 'NONE',  ( 2.284285783246646773, -10.39242576548440411, 0.4332343593382711466 ) ) ;
#1965 = FACE_OUTER_BOUND ( 'NONE', #24, .T. ) ;
#1966 = DIRECTION ( 'NONE',  ( 0.000000000000000000, 1.000000000000000000, 0.000000000000000000 ) ) ;
#1967 = DIRECTION ( 'NONE',  ( 0.000000000000000000, -1.000000000000000000, 0.000000000000000000 ) ) ;
#1968 = ORIENTED_EDGE ( 'NONE', *, *, #2693, .T. ) ;
#1969 =( NAMED_UNIT ( * ) PLANE_ANGLE_UNIT ( ) SI_UNIT ( $, .RADIAN. ) );
#1970 = CARTESIAN_POINT ( 'NONE',  ( -1.889012353173999070, -1.339741447037002153, -0.7890410099921998377 ) ) ;
#1971 = CARTESIAN_POINT ( 'NONE',  ( -2.228437243574001414, -10.34947953770999618, -0.5658571811770002347 ) ) ;
#1972 = VERTEX_POINT ( 'NONE', #2842 ) ;
#1973 = MECHANICAL_DESIGN_GEOMETRIC_PRESENTATION_REPRESENTATION (  '', ( #5102 ), #2390 ) ;
#1974 = CARTESIAN_POINT ( 'NONE',  ( 1.911437754234189379, -1.097708372730432203, 0.6000752890036616938 ) ) ;
#1975 = SURFACE_STYLE_FILL_AREA ( #3515 ) ;
#1976 = CARTESIAN_POINT ( 'NONE',  ( -1.293385324089001420, -9.829016017158998864, -1.113189659039999890 ) ) ;
#1977 = COLOUR_RGB ( '',0.9411764705882352811, 0.9921568627450980671, 0.007843137254901960675 ) ;
#1978 = COLOUR_RGB ( '',0.8039215686274510109, 0.8039215686274510109, 0.8039215686274510109 ) ;
#1979 = ORIENTED_EDGE ( 'NONE', *, *, #3122, .T. ) ;
#1980 = CARTESIAN_POINT ( 'NONE',  ( 3.272013043363001916, -1.475688387571998161, 0.8835740092570011361 ) ) ;
#1981 = AXIS2_PLACEMENT_3D ( 'NONE', #239, #804, #3613 ) ;
#1982 = CARTESIAN_POINT ( 'NONE',  ( -1.575893638772001504, -9.223385262884002955, -0.8362985072661002217 ) ) ;
#1983 = CARTESIAN_POINT ( 'NONE',  ( 1.849420590658999330, -9.026726771527005866, 1.005453122726998938 ) ) ;
#1984 =( BOUNDED_SURFACE ( )  B_SPLINE_SURFACE ( 3, 3, ( 
 ( #1858, #842, #1765, #5151, #5728, #5634, #1251, #1796, #2782, #4179, #4647, #4713, #2274, #3197, #2346, #5695, #4681, #2819, #1389 ),
 ( #1284, #3330, #3741, #5123, #2848, #4779, #3228, #3265, #433, #2383, #1731, #341, #775, #6138, #371, #6171, #1352, #6073, #4216 ),
 ( #3299, #4747, #5606, #303, #1041, #489, #3395, #67, #5759, #2027, #1008, #5825, #1420, #522, #2439, #5383, #5283, #2476, #1891 ),
 ( #4375, #585, #4413, #5319, #2977, #2507, #3960, #4310, #1995, #3932, #4865, #945, #3463, #5353, #6237, #3837, #556, #4895, #30 ) ),
 .UNSPECIFIED., .F., .F., .T. ) 
 B_SPLINE_SURFACE_WITH_KNOTS ( ( 4, 4 ),
 ( 4, 1, 1, 1, 1, 1, 1, 1, 1, 1, 1, 1, 1, 1, 1, 1, 4 ),
 ( 0.000000000000000000, 1.000000000000000000 ),
 ( 0.01608172152899000132, 0.04808747996918000256, 0.09949668478560000362, 0.1561804750470000003, 0.2201095350020999819, 0.2906991779656999952, 0.3619065133752999985, 0.4274775215959000230, 0.4951149986135999770, 0.5654679784900999984, 0.6346367485309000189, 0.6992140028176999644, 0.7600453407145000284, 0.8248573667891000438, 0.9020237497024999884, 1.000000000000000000, 1.009414727223000074 ),
 .UNSPECIFIED. ) 
 GEOMETRIC_REPRESENTATION_ITEM ( )  RATIONAL_B_SPLINE_SURFACE ( (
 ( 1.194558183927999950, 1.194558183927999950, 1.194558183927999950, 1.194558183927999950, 1.194558183927999950, 1.194558183927999950, 1.194558183927999950, 1.194558183927999950, 1.194558183927999950, 1.194558183927999950, 1.194558183927999950, 1.194558183927999950, 1.194558183927999950, 1.194558183927999950, 1.194558183927999950, 1.194558183927999950, 1.194558183927999950, 1.194558183927999950, 1.194558183927999950),
 ( 0.9351472720242000047, 0.9351472720242000047, 0.9351472720242000047, 0.9351472720242000047, 0.9351472720242000047, 0.9351472720242000047, 0.9351472720242000047, 0.9351472720242000047, 0.9351472720242000047, 0.9351472720242000047, 0.9351472720242000047, 0.9351472720242000047, 0.9351472720242000047, 0.9351472720242000047, 0.9351472720242000047, 0.9351472720242000047, 0.9351472720242000047, 0.9351472720242000047, 0.9351472720242000047),
 ( 0.9351472720242000047, 0.9351472720242000047, 0.9351472720242000047, 0.9351472720242000047, 0.9351472720242000047, 0.9351472720242000047, 0.9351472720242000047, 0.9351472720242000047, 0.9351472720242000047, 0.9351472720242000047, 0.9351472720242000047, 0.9351472720242000047, 0.9351472720242000047, 0.9351472720242000047, 0.9351472720242000047, 0.9351472720242000047, 0.9351472720242000047, 0.9351472720242000047, 0.9351472720242000047),
 ( 1.194558183927999950, 1.194558183927999950, 1.194558183927999950, 1.194558183927999950, 1.194558183927999950, 1.194558183927999950, 1.194558183927999950, 1.194558183927999950, 1.194558183927999950, 1.194558183927999950, 1.194558183927999950, 1.194558183927999950, 1.194558183927999950, 1.194558183927999950, 1.194558183927999950, 1.194558183927999950, 1.194558183927999950, 1.194558183927999950, 1.194558183927999950) ) ) 
 REPRESENTATION_ITEM ( '' )  SURFACE ( )  );
#1985 = CARTESIAN_POINT ( 'NONE',  ( -1.733083640330001618, -9.493083728427002654, -0.5991178329181002793 ) ) ;
#1986 = SURFACE_STYLE_FILL_AREA ( #4403 ) ;
#1987 =( LENGTH_UNIT ( ) NAMED_UNIT ( * ) SI_UNIT ( .MILLI., .METRE. ) );
#1988 = EDGE_LOOP ( 'NONE', ( #787, #4983, #3341, #5867, #3140 ) ) ;
#1989 = PRESENTATION_LAYER_ASSIGNMENT (  '', '', ( #3096 ) ) ;
#1990 = CARTESIAN_POINT ( 'NONE',  ( -2.365470854322021754, -8.948737809755655803, -0.8490966195460494248 ) ) ;
#1991 = SPHERICAL_SURFACE ( 'NONE', #800, 0.2550000000000000044 ) ;
#1992 = CARTESIAN_POINT ( 'NONE',  ( -2.374925940141999980, -9.895764511773002425, -0.8488269434330998342 ) ) ;
#1993 =( NAMED_UNIT ( * ) SI_UNIT ( $, .STERADIAN. ) SOLID_ANGLE_UNIT ( ) );
#1994 = DIRECTION ( 'NONE',  ( 0.000000000000000000, 1.000000000000000000, 0.000000000000000000 ) ) ;
#1995 = CARTESIAN_POINT ( 'NONE',  ( 1.952557984835997962, -9.159730314610998292, 0.3370098527060999549 ) ) ;
#1996 = FILL_AREA_STYLE_COLOUR ( '', #5592 ) ;
#1997 = CARTESIAN_POINT ( 'NONE',  ( -1.839408369667002718, -9.252931786032002393, -0.6019872318930997723 ) ) ;
#1998 = AXIS2_PLACEMENT_3D ( 'NONE', #1109, #3478, #45 ) ;
#1999 = CARTESIAN_POINT ( 'NONE',  ( -1.791014630446624123, -9.161507671534302233, -0.3982381082598481226 ) ) ;
#2000 = CARTESIAN_POINT ( 'NONE',  ( 1.582917129507800835, -9.214830865245362546, 0.8328384090550906560 ) ) ;
#2001 = CARTESIAN_POINT ( 'NONE',  ( 1.988000000011000079, -9.259998854833000337, 0.6000002021148999054 ) ) ;
#2002 = MECHANICAL_DESIGN_GEOMETRIC_PRESENTATION_REPRESENTATION (  '', ( #771 ), #2913 ) ;
#2003 = LINE ( 'NONE', #2736, #2468 ) ;
#2004 = ORIENTED_EDGE ( 'NONE', *, *, #3346, .F. ) ;
#2005 = CARTESIAN_POINT ( 'NONE',  ( 2.350619420137002091, -8.953267924506992159, 0.3494848137811999989 ) ) ;
#2006 = CARTESIAN_POINT ( 'NONE',  ( -2.223366778910542241, -10.51426874252069510, -0.6186114790007902764 ) ) ;
#2007 = SPHERICAL_SURFACE ( 'NONE', #5929, 0.2550000000000000044 ) ;
#2008 = PRESENTATION_LAYER_ASSIGNMENT (  '', '', ( #5238 ) ) ;
#2009 = FILL_AREA_STYLE ('',( #2454 ) ) ;
#2010 = CARTESIAN_POINT ( 'NONE',  ( 3.397991811834998543, -1.291895656221999422, 0.5573226526346004572 ) ) ;
#2011 = ORIENTED_EDGE ( 'NONE', *, *, #5210, .T. ) ;
#2012 = CARTESIAN_POINT ( 'NONE',  ( 1.924243637152438291, -1.087122280876316349, 0.6000001616680554761 ) ) ;
#2013 = EDGE_CURVE ( 'NONE', #956, #2734, #3260, .T. ) ;
#2014 = PRESENTATION_STYLE_ASSIGNMENT (( #3379 ) ) ;
#2015 = ORIENTED_EDGE ( 'NONE', *, *, #2663, .F. ) ;
#2016 = CARTESIAN_POINT ( 'NONE',  ( -1.622978164939999468, -9.315434552673000468, -0.8108837381926997656 ) ) ;
#2017 = CARTESIAN_POINT ( 'NONE',  ( 1.839326016665998820, -9.253058250701997167, 0.6005189938811003048 ) ) ;
#2018 = CARTESIAN_POINT ( 'NONE',  ( -1.843938822494000096, -9.756802128005997332, -0.6021636606471997277 ) ) ;
#2019 = CARTESIAN_POINT ( 'NONE',  ( 2.234103837723001806, -9.888168773925990251, 0.1037606308979999448 ) ) ;
#2020 = VERTEX_POINT ( 'NONE', #425 ) ;
#2021 = ADVANCED_FACE ( 'NONE', ( #6264 ), #306, .T. ) ;
#2022 = B_SPLINE_CURVE_WITH_KNOTS ( 'NONE', 3,
 ( #5576, #5487, #680, #750, #4148, #627, #169, #2149, #2608, #1679, #4118, #1223, #2098, #1139, #4036, #4058, #3169, #4623, #280, #5961, #655, #4537, #2121, #5822, #4655 ),
 .UNSPECIFIED., .F., .F.,
 ( 4, 2, 2, 1, 2, 2, 2, 1, 1, 2, 2, 2, 2, 4 ),
 ( 0.000000000000000000, 0.1250000000000121569, 0.1875000000000175138, 0.2187500000000210387, 0.2343750000000199563, 0.2500000000000188738, 0.3750000000000253131, 0.4375000000000277001, 0.4687500000000297540, 0.4843750000000281997, 0.5000000000000265343, 0.6250000000000192069, 0.7500000000000118794, 1.000000000000000000 ),
 .UNSPECIFIED. ) ;
#2023 = CARTESIAN_POINT ( 'NONE',  ( -2.750405403695912909, -2.835140407364585169, 0.07546528750187418699 ) ) ;
#2024 = CARTESIAN_POINT ( 'NONE',  ( -1.651238297456447235, -9.658533593857509203, -0.7895397860769807208 ) ) ;
#2025 = CARTESIAN_POINT ( 'NONE',  ( -2.116520974443997893, -8.757035814903007420, -0.6003931927234005261 ) ) ;
#2026 = CYLINDRICAL_SURFACE ( 'NONE', #1852, 0.2550000000000000044 ) ;
#2027 = CARTESIAN_POINT ( 'NONE',  ( 1.831566839545002878, -9.121218125602002402, 0.4217334680290999449 ) ) ;
#2028 = CARTESIAN_POINT ( 'NONE',  ( -1.477999999999999980, -10.00500000000000078, -0.3449999999999999734 ) ) ;
#2029 = CARTESIAN_POINT ( 'NONE',  ( -1.999410841606001688, -9.257151240573003648, -0.5540424606649003714 ) ) ;
#2030 = ADVANCED_FACE ( 'NONE', ( #1913 ), #3000, .T. ) ;
#2031 = STYLED_ITEM ( 'NONE', ( #826 ), #2512 ) ;
#2032 = CARTESIAN_POINT ( 'NONE',  ( -1.730377656434321842, -9.131219811391231289, -0.3783059335861526651 ) ) ;
#2033 =( NAMED_UNIT ( * ) SI_UNIT ( $, .STERADIAN. ) SOLID_ANGLE_UNIT ( ) );
#2034 = DIRECTION ( 'NONE',  ( 0.000000000000000000, 2.234022325597000074E-13, 1.000000000000000000 ) ) ;
#2035 = VERTEX_POINT ( 'NONE', #2500 ) ;
#2036 = CARTESIAN_POINT ( 'NONE',  ( 2.006518878778999593, -8.776317885436990096, 0.4845146732903999331 ) ) ;
#2037 =( LENGTH_UNIT ( ) NAMED_UNIT ( * ) SI_UNIT ( .MILLI., .METRE. ) );
#2038 = CARTESIAN_POINT ( 'NONE',  ( 3.423151819023001252, -1.310312175714000604, 0.5564753172454995900 ) ) ;
#2039 = STYLED_ITEM ( 'NONE', ( #5372 ), #6243 ) ;
#2040 = CARTESIAN_POINT ( 'NONE',  ( 2.017150433177713698, -8.774574131887179718, 0.4888586090325111044 ) ) ;
#2041 = CARTESIAN_POINT ( 'NONE',  ( -3.215660068363999091, -1.216594478847000893, -0.5659803058180995494 ) ) ;
#2042 = EDGE_CURVE ( 'NONE', #3047, #4688, #700, .T. ) ;
#2043 = CARTESIAN_POINT ( 'NONE',  ( -1.733089183900999419, -9.493321911490003373, -0.6011976638995003563 ) ) ;
#2044 = EDGE_CURVE ( 'NONE', #3622, #956, #1830, .T. ) ;
#2045 = ORIENTED_EDGE ( 'NONE', *, *, #684, .T. ) ;
#2046 = STYLED_ITEM ( 'NONE', ( #119 ), #161 ) ;
#2047 =( NAMED_UNIT ( * ) PLANE_ANGLE_UNIT ( ) SI_UNIT ( $, .RADIAN. ) );
#2048 = CARTESIAN_POINT ( 'NONE',  ( -1.700180439173001101, -9.190908014328996956, -0.7452300204844004572 ) ) ;
#2049 = CARTESIAN_POINT ( 'NONE',  ( 1.837650558850998594, -9.139786665874002125, 0.7609419220716999721 ) ) ;
#2050 = CARTESIAN_POINT ( 'NONE',  ( -1.993253477588000200, -9.753114308775000296, -0.5547340038985999477 ) ) ;
#2051 = DIRECTION ( 'NONE',  ( -0.001485959642859940649, 0.9999988959613604900, 0.000000000000000000 ) ) ;
#2052 = COLOUR_RGB ( '',0.9411764705882352811, 0.9921568627450980671, 0.007843137254901960675 ) ;
#2053 = STYLED_ITEM ( 'NONE', ( #4896 ), #600 ) ;
#2054 = CARTESIAN_POINT ( 'NONE',  ( -2.778546609254539224, -2.807555813296781722, 0.07041937819526505882 ) ) ;
#2055 = CARTESIAN_POINT ( 'NONE',  ( -1.669643118840899998, -9.621674541730905972, -0.7717790500111380014 ) ) ;
#2056 = EDGE_CURVE ( 'NONE', #1875, #1972, #3566, .T. ) ;
#2057 =( LENGTH_UNIT ( ) NAMED_UNIT ( * ) SI_UNIT ( .MILLI., .METRE. ) );
#2058 = COLOUR_RGB ( '',0.8039215686274510109, 0.8039215686274510109, 0.8039215686274510109 ) ;
#2059 = FACE_OUTER_BOUND ( 'NONE', #5621, .T. ) ;
#2060 = SURFACE_SIDE_STYLE ('',( #5477 ) ) ;
#2061 = CARTESIAN_POINT ( 'NONE',  ( -1.581073663427000175, -8.895764917958997486, -0.3511736952564001313 ) ) ;
#2062 = CARTESIAN_POINT ( 'NONE',  ( 2.223418145357305420, -10.51416198075463448, 0.5801539580338741509 ) ) ;
#2063 = FACE_OUTER_BOUND ( 'NONE', #6081, .T. ) ;
#2064 = DIRECTION ( 'NONE',  ( 0.000000000000000000, 1.000000000000000000, 0.000000000000000000 ) ) ;
#2065 = AXIS2_PLACEMENT_3D ( 'NONE', #1371, #3316, #5304 ) ;
#2066 = EDGE_CURVE ( 'NONE', #3557, #348, #413, .T. ) ;
#2067 = SURFACE_STYLE_USAGE ( .BOTH. , #2091 ) ;
#2068 = ORIENTED_EDGE ( 'NONE', *, *, #2663, .T. ) ;
#2069 = CARTESIAN_POINT ( 'NONE',  ( 1.634604693547001997, -1.122894363805999607, 0.2429495059728999651 ) ) ;
#2070 = FILL_AREA_STYLE ('',( #592 ) ) ;
#2071 = CARTESIAN_POINT ( 'NONE',  ( -1.949608148833002375, -1.200431299962000153, -0.6446648211954002505 ) ) ;
#2072 = STYLED_ITEM ( 'NONE', ( #4430 ), #6077 ) ;
#2073 = STYLED_ITEM ( 'NONE', ( #4120 ), #673 ) ;
#2074 =( NAMED_UNIT ( * ) PLANE_ANGLE_UNIT ( ) SI_UNIT ( $, .RADIAN. ) );
#2075 = CARTESIAN_POINT ( 'NONE',  ( 2.999061541403998277, -1.378344272801999448, 0.7337439461761998682 ) ) ;
#2076 = CARTESIAN_POINT ( 'NONE',  ( 2.414220234216363004, -8.973108298965776441, 0.3463766426855582337 ) ) ;
#2077 = CARTESIAN_POINT ( 'NONE',  ( 1.862025573532785527, -1.134950851345511547, 0.6000628838877528626 ) ) ;
#2078 = ORIENTED_EDGE ( 'NONE', *, *, #1117, .F. ) ;
#2079 = DIRECTION ( 'NONE',  ( -0.7071067811865462405, 0.7071067811865487940, 0.000000000000000000 ) ) ;
#2080 = EDGE_CURVE ( 'NONE', #1106, #4008, #841, .T. ) ;
#2081 = ORIENTED_EDGE ( 'NONE', *, *, #5313, .T. ) ;
#2082 = CARTESIAN_POINT ( 'NONE',  ( 1.660337413694999542, -8.815580850482994890, 0.9628730212784997189 ) ) ;
#2083 = CARTESIAN_POINT ( 'NONE',  ( -1.642943754167998538, -9.934253337051002219, -0.3542911794331000674 ) ) ;
#2084 = AXIS2_PLACEMENT_3D ( 'NONE', #132, #1132, #4938 ) ;
#2085 = CARTESIAN_POINT ( 'NONE',  ( -1.945101985046000070, -3.437888635161000295, -0.3499999999999999778 ) ) ;
#2086 = DIRECTION ( 'NONE',  ( 0.000000000000000000, 1.000000000000000000, 0.000000000000000000 ) ) ;
#2087 = CARTESIAN_POINT ( 'NONE',  ( 1.477999999999999980, -10.00500000000000078, 0.5999999999999999778 ) ) ;
#2088 = CARTESIAN_POINT ( 'NONE',  ( -1.871643699628998680, -9.053036283330998302, -0.2174478931973999329 ) ) ;
#2089 = DIRECTION ( 'NONE',  ( 0.000000000000000000, -1.000000000000000000, 0.000000000000000000 ) ) ;
#2090 = CARTESIAN_POINT ( 'NONE',  ( 0.000000000000000000, 0.000000000000000000, 0.5999999999999999778 ) ) ;
#2091 = SURFACE_SIDE_STYLE ('',( #5030 ) ) ;
#2092 = ORIENTED_EDGE ( 'NONE', *, *, #5897, .T. ) ;
#2093 = CARTESIAN_POINT ( 'NONE',  ( 2.594831226077000785, -8.761103837726000876, 0.1037606308967000540 ) ) ;
#2094 = CARTESIAN_POINT ( 'NONE',  ( -1.920234932433002362, -1.252444817149000356, -0.6805454656070000219 ) ) ;
#2095 = CIRCLE ( 'NONE', #363, 0.2550000000000000600 ) ;
#2096 = CARTESIAN_POINT ( 'NONE',  ( 3.544116931243538104, -1.545301120548486784, 0.5368030072618661386 ) ) ;
#2097 = CARTESIAN_POINT ( 'NONE',  ( 3.079079568143001211, -1.372328614573000261, 0.7104762489422000726 ) ) ;
#2098 = CARTESIAN_POINT ( 'NONE',  ( 2.199617467580649688, -10.14423298185239375, 0.3862349933797957213 ) ) ;
#2099 = ORIENTED_EDGE ( 'NONE', *, *, #4782, .T. ) ;
#2100 = CARTESIAN_POINT ( 'NONE',  ( 1.624601280143000981, -9.798960762791995904, 0.7680880127234001042 ) ) ;
#2101 = CIRCLE ( 'NONE', #4826, 0.2549988548221000517 ) ;
#2102 = VERTEX_POINT ( 'NONE', #4499 ) ;
#2103 = SURFACE_SIDE_STYLE ('',( #2614 ) ) ;
#2104 = CARTESIAN_POINT ( 'NONE',  ( -1.772898902738000215, -8.941604318770002280, -1.066444472517000142 ) ) ;
#2105 = DIRECTION ( 'NONE',  ( 0.9999999999957821517, -2.904422175691950703E-06, 4.010850608430929950E-11 ) ) ;
#2106 = CARTESIAN_POINT ( 'NONE',  ( -1.546243026755000027, -9.983083156009998405, -0.3449901659583001212 ) ) ;
#2107 = CARTESIAN_POINT ( 'NONE',  ( -3.096305605690576890, -2.452923862848754410, -0.06549207491233663414 ) ) ;
#2108 = CARTESIAN_POINT ( 'NONE',  ( -2.478000000000000203, -4.918011772346000399, -0.5999999999999999778 ) ) ;
#2109 = DIRECTION ( 'NONE',  ( -8.981870929429245203E-06, -0.9999999999567370512, -2.419125744366780146E-06 ) ) ;
#2110 = CARTESIAN_POINT ( 'NONE',  ( -2.478000015587000338, -3.377999868689000262, -0.6000000089710000317 ) ) ;
#2111 = CARTESIAN_POINT ( 'NONE',  ( 1.878676876160429332, -9.804663285187899646, 0.4413313175792427101 ) ) ;
#2112 = EDGE_CURVE ( 'NONE', #2588, #2949, #152, .T. ) ;
#2113 = EDGE_CURVE ( 'NONE', #5771, #470, #1602, .T. ) ;
#2114 =( NAMED_UNIT ( * ) SI_UNIT ( $, .STERADIAN. ) SOLID_ANGLE_UNIT ( ) );
#2115 = DIRECTION ( 'NONE',  ( 0.000000000000000000, -1.000000000000000000, 0.000000000000000000 ) ) ;
#2116 = SPHERICAL_SURFACE ( 'NONE', #2141, 0.2550000000000000044 ) ;
#2117 = CARTESIAN_POINT ( 'NONE',  ( 2.233466756778997642, -8.641408661795004775, 0.5811881183085999547 ) ) ;
#2118 = CARTESIAN_POINT ( 'NONE',  ( -1.556497522808000022, -1.534698576549000659, -0.9164916449013998934 ) ) ;
#2119 = CARTESIAN_POINT ( 'NONE',  ( -1.987999999987000166, -9.260001423167000922, -0.5999999999802999584 ) ) ;
#2120 = CARTESIAN_POINT ( 'NONE',  ( 3.362580437721999438, -1.269908438449000920, 0.5586260364815005541 ) ) ;
#2121 = CARTESIAN_POINT ( 'NONE',  ( 1.983321837634572038, -10.25234894059253321, 0.5278248022849064691 ) ) ;
#2122 = ORIENTED_EDGE ( 'NONE', *, *, #2605, .F. ) ;
#2123 = CARTESIAN_POINT ( 'NONE',  ( 1.458435491612001478, -9.672795558746992484, 1.027685969290999202 ) ) ;
#2124 = DIRECTION ( 'NONE',  ( 0.000000000000000000, 0.000000000000000000, 1.000000000000000000 ) ) ;
#2125 =( LENGTH_UNIT ( ) NAMED_UNIT ( * ) SI_UNIT ( .MILLI., .METRE. ) );
#2126 = ADVANCED_FACE ( 'NONE', ( #690 ), #2358, .F. ) ;
#2127 = ORIENTED_EDGE ( 'NONE', *, *, #4491, .F. ) ;
#2128 = CARTESIAN_POINT ( 'NONE',  ( 1.975046687920401611, -8.753522447473281787, 0.5538499631004206725 ) ) ;
#2129 = CARTESIAN_POINT ( 'NONE',  ( -1.999382752957001408, -9.256717477784002668, -0.6491012628424003283 ) ) ;
#2130 = PRESENTATION_STYLE_ASSIGNMENT (( #1949 ) ) ;
#2131 = EDGE_CURVE ( 'NONE', #59, #4362, #3561, .T. ) ;
#2132 = CIRCLE ( 'NONE', #6191, 0.2549988548221008844 ) ;
#2133 = CARTESIAN_POINT ( 'NONE',  ( -1.969838586025646210, -1.048264796435284252, -0.6000045123677838488 ) ) ;
#2134 = AXIS2_PLACEMENT_3D ( 'NONE', #1610, #5428, #2143 ) ;
#2135 = DIRECTION ( 'NONE',  ( 2.419147473300114360E-06, -2.419147473124959381E-06, 0.9999999999941477924 ) ) ;
#2136 = DIRECTION ( 'NONE',  ( 0.9932437825404265563, 0.000000000000000000, 0.1160464926001028713 ) ) ;
#2137 = CARTESIAN_POINT ( 'NONE',  ( -2.315780172531154424, -8.680577593462031061, -0.4032445402112706523 ) ) ;
#2138 =( BOUNDED_CURVE ( )  B_SPLINE_CURVE ( 3, ( #5177, #730, #3731, #2711, #6160, #5686, #2679, #4608, #6063, #4131, #2227, #1717, #5112, #764, #4637, #4166, #2646 ),
 .UNSPECIFIED., .F., .T. ) 
 B_SPLINE_CURVE_WITH_KNOTS ( ( 4, 1, 1, 1, 1, 1, 1, 1, 1, 1, 1, 1, 1, 1, 4 ),
 ( 0.000000000000000000, 0.1075390270880638849, 0.1900746804172147586, 0.2594545192907583564, 0.3274086562141370060, 0.4018867124439589600, 0.4801748360175859265, 0.5572954669259063687, 0.6294523095587757355, 0.7069762454303767374, 0.7852978573086699665, 0.8563010279900802324, 0.9186306367205843149, 0.9746380055882208904, 1.000000000000000000 ),
 .UNSPECIFIED. ) 
 CURVE ( )  GEOMETRIC_REPRESENTATION_ITEM ( )  RATIONAL_B_SPLINE_CURVE ( ( 1.171569593576877510, 1.171569593576877510, 1.171569593576877510, 1.171569593576877510, 1.171569593576877510, 1.171569593576877510, 1.171569593576877510, 1.171569593576877510, 1.171569593576877510, 1.171569593576877510, 1.171569593576877510, 1.171569593576877510, 1.171569593576877510, 1.171569593576877510, 1.171569593576877510, 1.171569593576877510, 1.171569593576877510 ) ) 
 REPRESENTATION_ITEM ( '' )  );
#2139 = DIRECTION ( 'NONE',  ( 1.000000000000000000, 0.000000000000000000, 0.000000000000000000 ) ) ;
#2140 = PRESENTATION_STYLE_ASSIGNMENT (( #2206 ) ) ;
#2141 = AXIS2_PLACEMENT_3D ( 'NONE', #3533, #4478, #3505 ) ;
#2142 = CARTESIAN_POINT ( 'NONE',  ( 2.133520462290000808, -8.755437243574000661, 0.5658571811764004922 ) ) ;
#2143 = DIRECTION ( 'NONE',  ( 0.7071067811865466846, -0.7071067811865483499, 0.000000000000000000 ) ) ;
#2144 = CARTESIAN_POINT ( 'NONE',  ( -1.530562501180999790, -1.382899743361000855, -0.5986078733606996494 ) ) ;
#2145 = STYLED_ITEM ( 'NONE', ( #3226 ), #5775 ) ;
#2146 = TOROIDAL_SURFACE ( 'NONE', #6101, 0.6049999999999999822, 0.3499999999999999778 ) ;
#2147 = DIRECTION ( 'NONE',  ( 0.000000000000000000, -1.000000000000000000, 0.000000000000000000 ) ) ;
#2148 = FACE_OUTER_BOUND ( 'NONE', #2482, .T. ) ;
#2149 = CARTESIAN_POINT ( 'NONE',  ( 2.307045140171569919, -10.09048231263645334, 0.3597506829445660803 ) ) ;
#2150 = VERTEX_POINT ( 'NONE', #1878 ) ;
#2151 = CARTESIAN_POINT ( 'NONE',  ( 1.292659876789998608, -9.826977550893003510, 0.9575905503105998084 ) ) ;
#2152 = CARTESIAN_POINT ( 'NONE',  ( -1.477999999999999980, -10.00500000000000078, -0.5999999999999999778 ) ) ;
#2153 =( NAMED_UNIT ( * ) SI_UNIT ( $, .STERADIAN. ) SOLID_ANGLE_UNIT ( ) );
#2154 = EDGE_LOOP ( 'NONE', ( #720, #84, #2078, #2709, #1555, #2836 ) ) ;
#2155 =( GEOMETRIC_REPRESENTATION_CONTEXT ( 3 ) GLOBAL_UNCERTAINTY_ASSIGNED_CONTEXT ( ( #6174 ) ) GLOBAL_UNIT_ASSIGNED_CONTEXT ( ( #2125, #5581, #2153 ) ) REPRESENTATION_CONTEXT ( 'NONE', 'WORKASPACE' ) );
#2156 = CIRCLE ( 'NONE', #1558, 0.2640302636082001442 ) ;
#2157 = CARTESIAN_POINT ( 'NONE',  ( 1.967999999989000326, -8.750001145166999450, 0.5999997926836999618 ) ) ;
#2158 = CARTESIAN_POINT ( 'NONE',  ( 2.230880171921154176, -8.510821108314722494, 0.6635782352968887521 ) ) ;
#2159 = DIRECTION ( 'NONE',  ( 0.000000000000000000, -1.000000000000000000, 0.000000000000000000 ) ) ;
#2160 = CARTESIAN_POINT ( 'NONE',  ( -1.599770504975001284, -9.559364226352011329, -0.3021963947722001165 ) ) ;
#2161 = SURFACE_SIDE_STYLE ('',( #5471 ) ) ;
#2162 = CARTESIAN_POINT ( 'NONE',  ( -2.292092113553002353, -8.782819368881995103, -0.4547698926366001149 ) ) ;
#2163 = CARTESIAN_POINT ( 'NONE',  ( 1.990662427853999938, -1.727999878926999910, 0.9500009706811000099 ) ) ;
#2164 = CARTESIAN_POINT ( 'NONE',  ( -2.226581461787001004, -10.51937844827000568, -0.5517424918032001191 ) ) ;
#2165 = CARTESIAN_POINT ( 'NONE',  ( 2.315780172526692660, -8.680577593453104868, 0.4032445402149603675 ) ) ;
#2166 = CARTESIAN_POINT ( 'NONE',  ( -3.275285989002001852, -1.478358592168999452, -0.8831432645672997461 ) ) ;
#2167 = VECTOR ( 'NONE', #1707, 1000.000000000000114 ) ;
#2168 = CARTESIAN_POINT ( 'NONE',  ( -1.477999999999999980, -10.00499634721000142, -0.8549999999738000511 ) ) ;
#2169 = FILL_AREA_STYLE_COLOUR ( '', #1842 ) ;
#2170 = CARTESIAN_POINT ( 'NONE',  ( 1.987268742516174358, -9.750366778910047216, 0.5813885209994223979 ) ) ;
#2171 = CIRCLE ( 'NONE', #4313, 0.9409697611113002624 ) ;
#2172 =( NAMED_UNIT ( * ) PLANE_ANGLE_UNIT ( ) SI_UNIT ( $, .RADIAN. ) );
#2173 = CARTESIAN_POINT ( 'NONE',  ( -1.730980999510000062, -9.504862906469000450, -0.6338533268731999515 ) ) ;
#2174 = CARTESIAN_POINT ( 'NONE',  ( 3.276401133571384072, -1.476315772427854611, 0.8716148359712574401 ) ) ;
#2175 =( NAMED_UNIT ( * ) SI_UNIT ( $, .STERADIAN. ) SOLID_ANGLE_UNIT ( ) );
#2176 =( BOUNDED_CURVE ( )  B_SPLINE_CURVE ( 3, ( #1668, #5053, #2076, #5907, #4913, #4080, #703, #5436, #6004, #4454, #112, #2040, #3083, #2128, #3055, #4920, #2157 ),
 .UNSPECIFIED., .F., .T. ) 
 B_SPLINE_CURVE_WITH_KNOTS ( ( 4, 1, 1, 1, 1, 1, 1, 1, 1, 1, 1, 1, 1, 1, 4 ),
 ( 0.000000000000000000, 0.1075390307126173339, 0.1900746837063930772, 0.2594545222976617493, 0.3274086589449640150, 0.4018867148725325245, 0.4801748381283358902, 0.5572954687235724958, 0.6294523110634064889, 0.7069762466201835460, 0.7852978581805172276, 0.8563010285735758176, 0.9186306370508370289, 0.9746380056911024825, 1.000000000000000000 ),
 .UNSPECIFIED. ) 
 CURVE ( )  GEOMETRIC_REPRESENTATION_ITEM ( )  RATIONAL_B_SPLINE_CURVE ( ( 1.171569598263910272, 1.171569598263910272, 1.171569598263910272, 1.171569598263910272, 1.171569598263910272, 1.171569598263910272, 1.171569598263910272, 1.171569598263910272, 1.171569598263910272, 1.171569598263910272, 1.171569598263910272, 1.171569598263910272, 1.171569598263910272, 1.171569598263910272, 1.171569598263910272, 1.171569598263910272, 1.171569598263910272 ) ) 
 REPRESENTATION_ITEM ( '' )  );
#2177 = CARTESIAN_POINT ( 'NONE',  ( 2.116512086008001337, -8.757037714280004437, 0.5994832352578995938 ) ) ;
#2178 = CARTESIAN_POINT ( 'NONE',  ( -1.477999999999999980, -9.005002840759999572, -0.3450000000158000013 ) ) ;
#2179 = CARTESIAN_POINT ( 'NONE',  ( -1.633795099438001719, -1.028924532118999702, -0.4542575064024998999 ) ) ;
#2180 = UNCERTAINTY_MEASURE_WITH_UNIT (LENGTH_MEASURE( 1.000000000000000082E-05 ), #5496, 'distance_accuracy_value', 'NONE');
#2181 = DIRECTION ( 'NONE',  ( 1.000000000000000000, 0.000000000000000000, 0.000000000000000000 ) ) ;
#2182 = CARTESIAN_POINT ( 'NONE',  ( 1.865425761817925743, -9.811285781686917673, 0.7667656388364284537 ) ) ;
#2183 = DIRECTION ( 'NONE',  ( 0.000000000000000000, 1.000000000000000000, 0.000000000000000000 ) ) ;
#2184 = ORIENTED_EDGE ( 'NONE', *, *, #5696, .F. ) ;
#2185 = CARTESIAN_POINT ( 'NONE',  ( 1.360986096803997958, -9.762161403865993847, 1.086368660765999916 ) ) ;
#2186 = DIRECTION ( 'NONE',  ( -0.9446060446782177378, -0.3282063685509059026, 0.000000000000000000 ) ) ;
#2187 = ORIENTED_EDGE ( 'NONE', *, *, #4086, .T. ) ;
#2188 = EDGE_LOOP ( 'NONE', ( #5103, #2226, #5226 ) ) ;
#2189 = EDGE_CURVE ( 'NONE', #5195, #980, #1191, .T. ) ;
#2190 = CARTESIAN_POINT ( 'NONE',  ( -1.839326018035000843, -9.253058250764002679, -0.6005189938883001011 ) ) ;
#2191 = PRESENTATION_STYLE_ASSIGNMENT (( #4523 ) ) ;
#2192 = CARTESIAN_POINT ( 'NONE',  ( 1.528001029027000079, -1.634217782672999997, 0.6000000000479999152 ) ) ;
#2193 = AXIS2_PLACEMENT_3D ( 'NONE', #4594, #2754, #1222 ) ;
#2194 = APPLICATION_PROTOCOL_DEFINITION ( 'draft international standard', 'automotive_design', 1998, #940 ) ;
#2195 = DIRECTION ( 'NONE',  ( 0.000000000000000000, 0.000000000000000000, 1.000000000000000000 ) ) ;
#2196 = CARTESIAN_POINT ( 'NONE',  ( -2.587232796297001869, -8.901924567395997911, -0.3511739174829997534 ) ) ;
#2197 = CARTESIAN_POINT ( 'NONE',  ( 3.236362242856142934, -2.264714870911222366, 0.1931073051890433434 ) ) ;
#2198 = CARTESIAN_POINT ( 'NONE',  ( -2.249317885437001063, -10.47648112122000441, -0.4845146732921001842 ) ) ;
#2199 = CARTESIAN_POINT ( 'NONE',  ( -1.927507753769083232, -1.084488999788993269, -0.6000013267032490161 ) ) ;
#2200 = CARTESIAN_POINT ( 'NONE',  ( -3.372427801791000768, -1.916501794074998433, -0.6373200447914002531 ) ) ;
#2201 = CARTESIAN_POINT ( 'NONE',  ( -1.687830866041834188, -9.900082871170056364, -0.8328384093613252492 ) ) ;
#2202 = CARTESIAN_POINT ( 'NONE',  ( 1.975858583233999211, -9.762367759192002836, 0.6820094424103000375 ) ) ;
#2203 = CARTESIAN_POINT ( 'NONE',  ( -2.230651059409227699, -8.510321837634906572, -0.5278248022804574724 ) ) ;
#2204 = EDGE_CURVE ( 'NONE', #3944, #5347, #6038, .T. ) ;
#2205 = CARTESIAN_POINT ( 'NONE',  ( -2.478000000000000203, -17.60500000000000043, -0.5999999999999999778 ) ) ;
#2206 = SURFACE_STYLE_USAGE ( .BOTH. , #3262 ) ;
#2207 = CARTESIAN_POINT ( 'NONE',  ( 1.987997709643999800, -9.495002290356000074, 0.5999995955961999750 ) ) ;
#2208 = CARTESIAN_POINT ( 'NONE',  ( 2.244864539704999995, -10.23101048126000379, 0.4769630396009001405 ) ) ;
#2209 = DIRECTION ( 'NONE',  ( 0.000000000000000000, 1.000000000000000000, 0.000000000000000000 ) ) ;
#2210 = EDGE_CURVE ( 'NONE', #4357, #3614, #5276, .T. ) ;
#2211 = DIRECTION ( 'NONE',  ( -0.9999999999957821517, -2.904422175691950703E-06, -4.010850608430929950E-11 ) ) ;
#2212 = CARTESIAN_POINT ( 'NONE',  ( -2.006074464117000744, -1.378249296248998945, -0.9472705431475990645 ) ) ;
#2213 = CARTESIAN_POINT ( 'NONE',  ( 2.478000000000000203, -9.005000000000000782, 0.5999999999999999778 ) ) ;
#2214 = PLANE ( 'NONE',  #3699 ) ;
#2215 = CARTESIAN_POINT ( 'NONE',  ( 1.477999999999999980, -10.00500000000000078, 0.5999999999999999778 ) ) ;
#2216 = ORIENTED_EDGE ( 'NONE', *, *, #4258, .F. ) ;
#2217 = CARTESIAN_POINT ( 'NONE',  ( 1.539108693329999333, -9.830714663700003797, 0.8029400872348996243 ) ) ;
#2218 = CARTESIAN_POINT ( 'NONE',  ( 2.363395373918998121, -9.919406229577999667, 0.8440268271682003220 ) ) ;
#2219 = ORIENTED_EDGE ( 'NONE', *, *, #4953, .F. ) ;
#2220 = AXIS2_PLACEMENT_3D ( 'NONE', #2215, #2183, #1167 ) ;
#2221 = EDGE_LOOP ( 'NONE', ( #4012, #1233, #3908 ) ) ;
#2222 = SURFACE_SIDE_STYLE ('',( #2675 ) ) ;
#2223 = CARTESIAN_POINT ( 'NONE',  ( -1.632521158691002006, -9.537214305104997791, -0.3439303783881999532 ) ) ;
#2224 = CARTESIAN_POINT ( 'NONE',  ( -1.292659891120998772, -9.826977574250006953, -0.9575905277210999822 ) ) ;
#2225 = CARTESIAN_POINT ( 'NONE',  ( -2.377914993550999778, -8.811476752743990559, -0.4148795484343001938 ) ) ;
#2226 = ORIENTED_EDGE ( 'NONE', *, *, #443, .F. ) ;
#2227 = CARTESIAN_POINT ( 'NONE',  ( -2.051489755535978787, -8.791743663659399743, -0.4588039712415752369 ) ) ;
#2228 = CARTESIAN_POINT ( 'NONE',  ( -2.342747310164001284, -9.963405618542996223, -0.3665031209912999466 ) ) ;
#2229 =( NAMED_UNIT ( * ) SI_UNIT ( $, .STERADIAN. ) SOLID_ANGLE_UNIT ( ) );
#2230 = CARTESIAN_POINT ( 'NONE',  ( -2.229948162066998307, -8.643669473165997985, -0.6003953118956001367 ) ) ;
#2231 = CARTESIAN_POINT ( 'NONE',  ( 1.507106358347001906, -10.00272390983999848, 0.8556700770294992653 ) ) ;
#2232 = SURFACE_STYLE_FILL_AREA ( #3703 ) ;
#2233 = AXIS2_PLACEMENT_3D ( 'NONE', #95, #4890, #966 ) ;
#2234 = AXIS2_PLACEMENT_3D ( 'NONE', #5400, #4486, #2990 ) ;
#2235 = B_SPLINE_CURVE_WITH_KNOTS ( 'NONE', 3,
 ( #1071, #3957, #5453, #5503, #4503, #1099, #5377, #3064, #125, #3005, #3092, #155, #3525, #3033, #4047, #5951, #2621, #3551, #2504, #1604, #3459, #4994, #2595, #4439, #63, #5923 ),
 .UNSPECIFIED., .F., .F.,
 ( 4, 2, 2, 2, 2, 1, 1, 2, 2, 2, 1, 1, 2, 2, 4 ),
 ( 0.000000000000000000, 0.1250000000000112965, 0.1875000000000177081, 0.2500000000000240918, 0.3750000000000353606, 0.4375000000000393574, 0.4687500000000413003, 0.4843750000000422995, 0.5000000000000431877, 0.6250000000000356382, 0.6875000000000334177, 0.7187500000000300870, 0.7343750000000277556, 0.7500000000000253131, 1.000000000000000000 ),
 .UNSPECIFIED. ) ;
#2236 = AXIS2_PLACEMENT_3D ( 'NONE', #6165, #364, #905 ) ;
#2237 = SURFACE_STYLE_FILL_AREA ( #3705 ) ;
#2238 = PRESENTATION_LAYER_ASSIGNMENT (  '', '', ( #618 ) ) ;
#2239 = DIRECTION ( 'NONE',  ( -1.000000000000000000, 0.000000000000000000, 0.000000000000000000 ) ) ;
#2240 = EDGE_CURVE ( 'NONE', #4768, #5264, #3862, .T. ) ;
#2241 = FILL_AREA_STYLE_COLOUR ( '', #3391 ) ;
#2242 = CARTESIAN_POINT ( 'NONE',  ( -1.739922213793000605, -1.381172543901999950, -0.9790974437264002850 ) ) ;
#2243 = STYLED_ITEM ( 'NONE', ( #3257 ), #631 ) ;
#2244 = DIRECTION ( 'NONE',  ( 0.9999999999957821517, -2.904422175691950703E-06, 4.010873266043930489E-11 ) ) ;
#2245 = DIRECTION ( 'NONE',  ( 1.872657100268905372E-05, -0.9741992899029503494, 0.2256894840303885763 ) ) ;
#2246 = CARTESIAN_POINT ( 'NONE',  ( 2.447984692396866890, -10.06503545458174109, 0.8537840571399623046 ) ) ;
#2247 = CARTESIAN_POINT ( 'NONE',  ( -2.307045143701561773, -10.09048231086095093, -0.3597506823102463724 ) ) ;
#2248 = AXIS2_PLACEMENT_3D ( 'NONE', #5598, #1760, #735 ) ;
#2249 = ORIENTED_EDGE ( 'NONE', *, *, #1339, .T. ) ;
#2250 = CARTESIAN_POINT ( 'NONE',  ( 2.001987039986000028, -1.046981341117999564, 0.5999915601114997887 ) ) ;
#2251 = CARTESIAN_POINT ( 'NONE',  ( -1.721683851205000115, -9.517608015961000589, -0.5229677529710999861 ) ) ;
#2252 = CARTESIAN_POINT ( 'NONE',  ( 2.478000000000000203, -4.918011790920000514, 0.5999999999999999778 ) ) ;
#2253 = CARTESIAN_POINT ( 'NONE',  ( 1.956417615005998423, -10.26033757325999574, 0.6010533064691002680 ) ) ;
#2254 = UNCERTAINTY_MEASURE_WITH_UNIT (LENGTH_MEASURE( 1.000000000000000082E-05 ), #1394, 'distance_accuracy_value', 'NONE');
#2255 = B_SPLINE_CURVE_WITH_KNOTS ( 'NONE', 3,
 ( #5337, #5993, #601, #4039, #1199, #4093, #2670, #5010, #2611, #5964, #2587, #4010, #717, #1648, #4123, #3598, #6020, #5551, #1593, #6052, #3568 ),
 .UNSPECIFIED., .F., .F.,
 ( 4, 2, 2, 2, 2, 2, 1, 2, 2, 2, 4 ),
 ( 0.000000000000000000, 0.1249999999999985012, 0.1874999999999977240, 0.2187499999999975298, 0.2499999999999973355, 0.3749999999999965028, 0.4374999999999923950, 0.4687499999999945044, 0.4999999999999966693, 0.7499999999999983347, 1.000000000000000000 ),
 .UNSPECIFIED. ) ;
#2256 = ORIENTED_EDGE ( 'NONE', *, *, #5696, .T. ) ;
#2257 = EDGE_LOOP ( 'NONE', ( #2456, #2428, #5817, #6258 ) ) ;
#2258 = SURFACE_STYLE_FILL_AREA ( #2862 ) ;
#2259 = LINE ( 'NONE', #4418, #222 ) ;
#2260 = CARTESIAN_POINT ( 'NONE',  ( -1.722205936895998546, -9.494039114472998975, -0.5206191244304003707 ) ) ;
#2261 = CARTESIAN_POINT ( 'NONE',  ( -1.843822457322998876, -9.756769403564005572, -0.6073782142451004118 ) ) ;
#2262 = CARTESIAN_POINT ( 'NONE',  ( 3.426343004904000011, -1.837987931183000301, 0.5439148416551000675 ) ) ;
#2263 = STYLED_ITEM ( 'NONE', ( #5074 ), #6024 ) ;
#2264 = ORIENTED_EDGE ( 'NONE', *, *, #2935, .F. ) ;
#2265 = FILL_AREA_STYLE_COLOUR ( '', #5534 ) ;
#2266 = CARTESIAN_POINT ( 'NONE',  ( -1.911438045140203990, -1.097708161234576041, -0.6000752921010560348 ) ) ;
#2267 = CARTESIAN_POINT ( 'NONE',  ( -3.439956356954999350, -1.378358399200999118, -0.5800566237906996658 ) ) ;
#2268 = CARTESIAN_POINT ( 'NONE',  ( 2.142295508983722119, -10.17285551375723074, 0.7919695291694501815 ) ) ;
#2269 =( NAMED_UNIT ( * ) SI_UNIT ( $, .STERADIAN. ) SOLID_ANGLE_UNIT ( ) );
#2270 =( NAMED_UNIT ( * ) PLANE_ANGLE_UNIT ( ) SI_UNIT ( $, .RADIAN. ) );
#2271 = DIRECTION ( 'NONE',  ( 0.000000000000000000, -1.000000000000000000, 0.000000000000000000 ) ) ;
#2272 = SURFACE_STYLE_USAGE ( .BOTH. , #5538 ) ;
#2273 = CARTESIAN_POINT ( 'NONE',  ( 2.475682797444998418, -10.03418827782000378, 0.3443313756650001056 ) ) ;
#2274 = CARTESIAN_POINT ( 'NONE',  ( 1.569578786084998123, -9.210972846685990589, 0.3612636822989001018 ) ) ;
#2275 =( NAMED_UNIT ( * ) PLANE_ANGLE_UNIT ( ) SI_UNIT ( $, .RADIAN. ) );
#2276 = CARTESIAN_POINT ( 'NONE',  ( -1.729192613638999898, -9.504935600175999255, -0.5557298592604998921 ) ) ;
#2277 = PRESENTATION_LAYER_ASSIGNMENT (  '', '', ( #3516 ) ) ;
#2278 = AXIS2_PLACEMENT_3D ( 'NONE', #1777, #3718, #2186 ) ;
#2279 = STYLED_ITEM ( 'NONE', ( #1281 ), #3470 ) ;
#2280 = CARTESIAN_POINT ( 'NONE',  ( 2.277663285188167297, -10.40567687616374570, 0.7586686824215747027 ) ) ;
#2281 = CARTESIAN_POINT ( 'NONE',  ( -2.477996344903000026, -10.00500000000000078, -0.3450000000262000155 ) ) ;
#2282 = VERTEX_POINT ( 'NONE', #5306 ) ;
#2283 = CARTESIAN_POINT ( 'NONE',  ( 1.786209634196999074, -1.038350044407000183, 0.6069762608571004359 ) ) ;
#2284 = CARTESIAN_POINT ( 'NONE',  ( -1.626642739953000127, -9.707713430824000511, -0.3923283923202999790 ) ) ;
#2285 = DIRECTION ( 'NONE',  ( -1.000000000000000000, 0.000000000000000000, 0.000000000000000000 ) ) ;
#2286 = CARTESIAN_POINT ( 'NONE',  ( 2.155082799081000644, -10.04758281228999550, 0.8384600264630999167 ) ) ;
#2287 = B_SPLINE_CURVE_WITH_KNOTS ( 'NONE', 3,
 ( #225, #5042, #4954, #4521, #4095, #3627, #575, #4985, #5553, #5013, #1118, #4041 ),
 .UNSPECIFIED., .F., .F.,
 ( 4, 2, 2, 2, 2, 4 ),
 ( 0.000000000000000000, 0.2499999999999994449, 0.3749999999999992784, 0.4374999999999993894, 0.4999999999999995559, 1.000000000000000000 ),
 .UNSPECIFIED. ) ;
#2288 = COLOUR_RGB ( '',0.9411764705882352811, 0.9921568627450980671, 0.007843137254901960675 ) ;
#2289 = CARTESIAN_POINT ( 'NONE',  ( 2.223000641427000268, -10.51500000001000146, 0.6000000000053998805 ) ) ;
#2290 = ORIENTED_EDGE ( 'NONE', *, *, #1840, .T. ) ;
#2291 = CARTESIAN_POINT ( 'NONE',  ( 2.437173405467290443, -8.923294326129354914, 0.8549997348593809665 ) ) ;
#2292 = CARTESIAN_POINT ( 'NONE',  ( 1.663099949602000027, -9.634801389305000185, 0.4240558930283000461 ) ) ;
#2293 = CARTESIAN_POINT ( 'NONE',  ( 1.632521158691002006, -9.537214305104997791, 0.3439303783880000021 ) ) ;
#2294 = CARTESIAN_POINT ( 'NONE',  ( -1.494023510263001064, -9.849278191736006605, -0.8182605087641006136 ) ) ;
#2295 = CARTESIAN_POINT ( 'NONE',  ( -2.303782856253998812, -8.517808701892993994, -0.3653705169708998945 ) ) ;
#2296 = EDGE_CURVE ( 'NONE', #4768, #59, #1510, .T. ) ;
#2297 = ORIENTED_EDGE ( 'NONE', *, *, #2056, .F. ) ;
#2298 = CARTESIAN_POINT ( 'NONE',  ( 3.225729963963340108, -2.279817032836546353, 0.1810958254685048896 ) ) ;
#2299 = STYLED_ITEM ( 'NONE', ( #1318 ), #3796 ) ;
#2300 =( NAMED_UNIT ( * ) SI_UNIT ( $, .STERADIAN. ) SOLID_ANGLE_UNIT ( ) );
#2301 = CARTESIAN_POINT ( 'NONE',  ( 1.667777364949002195, -9.402121839827003669, 0.7717800321031997868 ) ) ;
#2302 = CARTESIAN_POINT ( 'NONE',  ( -3.637822276325997528, -1.329523477263000686, -0.5665841689448000151 ) ) ;
#2303 = CARTESIAN_POINT ( 'NONE',  ( 2.478000000000000203, -1.837987956972999992, 0.5999999999999999778 ) ) ;
#2304 = DIRECTION ( 'NONE',  ( -1.000000000000000000, 0.000000000000000000, 0.000000000000000000 ) ) ;
#2305 = CIRCLE ( 'NONE', #573, 0.2550000000000000600 ) ;
#2306 =( NAMED_UNIT ( * ) SI_UNIT ( $, .STERADIAN. ) SOLID_ANGLE_UNIT ( ) );
#2307 = CARTESIAN_POINT ( 'NONE',  ( 0.000000000000000000, 0.000000000000000000, -0.5999999999999999778 ) ) ;
#2308 = ADVANCED_FACE ( 'NONE', ( #4333 ), #6198, .T. ) ;
#2309 = EDGE_CURVE ( 'NONE', #2035, #4797, #207, .T. ) ;
#2310 = CARTESIAN_POINT ( 'NONE',  ( -1.538035454582039607, -9.974984692395011621, -0.3462159428602165079 ) ) ;
#2311 = CARTESIAN_POINT ( 'NONE',  ( 2.380106180658001058, -10.22338503947000099, 0.3637015893710998649 ) ) ;
#2312 = CARTESIAN_POINT ( 'NONE',  ( -1.477999999999999980, -10.25999999999999979, -0.5999999999999999778 ) ) ;
#2313 = DIRECTION ( 'NONE',  ( 0.000000000000000000, -1.000000000000000000, 0.000000000000000000 ) ) ;
#2314 = UNCERTAINTY_MEASURE_WITH_UNIT (LENGTH_MEASURE( 1.000000000000000082E-05 ), #3214, 'distance_accuracy_value', 'NONE');
#2315 =( NAMED_UNIT ( * ) SI_UNIT ( $, .STERADIAN. ) SOLID_ANGLE_UNIT ( ) );
#2316 = FILL_AREA_STYLE ('',( #4751 ) ) ;
#2317 = CARTESIAN_POINT ( 'NONE',  ( -2.478000000000000203, -9.750000000000000000, -0.5999999999999999778 ) ) ;
#2318 = ORIENTED_EDGE ( 'NONE', *, *, #3847, .F. ) ;
#2319 = CARTESIAN_POINT ( 'NONE',  ( 1.819171838187001233, -1.372108560149998713, 1.064646300748999908 ) ) ;
#2320 = CARTESIAN_POINT ( 'NONE',  ( 1.990660282759000310, -1.377999984869999972, 0.9499999999999000355 ) ) ;
#2321 = PLANE ( 'NONE',  #3911 ) ;
#2322 = CARTESIAN_POINT ( 'NONE',  ( 2.229437030337001691, -10.36198420823000177, 0.6172514488363999297 ) ) ;
#2323 = UNCERTAINTY_MEASURE_WITH_UNIT (LENGTH_MEASURE( 1.000000000000000082E-05 ), #5565, 'distance_accuracy_value', 'NONE');
#2324 = CARTESIAN_POINT ( 'NONE',  ( 3.563174676374001315, -1.736864117910002392, 0.3659445262477001304 ) ) ;
#2325 = CARTESIAN_POINT ( 'NONE',  ( -2.234103837724002339, -9.888168773925990251, -0.1037606308979999448 ) ) ;
#2326 = ORIENTED_EDGE ( 'NONE', *, *, #4086, .F. ) ;
#2327 = FACE_OUTER_BOUND ( 'NONE', #4663, .T. ) ;
#2328 = ADVANCED_FACE ( 'NONE', ( #3828 ), #2952, .T. ) ;
#2329 = CARTESIAN_POINT ( 'NONE',  ( 1.829022381947999376, -9.755713148315996008, 0.5670096501385997190 ) ) ;
#2330 = CARTESIAN_POINT ( 'NONE',  ( -1.457690720536000573, -9.722640259391001294, -0.8800534566778006607 ) ) ;
#2331 = CARTESIAN_POINT ( 'NONE',  ( 2.992617831618999968, -1.028000417037999936, 0.6000007627797000476 ) ) ;
#2332 = ORIENTED_EDGE ( 'NONE', *, *, #1859, .T. ) ;
#2333 = AXIS2_PLACEMENT_3D ( 'NONE', #3928, #1512, #611 ) ;
#2334 = CARTESIAN_POINT ( 'NONE',  ( 3.421357633736000103, -1.781162274155001501, 0.6844491745767999902 ) ) ;
#2335 = EDGE_CURVE ( 'NONE', #5158, #1539, #925, .T. ) ;
#2336 =( NAMED_UNIT ( * ) PLANE_ANGLE_UNIT ( ) SI_UNIT ( $, .RADIAN. ) );
#2337 = FACE_OUTER_BOUND ( 'NONE', #5302, .T. ) ;
#2338 = CARTESIAN_POINT ( 'NONE',  ( 14.24843999999999866, -1.028000000000000025, 0.9499999999999999556 ) ) ;
#2339 = DIRECTION ( 'NONE',  ( 1.000000000000000000, 0.000000000000000000, 0.000000000000000000 ) ) ;
#2340 = EDGE_LOOP ( 'NONE', ( #2418, #5137, #5646 ) ) ;
#2341 = CARTESIAN_POINT ( 'NONE',  ( 2.148947467855000681, -8.755369427353004497, 0.6495783393182003040 ) ) ;
#2342 = SURFACE_STYLE_USAGE ( .BOTH. , #907 ) ;
#2343 = SURFACE_SIDE_STYLE ('',( #5219 ) ) ;
#2344 = DIRECTION ( 'NONE',  ( 0.9992238874140676463, 0.03939064374432087179, -2.554742933499578832E-06 ) ) ;
#2345 = CARTESIAN_POINT ( 'NONE',  ( 1.732772179941000079, -9.505028195252000600, 0.6171386636675000315 ) ) ;
#2346 = CARTESIAN_POINT ( 'NONE',  ( 1.526415449776000299, -9.125813120766997244, 0.3488579130957000785 ) ) ;
#2347 = DIRECTION ( 'NONE',  ( 0.000000000000000000, -1.000000000000000000, 0.000000000000000000 ) ) ;
#2348 = DIRECTION ( 'NONE',  ( 0.9999999999991432409, 1.309035104366056249E-06, 1.109384692967048052E-11 ) ) ;
#2349 = ADVANCED_FACE ( 'NONE', ( #6226 ), #2565, .F. ) ;
#2350 = STYLED_ITEM ( 'NONE', ( #4100 ), #2126 ) ;
#2351 = CARTESIAN_POINT ( 'NONE',  ( -1.967234660004555824, -9.249643203490400367, -0.5274633576884416586 ) ) ;
#2352 = DIRECTION ( 'NONE',  ( 0.000000000000000000, 0.000000000000000000, 1.000000000000000000 ) ) ;
#2353 = CARTESIAN_POINT ( 'NONE',  ( 3.411569593198000128, -1.916979274093000063, 0.4822211713867999849 ) ) ;
#2354 = ORIENTED_EDGE ( 'NONE', *, *, #5308, .F. ) ;
#2355 = CARTESIAN_POINT ( 'NONE',  ( 1.672973831420999646, -1.338179248277999944, 0.7998699731875998920 ) ) ;
#2356 =( NAMED_UNIT ( * ) SI_UNIT ( $, .STERADIAN. ) SOLID_ANGLE_UNIT ( ) );
#2357 = CARTESIAN_POINT ( 'NONE',  ( 2.488262603612998447, -10.00904762446999108, 0.8551906022834002696 ) ) ;
#2358 =( BOUNDED_SURFACE ( )  B_SPLINE_SURFACE ( 3, 3, ( 
 ( #761, #3184, #1150, #5044, #2708, #5472, #1121, #5109, #3148, #4069, #4526, #4574, #3114, #3059, #3088, #4045, #5997, #5075 ),
 ( #4635, #2196, #1656, #4545, #1623, #4990, #2225, #640, #2162, #179, #729, #3605, #3575, #5019, #2618, #202, #5525, #2678 ),
 ( #6030, #1177, #6060, #3661, #4606, #1715, #5172, #3218, #793, #5141, #2834, #2770, #4299, #5268, #866, #2803, #5748, #6194 ),
 ( #898, #6126, #4735, #1302, #829, #5714, #4236, #326, #6222, #2865, #2295, #3729, #1407, #1374, #4767, #3318, #5241, #418 ) ),
 .UNSPECIFIED., .F., .F., .F. ) 
 B_SPLINE_SURFACE_WITH_KNOTS ( ( 4, 4 ),
 ( 4, 1, 1, 1, 1, 1, 1, 1, 1, 1, 1, 1, 1, 1, 1, 4 ),
 ( 0.000000000000000000, 1.000000000000000000 ),
 ( -0.009398496149176000652, 0.000000000000000000, 0.1047490706686999978, 0.1851413214016000008, 0.2527194064781999594, 0.3189088142495999922, 0.3914527189625000014, 0.4677077458009000210, 0.5428255990750000537, 0.6131085707490999681, 0.6886192553926999693, 0.7649069008640999590, 0.8340661607718999893, 0.8947771060547000666, 0.9493299963425000376, 0.9829193381744999458 ),
 .UNSPECIFIED. ) 
 GEOMETRIC_REPRESENTATION_ITEM ( )  RATIONAL_B_SPLINE_SURFACE ( (
 ( 1.194558344367000036, 1.194558344367000036, 1.194558344367000036, 1.194558344367000036, 1.194558344367000036, 1.194558344367000036, 1.194558344367000036, 1.194558344367000036, 1.194558344367000036, 1.194558344367000036, 1.194558344367000036, 1.194558344367000036, 1.194558344367000036, 1.194558344367000036, 1.194558344367000036, 1.194558344367000036, 1.194558344367000036, 1.194558344367000036),
 ( 0.9351472185445000029, 0.9351472185445000029, 0.9351472185445000029, 0.9351472185445000029, 0.9351472185445000029, 0.9351472185445000029, 0.9351472185445000029, 0.9351472185445000029, 0.9351472185445000029, 0.9351472185445000029, 0.9351472185445000029, 0.9351472185445000029, 0.9351472185445000029, 0.9351472185445000029, 0.9351472185445000029, 0.9351472185445000029, 0.9351472185445000029, 0.9351472185445000029),
 ( 0.9351472185445000029, 0.9351472185445000029, 0.9351472185445000029, 0.9351472185445000029, 0.9351472185445000029, 0.9351472185445000029, 0.9351472185445000029, 0.9351472185445000029, 0.9351472185445000029, 0.9351472185445000029, 0.9351472185445000029, 0.9351472185445000029, 0.9351472185445000029, 0.9351472185445000029, 0.9351472185445000029, 0.9351472185445000029, 0.9351472185445000029, 0.9351472185445000029),
 ( 1.194558344367000036, 1.194558344367000036, 1.194558344367000036, 1.194558344367000036, 1.194558344367000036, 1.194558344367000036, 1.194558344367000036, 1.194558344367000036, 1.194558344367000036, 1.194558344367000036, 1.194558344367000036, 1.194558344367000036, 1.194558344367000036, 1.194558344367000036, 1.194558344367000036, 1.194558344367000036, 1.194558344367000036, 1.194558344367000036) ) ) 
 REPRESENTATION_ITEM ( '' )  SURFACE ( )  );
#2359 = DIRECTION ( 'NONE',  ( 0.000000000000000000, 0.000000000000000000, -1.000000000000000000 ) ) ;
#2360 = CARTESIAN_POINT ( 'NONE',  ( -2.229975808987000985, -10.36606248801999541, -0.5929487905135000236 ) ) ;
#2361 = ORIENTED_EDGE ( 'NONE', *, *, #1746, .T. ) ;
#2362 = CARTESIAN_POINT ( 'NONE',  ( -3.286031921566002101, -1.435353687212999496, -0.6730415055632005261 ) ) ;
#2363 = MECHANICAL_DESIGN_GEOMETRIC_PRESENTATION_REPRESENTATION (  '', ( #719 ), #5904 ) ;
#2364 = DIRECTION ( 'NONE',  ( 0.005337810985640812148, -0.9999857537854635048, 0.000000000000000000 ) ) ;
#2365 = CARTESIAN_POINT ( 'NONE',  ( -1.624601296675999507, -9.798960774743996183, -0.7680880207873006515 ) ) ;
#2366 = B_SPLINE_CURVE_WITH_KNOTS ( 'NONE', 3,
 ( #1319, #4381, #976, #847, #3744, #5701, #3399, #5733, #3267, #5323, #3870, #3778, #3366, #950, #1425, #402, #915, #1355, #3304, #4347, #2851, #4718, #494, #4786, #6273, #5223 ),
 .UNSPECIFIED., .F., .F.,
 ( 4, 2, 2, 2, 2, 1, 1, 2, 2, 2, 1, 1, 2, 2, 4 ),
 ( 0.000000000000000000, 0.1249999999999966971, 0.1874999999999964195, 0.2499999999999961697, 0.3749999999999960587, 0.4374999999999960587, 0.4687499999999960587, 0.4843749999999957256, 0.4999999999999954481, 0.6250000000000001110, 0.6875000000000021094, 0.7187500000000016653, 0.7343750000000009992, 0.7500000000000003331, 1.000000000000000000 ),
 .UNSPECIFIED. ) ;
#2367 = CARTESIAN_POINT ( 'NONE',  ( 3.425809775235999943, -1.845731899847000035, 0.5348984652584000132 ) ) ;
#2368 = ORIENTED_EDGE ( 'NONE', *, *, #2905, .T. ) ;
#2369 = PRESENTATION_LAYER_ASSIGNMENT (  '', '', ( #2576 ) ) ;
#2370 = PRESENTATION_STYLE_ASSIGNMENT (( #3252 ) ) ;
#2371 = SURFACE_SIDE_STYLE ('',( #4798 ) ) ;
#2372 = CARTESIAN_POINT ( 'NONE',  ( -1.589831392084803730, -1.406297325244579177, -0.5999328817633516886 ) ) ;
#2373 = DIRECTION ( 'NONE',  ( 0.000000000000000000, 0.000000000000000000, -1.000000000000000000 ) ) ;
#2374 = SURFACE_STYLE_USAGE ( .BOTH. , #3325 ) ;
#2375 = COLOUR_RGB ( '',0.8039215686274510109, 0.8039215686274510109, 0.8039215686274510109 ) ;
#2376 = B_SPLINE_CURVE_WITH_KNOTS ( 'NONE', 3,
 ( #1829, #6140, #1892, #2411, #3774, #1861 ),
 .UNSPECIFIED., .F., .F.,
 ( 4, 2, 4 ),
 ( 0.000000000000000000, 0.5000000000000000000, 1.000000000000000000 ),
 .UNSPECIFIED. ) ;
#2377 = AXIS2_PLACEMENT_3D ( 'NONE', #3429, #3994, #4471 ) ;
#2378 = CARTESIAN_POINT ( 'NONE',  ( 2.187856705564998006, -8.870436145237986736, 0.8175622207951996900 ) ) ;
#2379 = DIRECTION ( 'NONE',  ( 0.000000000000000000, -1.000000000000000000, 0.000000000000000000 ) ) ;
#2380 = CARTESIAN_POINT ( 'NONE',  ( -2.226114308120998864, -10.52025347712000247, -0.6452659959697999437 ) ) ;
#2381 = LINE ( 'NONE', #1919, #1666 ) ;
#2382 = CARTESIAN_POINT ( 'NONE',  ( -1.956417615005998423, -10.26033757325999574, -0.6010533064691002680 ) ) ;
#2383 = CARTESIAN_POINT ( 'NONE',  ( 1.705800529004001920, -9.210807909758996104, 0.4655225853620998389 ) ) ;
#2384 = SURFACE_STYLE_USAGE ( .BOTH. , #436 ) ;
#2385 = SURFACE_STYLE_FILL_AREA ( #2316 ) ;
#2386 = CARTESIAN_POINT ( 'NONE',  ( 1.972697612143999857, -1.124056304063000056, 0.6131799906057999738 ) ) ;
#2387 = ORIENTED_EDGE ( 'NONE', *, *, #2718, .F. ) ;
#2388 = DIRECTION ( 'NONE',  ( 1.000000000000000000, 0.000000000000000000, 0.000000000000000000 ) ) ;
#2389 = CARTESIAN_POINT ( 'NONE',  ( 0.000000000000000000, 0.000000000000000000, 0.3499999999999999778 ) ) ;
#2390 =( GEOMETRIC_REPRESENTATION_CONTEXT ( 3 ) GLOBAL_UNCERTAINTY_ASSIGNED_CONTEXT ( ( #5362 ) ) GLOBAL_UNIT_ASSIGNED_CONTEXT ( ( #1052, #3536, #3475 ) ) REPRESENTATION_CONTEXT ( 'NONE', 'WORKASPACE' ) );
#2391 = UNCERTAINTY_MEASURE_WITH_UNIT (LENGTH_MEASURE( 1.000000000000000082E-05 ), #3322, 'distance_accuracy_value', 'NONE');
#2392 = MECHANICAL_DESIGN_GEOMETRIC_PRESENTATION_REPRESENTATION (  '', ( #5108 ), #6013 ) ;
#2393 = CIRCLE ( 'NONE', #5720, 3.950000000000000178 ) ;
#2394 = CARTESIAN_POINT ( 'NONE',  ( -2.105959267695998172, -10.20218544430000129, -0.5069216466868002868 ) ) ;
#2395 = ORIENTED_EDGE ( 'NONE', *, *, #4917, .F. ) ;
#2396 = CARTESIAN_POINT ( 'NONE',  ( 1.357296826719002203, -9.765723832578002472, 0.1117480690757000211 ) ) ;
#2397 = CARTESIAN_POINT ( 'NONE',  ( -1.291227996387998012, -9.831189235218998235, -1.113923668033999448 ) ) ;
#2398 = CARTESIAN_POINT ( 'NONE',  ( 3.224405467168000250, -1.064072696143999908, 0.6000000072395000883 ) ) ;
#2399 = EDGE_LOOP ( 'NONE', ( #3544, #4729, #75, #633 ) ) ;
#2400 = DIRECTION ( 'NONE',  ( 0.000000000000000000, 1.000000000000000000, 0.000000000000000000 ) ) ;
#2401 =( LENGTH_UNIT ( ) NAMED_UNIT ( * ) SI_UNIT ( .MILLI., .METRE. ) );
#2402 = AXIS2_PLACEMENT_3D ( 'NONE', #2809, #5780, #5272 ) ;
#2403 = PRESENTATION_STYLE_ASSIGNMENT (( #456 ) ) ;
#2404 = DIRECTION ( 'NONE',  ( 0.000000000000000000, 1.000000000000000000, 0.000000000000000000 ) ) ;
#2405 = CARTESIAN_POINT ( 'NONE',  ( 2.587235486873002532, -8.901925939481001748, 0.8488269431581004776 ) ) ;
#2406 = DIRECTION ( 'NONE',  ( 0.000000000000000000, 1.000000000000000000, 0.000000000000000000 ) ) ;
#2407 = EDGE_CURVE ( 'NONE', #470, #1509, #5344, .T. ) ;
#2408 =( LENGTH_UNIT ( ) NAMED_UNIT ( * ) SI_UNIT ( .MILLI., .METRE. ) );
#2409 = CARTESIAN_POINT ( 'NONE',  ( -2.251510564898999256, -9.879315469615999490, -0.9378440584461996687 ) ) ;
#2410 = CARTESIAN_POINT ( 'NONE',  ( 1.756382532360557747, -9.144232981822487005, 0.8137650066397121851 ) ) ;
#2411 = CARTESIAN_POINT ( 'NONE',  ( -1.900421268299313349, -3.435757127518050513, -0.4741837920895020653 ) ) ;
#2412 = PRESENTATION_LAYER_ASSIGNMENT (  '', '', ( #1176 ) ) ;
#2413 = SURFACE_STYLE_USAGE ( .BOTH. , #3743 ) ;
#2414 = CARTESIAN_POINT ( 'NONE',  ( -2.478000000000000203, -9.005000000000000782, -0.5999999999999999778 ) ) ;
#2415 = CARTESIAN_POINT ( 'NONE',  ( 1.974323768124999878, -1.378000065311000055, 0.9386276436058998973 ) ) ;
#2416 = ADVANCED_FACE ( 'NONE', ( #2642 ), #1710, .F. ) ;
#2417 = CARTESIAN_POINT ( 'NONE',  ( -2.373082870492686514, -10.21483086524080797, -0.3671615909446480086 ) ) ;
#2418 = ORIENTED_EDGE ( 'NONE', *, *, #6136, .F. ) ;
#2419 = CARTESIAN_POINT ( 'NONE',  ( 1.598046819359999704, -1.302628190403001707, 0.2876032235713997798 ) ) ;
#2420 = SURFACE_STYLE_FILL_AREA ( #472 ) ;
#2421 = CARTESIAN_POINT ( 'NONE',  ( -2.223001145167000203, -8.494999999989000017, -0.5999997926836999618 ) ) ;
#2422 =( LENGTH_UNIT ( ) NAMED_UNIT ( * ) SI_UNIT ( .MILLI., .METRE. ) );
#2423 = ORIENTED_EDGE ( 'NONE', *, *, #4183, .F. ) ;
#2424 = CARTESIAN_POINT ( 'NONE',  ( 1.921202387159236746, -1.089558312589609779, 0.5999995104733989448 ) ) ;
#2425 = CARTESIAN_POINT ( 'NONE',  ( 1.648813121381000668, -9.790915578199001601, 0.4435246448157000310 ) ) ;
#2426 = CARTESIAN_POINT ( 'NONE',  ( 1.726231069418999953, -9.501290554390999787, 0.5409490150488001081 ) ) ;
#2427 = CARTESIAN_POINT ( 'NONE',  ( -1.732062995932000860, -9.648979057367998990, -0.6004701756622999875 ) ) ;
#2428 = ORIENTED_EDGE ( 'NONE', *, *, #4770, .T. ) ;
#2429 =( NAMED_UNIT ( * ) PLANE_ANGLE_UNIT ( ) SI_UNIT ( $, .RADIAN. ) );
#2430 = CARTESIAN_POINT ( 'NONE',  ( -1.578079291184478317, -1.428817002481779008, -0.5999610422837189372 ) ) ;
#2431 = DIRECTION ( 'NONE',  ( 1.000000000000000000, 0.000000000000000000, 0.000000000000000000 ) ) ;
#2432 = EDGE_LOOP ( 'NONE', ( #3975, #135, #1847, #5326 ) ) ;
#2433 = CARTESIAN_POINT ( 'NONE',  ( 2.361781856098002397, -8.651432848578000545, 0.7782669362687996140 ) ) ;
#2434 = CARTESIAN_POINT ( 'NONE',  ( 2.239239793531022205, -8.885622098046317419, 0.8257501178973399858 ) ) ;
#2435 = CARTESIAN_POINT ( 'NONE',  ( -1.967999999989000326, -10.25999885483000007, -0.5999997926836999618 ) ) ;
#2436 =( NAMED_UNIT ( * ) PLANE_ANGLE_UNIT ( ) SI_UNIT ( $, .RADIAN. ) );
#2437 = CARTESIAN_POINT ( 'NONE',  ( 3.338345720833999941, -2.111385291270000408, 0.3499999999999999778 ) ) ;
#2438 = DIRECTION ( 'NONE',  ( 1.000000000000000000, 0.000000000000000000, 0.000000000000000000 ) ) ;
#2439 = CARTESIAN_POINT ( 'NONE',  ( 1.736586513136002097, -8.930097312355997019, 0.2874519921336001760 ) ) ;
#2440 = CARTESIAN_POINT ( 'NONE',  ( 2.733000000000000096, -10.00500000000000078, 0.5999999999999999778 ) ) ;
#2441 = CARTESIAN_POINT ( 'NONE',  ( -1.592604198579000707, -8.919406632628000153, -0.3559737923984001018 ) ) ;
#2442 = EDGE_CURVE ( 'NONE', #2545, #319, #5261, .T. ) ;
#2443 = CARTESIAN_POINT ( 'NONE',  ( -3.495042380239000046, -1.214363555844000020, -0.5999997220557999889 ) ) ;
#2444 =( NAMED_UNIT ( * ) PLANE_ANGLE_UNIT ( ) SI_UNIT ( $, .RADIAN. ) );
#2445 = CARTESIAN_POINT ( 'NONE',  ( 1.980112308492000261, -1.101586967922000060, 0.6075518028631999856 ) ) ;
#2446 = CARTESIAN_POINT ( 'NONE',  ( 1.508780468551000009, -9.943445436899999379, 0.3464043055523999826 ) ) ;
#2447 = ORIENTED_EDGE ( 'NONE', *, *, #35, .T. ) ;
#2448 = CARTESIAN_POINT ( 'NONE',  ( 1.659581707654999461, -1.750977324711998628, 1.085246251408999552 ) ) ;
#2449 = FACE_OUTER_BOUND ( 'NONE', #3347, .T. ) ;
#2450 = CARTESIAN_POINT ( 'NONE',  ( -1.889569866929999398, -1.321027471599999892, -0.7570374882487003187 ) ) ;
#2451 = B_SPLINE_CURVE_WITH_KNOTS ( 'NONE', 3,
 ( #2821, #343, #5730, #5698, #2276, #5284 ),
 .UNSPECIFIED., .F., .F.,
 ( 4, 1, 1, 4 ),
 ( 0.000000000000000000, 0.3333333333333000081, 0.6666666666667000474, 1.000000000000000000 ),
 .UNSPECIFIED. ) ;
#2452 =( GEOMETRIC_REPRESENTATION_CONTEXT ( 3 ) GLOBAL_UNCERTAINTY_ASSIGNED_CONTEXT ( ( #785 ) ) GLOBAL_UNIT_ASSIGNED_CONTEXT ( ( #666, #1238, #2645 ) ) REPRESENTATION_CONTEXT ( 'NONE', 'WORKASPACE' ) );
#2453 = UNCERTAINTY_MEASURE_WITH_UNIT (LENGTH_MEASURE( 1.000000000000000082E-05 ), #5931, 'distance_accuracy_value', 'NONE');
#2454 = FILL_AREA_STYLE_COLOUR ( '', #3721 ) ;
#2455 = CARTESIAN_POINT ( 'NONE',  ( -2.249030123326002606, -9.883004097742000837, -0.2637447851617000238 ) ) ;
#2456 = ORIENTED_EDGE ( 'NONE', *, *, #344, .T. ) ;
#2457 = CARTESIAN_POINT ( 'NONE',  ( 1.578079529025941063, -1.428816526178419588, 0.5999610402256241315 ) ) ;
#2458 =( GEOMETRIC_REPRESENTATION_CONTEXT ( 3 ) GLOBAL_UNCERTAINTY_ASSIGNED_CONTEXT ( ( #5230 ) ) GLOBAL_UNIT_ASSIGNED_CONTEXT ( ( #314, #3782, #1324 ) ) REPRESENTATION_CONTEXT ( 'NONE', 'WORKASPACE' ) );
#2459 = CARTESIAN_POINT ( 'NONE',  ( -3.400156168397793000, -1.637019405220879076, -0.7813220729086716165 ) ) ;
#2460 = CARTESIAN_POINT ( 'NONE',  ( 2.478000000000000203, -10.00500000000000078, 0.5999999999999999778 ) ) ;
#2461 = ORIENTED_EDGE ( 'NONE', *, *, #4003, .F. ) ;
#2462 = CARTESIAN_POINT ( 'NONE',  ( 3.264067122392998677, -1.469203631762000084, 0.8846242930562002726 ) ) ;
#2463 = CARTESIAN_POINT ( 'NONE',  ( -1.726640266514001931, -9.361374567221004028, -0.6184526066713998960 ) ) ;
#2464 = CARTESIAN_POINT ( 'NONE',  ( 1.581075315444999019, -8.895767318511996535, 0.8488258972137999736 ) ) ;
#2465 = CARTESIAN_POINT ( 'NONE',  ( -1.731911678610999150, -9.648848945876006056, -0.5996533422335005303 ) ) ;
#2466 = FILL_AREA_STYLE_COLOUR ( '', #5064 ) ;
#2467 = ORIENTED_EDGE ( 'NONE', *, *, #5768, .F. ) ;
#2468 = VECTOR ( 'NONE', #1489, 1000.000000000000227 ) ;
#2469 = STYLED_ITEM ( 'NONE', ( #727 ), #3049 ) ;
#2470 = CARTESIAN_POINT ( 'NONE',  ( -3.287340276658058169, -2.190002772005373632, -0.2599616162245625972 ) ) ;
#2471 = COLOUR_RGB ( '',0.8039215686274510109, 0.8039215686274510109, 0.8039215686274510109 ) ;
#2472 = DIRECTION ( 'NONE',  ( -1.000000000000000000, 0.000000000000000000, 0.000000000000000000 ) ) ;
#2473 = CARTESIAN_POINT ( 'NONE',  ( -2.228369427352999477, -10.33405253213999764, -0.6495783393182003040 ) ) ;
#2474 = PRESENTATION_STYLE_ASSIGNMENT (( #3897 ) ) ;
#2475 = DIRECTION ( 'NONE',  ( 0.000000000000000000, 1.000000000000000000, 0.000000000000000000 ) ) ;
#2476 = CARTESIAN_POINT ( 'NONE',  ( 1.660335109387999886, -8.815578489008000673, 0.2371265038860002616 ) ) ;
#2477 = CARTESIAN_POINT ( 'NONE',  ( -1.634161475492998727, -9.011214598094996475, -0.3807135122636999269 ) ) ;
#2478 = COLOUR_RGB ( '',0.8039215686274510109, 0.8039215686274510109, 0.8039215686274510109 ) ;
#2479 = CARTESIAN_POINT ( 'NONE',  ( 2.223000641427000268, -10.51500000001000146, 0.6000000000053998805 ) ) ;
#2480 = DIRECTION ( 'NONE',  ( 0.9999999999999998890, 0.000000000000000000, 9.533803107545888607E-09 ) ) ;
#2481 = DIRECTION ( 'NONE',  ( -0.9999999965563832749, 0.000000000000000000, 8.298935713238861811E-05 ) ) ;
#2482 = EDGE_LOOP ( 'NONE', ( #170, #2045, #5468, #4516, #5374, #4094 ) ) ;
#2483 = CARTESIAN_POINT ( 'NONE',  ( 2.476019072841000757, -9.016297187385999834, 0.3448548381748001712 ) ) ;
#2484 = DIRECTION ( 'NONE',  ( -0.7071067811865462405, 0.7071067811865487940, 0.000000000000000000 ) ) ;
#2485 = CARTESIAN_POINT ( 'NONE',  ( 1.477999999999999980, -9.005000000000000782, 0.8549999999999999822 ) ) ;
#2486 = CARTESIAN_POINT ( 'NONE',  ( 2.971908405703999279, -1.383514988065999374, 0.7433102892424003905 ) ) ;
#2487 = ORIENTED_EDGE ( 'NONE', *, *, #3356, .T. ) ;
#2488 = CIRCLE ( 'NONE', #1254, 0.2550000000000000044 ) ;
#2489 = CARTESIAN_POINT ( 'NONE',  ( 1.980603410605580317, -1.038060792432767832, 0.6000003901087573865 ) ) ;
#2490 = CARTESIAN_POINT ( 'NONE',  ( -1.703886409431000226, -9.639448613743999417, -0.6617254991043004519 ) ) ;
#2491 = VECTOR ( 'NONE', #2245, 999.9999999999998863 ) ;
#2492 = VERTEX_POINT ( 'NONE', #6088 ) ;
#2493 = CARTESIAN_POINT ( 'NONE',  ( 3.364757239574001968, -1.925625788600999089, 0.4570271863688001868 ) ) ;
#2494 = COLOUR_RGB ( '',0.8039215686274510109, 0.8039215686274510109, 0.8039215686274510109 ) ;
#2495 = CARTESIAN_POINT ( 'NONE',  ( -1.727503837015002874, -9.329452076746003186, -0.6538223110695001727 ) ) ;
#2496 = CARTESIAN_POINT ( 'NONE',  ( 1.653886497610999040, -8.820731709437998447, 1.123032375521999970 ) ) ;
#2497 = EDGE_CURVE ( 'NONE', #6152, #3415, #4811, .T. ) ;
#2498 = CARTESIAN_POINT ( 'NONE',  ( -1.481887533630001474, -10.01534271288999811, -0.3448124538092002256 ) ) ;
#2499 = CARTESIAN_POINT ( 'NONE',  ( 2.118349343782000904, -10.13978667129000222, 0.4390579658962001641 ) ) ;
#2500 = CARTESIAN_POINT ( 'NONE',  ( -3.270193320208999666, -1.471182051069999996, -0.8726215446759999494 ) ) ;
#2501 = VERTEX_POINT ( 'NONE', #4665 ) ;
#2502 = MECHANICAL_DESIGN_GEOMETRIC_PRESENTATION_REPRESENTATION (  '', ( #3096 ), #5330 ) ;
#2503 = CARTESIAN_POINT ( 'NONE',  ( -3.260154495535199093, -2.230239133709225996, -0.2226004174113710710 ) ) ;
#2504 = CARTESIAN_POINT ( 'NONE',  ( -2.245537228205573665, -10.12125508735076451, -0.8271914938727299438 ) ) ;
#2505 = CARTESIAN_POINT ( 'NONE',  ( -2.105806063747998724, -10.20881508518000302, -0.6845413095142999227 ) ) ;
#2506 = FILL_AREA_STYLE ('',( #1128 ) ) ;
#2507 = CARTESIAN_POINT ( 'NONE',  ( 1.994217646521999843, -9.235764286365002462, 0.4754165974655002458 ) ) ;
#2508 = CARTESIAN_POINT ( 'NONE',  ( -1.705800530490001243, -9.210807908765003660, -0.4655225847652998961 ) ) ;
#2509 = AXIS2_PLACEMENT_3D ( 'NONE', #4577, #1341, #1817 ) ;
#2510 = CARTESIAN_POINT ( 'NONE',  ( -1.477999999999999980, -9.005002840759999572, -0.3450000000158000013 ) ) ;
#2511 = CARTESIAN_POINT ( 'NONE',  ( 1.720741752414276071, -9.490481545560278676, 0.6802430801587885378 ) ) ;
#2512 = ADVANCED_FACE ( 'NONE', ( #2327 ), #5588, .F. ) ;
#2513 = CARTESIAN_POINT ( 'NONE',  ( 2.478000000000000203, -10.00500284076000135, 0.8549999999841999543 ) ) ;
#2514 = CIRCLE ( 'NONE', #1688, 0.2550000000000000044 ) ;
#2515 = LINE ( 'NONE', #2626, #5692 ) ;
#2516 = ORIENTED_EDGE ( 'NONE', *, *, #2066, .T. ) ;
#2517 = SURFACE_STYLE_USAGE ( .BOTH. , #1017 ) ;
#2518 =( NAMED_UNIT ( * ) SI_UNIT ( $, .STERADIAN. ) SOLID_ANGLE_UNIT ( ) );
#2519 =( NAMED_UNIT ( * ) PLANE_ANGLE_UNIT ( ) SI_UNIT ( $, .RADIAN. ) );
#2520 = UNCERTAINTY_MEASURE_WITH_UNIT (LENGTH_MEASURE( 1.000000000000000082E-05 ), #1987, 'distance_accuracy_value', 'NONE');
#2521 = MECHANICAL_DESIGN_GEOMETRIC_PRESENTATION_REPRESENTATION (  '', ( #5238 ), #883 ) ;
#2522 = CARTESIAN_POINT ( 'NONE',  ( 2.267729512361000399, -8.497594539130995273, 0.7713860147655999810 ) ) ;
#2523 = CARTESIAN_POINT ( 'NONE',  ( 3.258667450565002177, -1.418239100729000279, 0.6766213077388000263 ) ) ;
#2524 = CARTESIAN_POINT ( 'NONE',  ( 0.000000000000000000, 0.000000000000000000, -0.3499999999999999778 ) ) ;
#2525 = CARTESIAN_POINT ( 'NONE',  ( 1.932366477072637423, -1.080549182045892342, 0.6000034240546029407 ) ) ;
#2526 = DIRECTION ( 'NONE',  ( 0.000000000000000000, -0.000000000000000000, -1.000000000000000000 ) ) ;
#2527 = CARTESIAN_POINT ( 'NONE',  ( -1.704827937841999708, -9.499011019982011916, -0.7299224666165001763 ) ) ;
#2528 = ORIENTED_EDGE ( 'NONE', *, *, #4764, .T. ) ;
#2529 = EDGE_CURVE ( 'NONE', #2020, #3041, #792, .T. ) ;
#2530 = CARTESIAN_POINT ( 'NONE',  ( -1.807880439211000834, -9.062375605347005703, -0.8274598362247999050 ) ) ;
#2531 = CARTESIAN_POINT ( 'NONE',  ( 1.725962100961002221, -9.366488079508002329, 0.6005167732605002362 ) ) ;
#2532 = CARTESIAN_POINT ( 'NONE',  ( -1.524967437791999059, -9.687943962057001812, -0.3643050652708003656 ) ) ;
#2533 = CARTESIAN_POINT ( 'NONE',  ( 2.105959267695998172, -10.20218544430000129, 0.5069216466868996518 ) ) ;
#2534 = CARTESIAN_POINT ( 'NONE',  ( 3.179097504338722402, -1.415408633285119455, 0.8893947917721130025 ) ) ;
#2535 = EDGE_CURVE ( 'NONE', #3622, #1144, #4363, .T. ) ;
#2536 = CARTESIAN_POINT ( 'NONE',  ( -2.975323673183573270, -2.598071430279050187, 0.005033693980869696771 ) ) ;
#2537 = CARTESIAN_POINT ( 'NONE',  ( -1.584976353993214016, -9.791074059873286828, -0.8318169832446972167 ) ) ;
#2538 = SURFACE_STYLE_USAGE ( .BOTH. , #3007 ) ;
#2539 = CARTESIAN_POINT ( 'NONE',  ( -2.733000000000000096, -10.00500000000000078, -0.5999999999999999778 ) ) ;
#2540 =( NAMED_UNIT ( * ) SI_UNIT ( $, .STERADIAN. ) SOLID_ANGLE_UNIT ( ) );
#2541 = CARTESIAN_POINT ( 'NONE',  ( -1.681293733654002143, -9.132485017073994626, -0.4266744437172001470 ) ) ;
#2542 = CARTESIAN_POINT ( 'NONE',  ( -1.835589215449938694, -9.183807151090228160, -0.4180889504452358074 ) ) ;
#2543 = CARTESIAN_POINT ( 'NONE',  ( -2.478000000000000203, -10.00500000000000078, -0.5999999999999999778 ) ) ;
#2544 =( NAMED_UNIT ( * ) SI_UNIT ( $, .STERADIAN. ) SOLID_ANGLE_UNIT ( ) );
#2545 = VERTEX_POINT ( 'NONE', #3079 ) ;
#2546 = EDGE_CURVE ( 'NONE', #3211, #1296, #1615, .T. ) ;
#2547 = CARTESIAN_POINT ( 'NONE',  ( 1.527280832634999364, -1.669763982587998408, 0.6359984471325998978 ) ) ;
#2548 = FACE_OUTER_BOUND ( 'NONE', #3251, .T. ) ;
#2549 = AXIS2_PLACEMENT_3D ( 'NONE', #607, #5018, #5073 ) ;
#2550 = SURFACE_SIDE_STYLE ('',( #567 ) ) ;
#2551 = CARTESIAN_POINT ( 'NONE',  ( 3.555879827063999077, -1.149521394620999448, 0.6114554103973001142 ) ) ;
#2552 = DIRECTION ( 'NONE',  ( -0.8451508154010036744, -0.5345279218404018762, 0.000000000000000000 ) ) ;
#2553 = CARTESIAN_POINT ( 'NONE',  ( -3.402116660328002862, -1.294717044332000633, -0.5571788180431995752 ) ) ;
#2554 = VERTEX_POINT ( 'NONE', #2634 ) ;
#2555 = DIRECTION ( 'NONE',  ( -0.7071067811865466846, -0.7071067811865483499, 0.000000000000000000 ) ) ;
#2556 =( NAMED_UNIT ( * ) PLANE_ANGLE_UNIT ( ) SI_UNIT ( $, .RADIAN. ) );
#2557 = ORIENTED_EDGE ( 'NONE', *, *, #344, .F. ) ;
#2558 = AXIS2_PLACEMENT_3D ( 'NONE', #1378, #3384, #5178 ) ;
#2559 = CIRCLE ( 'NONE', #2234, 0.9409697397342996483 ) ;
#2560 = FACE_OUTER_BOUND ( 'NONE', #2154, .T. ) ;
#2561 = CARTESIAN_POINT ( 'NONE',  ( -1.845623124182002917, -9.240912115544007932, -0.6368177724722003941 ) ) ;
#2562 = CARTESIAN_POINT ( 'NONE',  ( 1.686633869865000079, -9.148012212674997201, 0.7663373051021999949 ) ) ;
#2563 = CARTESIAN_POINT ( 'NONE',  ( -1.487533009723001065, -9.851958367682003725, -0.3797904480147999973 ) ) ;
#2564 = CARTESIAN_POINT ( 'NONE',  ( 3.258106195075289424, -1.461360456659798412, 0.8745918683056097542 ) ) ;
#2565 =( BOUNDED_SURFACE ( )  B_SPLINE_SURFACE ( 3, 3, ( 
 ( #4955, #4986, #5369, #5918, #3520, #1948, #1982, #1598, #2016, #5812, #636, #4495, #4400, #3949, #3888, #3416, #5342, #995 ),
 ( #3451, #4921, #3487, #5880, #2929, #3921, #4855, #4888, #2048, #508, #4013, #1092, #2495, #1029, #2463, #5848, #148, #1504 ),
 ( #2965, #576, #4432, #91, #1533, #5407, #1061, #2530, #4459, #120, #1569, #5445, #3028, #2561, #604, #759, #2190, #198 ),
 ( #5493, #1712, #3629, #5138, #2104, #5104, #2590, #1686, #1147, #5522, #6025, #3112, #3084, #2704, #2129, #1234, #4066, #5995 ) ),
 .UNSPECIFIED., .F., .F., .T. ) 
 B_SPLINE_SURFACE_WITH_KNOTS ( ( 4, 4 ),
 ( 4, 1, 1, 1, 1, 1, 1, 1, 1, 1, 1, 1, 1, 1, 1, 4 ),
 ( 0.000000000000000000, 1.000000000000000000 ),
 ( -0.009398514878717999579, 0.000000000000000000, 0.1047490707017000033, 0.1851413214469999902, 0.2527194065250999988, 0.3189088142961999939, 0.3914527190081000252, 0.4677077458421999845, 0.5428255991094000921, 0.6131085707783999750, 0.6886192554187999804, 0.7649069008840999606, 0.8340661607849999548, 0.8947771060624000183, 0.9493299963460000157, 0.9829192800518999906 ),
 .UNSPECIFIED. ) 
 GEOMETRIC_REPRESENTATION_ITEM ( )  RATIONAL_B_SPLINE_SURFACE ( (
 ( 1.194558657239999988, 1.194558657239999988, 1.194558657239999988, 1.194558657239999988, 1.194558657239999988, 1.194558657239999988, 1.194558657239999988, 1.194558657239999988, 1.194558657239999988, 1.194558657239999988, 1.194558657239999988, 1.194558657239999988, 1.194558657239999988, 1.194558657239999988, 1.194558657239999988, 1.194558657239999988, 1.194558657239999988, 1.194558657239999988),
 ( 0.9351471142531999625, 0.9351471142531999625, 0.9351471142531999625, 0.9351471142531999625, 0.9351471142531999625, 0.9351471142531999625, 0.9351471142531999625, 0.9351471142531999625, 0.9351471142531999625, 0.9351471142531999625, 0.9351471142531999625, 0.9351471142531999625, 0.9351471142531999625, 0.9351471142531999625, 0.9351471142531999625, 0.9351471142531999625, 0.9351471142531999625, 0.9351471142531999625),
 ( 0.9351471142531999625, 0.9351471142531999625, 0.9351471142531999625, 0.9351471142531999625, 0.9351471142531999625, 0.9351471142531999625, 0.9351471142531999625, 0.9351471142531999625, 0.9351471142531999625, 0.9351471142531999625, 0.9351471142531999625, 0.9351471142531999625, 0.9351471142531999625, 0.9351471142531999625, 0.9351471142531999625, 0.9351471142531999625, 0.9351471142531999625, 0.9351471142531999625),
 ( 1.194558657239999988, 1.194558657239999988, 1.194558657239999988, 1.194558657239999988, 1.194558657239999988, 1.194558657239999988, 1.194558657239999988, 1.194558657239999988, 1.194558657239999988, 1.194558657239999988, 1.194558657239999988, 1.194558657239999988, 1.194558657239999988, 1.194558657239999988, 1.194558657239999988, 1.194558657239999988, 1.194558657239999988, 1.194558657239999988) ) ) 
 REPRESENTATION_ITEM ( '' )  SURFACE ( )  );
#2566 = COLOUR_RGB ( '',0.8039215686274510109, 0.8039215686274510109, 0.8039215686274510109 ) ;
#2567 = CARTESIAN_POINT ( 'NONE',  ( -1.603827549308685096, -1.721593939452610078, -0.9820033229065614488 ) ) ;
#2568 = CARTESIAN_POINT ( 'NONE',  ( 1.988000000007000168, -9.750000641426998627, 0.5999999999945999640 ) ) ;
#2569 = CARTESIAN_POINT ( 'NONE',  ( -2.272192541614999062, -8.777198796237996703, -0.7344776855937996674 ) ) ;
#2570 = CIRCLE ( 'NONE', #1137, 0.9499999999999998446 ) ;
#2571 = CARTESIAN_POINT ( 'NONE',  ( -1.677151620601999626, -8.839232546471999186, -0.2456099524086000629 ) ) ;
#2572 = B_SPLINE_CURVE_WITH_KNOTS ( 'NONE', 3,
 ( #4666, #3725, #1331, #1015, #1520, #4383, #2292, #3282, #39, #979, #2, #5648, #3906, #355, #2446, #2800, #3939 ),
 .UNSPECIFIED., .F., .F.,
 ( 4, 1, 1, 1, 1, 1, 1, 1, 1, 1, 1, 1, 1, 1, 4 ),
 ( 0.000000000000000000, 0.07142857142856999519, 0.1428571428570999946, 0.2142857142857000075, 0.2857142857143000203, 0.3571428571429000054, 0.4285714285713999594, 0.5000000000000000000, 0.5714285714286000406, 0.6428571428570999391, 0.7142857142856999797, 0.7857142857142999093, 0.8571428571429000609, 0.9285714285714000704, 1.000000000000000000 ),
 .UNSPECIFIED. ) ;
#2573 =( GEOMETRIC_REPRESENTATION_CONTEXT ( 3 ) GLOBAL_UNCERTAINTY_ASSIGNED_CONTEXT ( ( #3645 ) ) GLOBAL_UNIT_ASSIGNED_CONTEXT ( ( #5424, #4971, #2544 ) ) REPRESENTATION_CONTEXT ( 'NONE', 'WORKASPACE' ) );
#2574 = CARTESIAN_POINT ( 'NONE',  ( 1.489534353830393787, -9.028065052678519109, 0.8549982918412273314 ) ) ;
#2575 = DIRECTION ( 'NONE',  ( 1.000000000000000000, 0.000000000000000000, 0.000000000000000000 ) ) ;
#2576 = STYLED_ITEM ( 'NONE', ( #3607 ), #3139 ) ;
#2577 = CARTESIAN_POINT ( 'NONE',  ( -2.223001384533244806, -10.51499550795025861, -0.5952852654770032226 ) ) ;
#2578 = ORIENTED_EDGE ( 'NONE', *, *, #2131, .T. ) ;
#2579 = CARTESIAN_POINT ( 'NONE',  ( 2.230239645719000130, -8.643476615149003450, 0.5929723415900998162 ) ) ;
#2580 = SURFACE_STYLE_FILL_AREA ( #4031 ) ;
#2581 = COLOUR_RGB ( '',0.8039215686274510109, 0.8039215686274510109, 0.8039215686274510109 ) ;
#2582 = CARTESIAN_POINT ( 'NONE',  ( 3.549109862443276864, -1.469440462330644293, 0.5570103619153031760 ) ) ;
#2583 = CARTESIAN_POINT ( 'NONE',  ( 3.563121697016001121, -1.155370759461999519, 0.6115911580044998130 ) ) ;
#2584 = DIRECTION ( 'NONE',  ( 0.9999999999999998890, 0.000000000000000000, 9.533803107545888607E-09 ) ) ;
#2585 = ORIENTED_EDGE ( 'NONE', *, *, #737, .F. ) ;
#2586 = CARTESIAN_POINT ( 'NONE',  ( 1.839061880691000628, -9.756277121486007786, 0.6193368259577001211 ) ) ;
#2587 = CARTESIAN_POINT ( 'NONE',  ( 1.584976328134872769, -9.791074111577971806, 0.8318169949144078590 ) ) ;
#2588 = VERTEX_POINT ( 'NONE', #6016 ) ;
#2589 = EDGE_CURVE ( 'NONE', #825, #2805, #6066, .T. ) ;
#2590 = CARTESIAN_POINT ( 'NONE',  ( -1.849420590673999110, -9.026726771544000272, -1.005453122712999692 ) ) ;
#2591 = CARTESIAN_POINT ( 'NONE',  ( -1.562760943393000090, -9.671193446215999856, -0.3929935667225000762 ) ) ;
#2592 =( NAMED_UNIT ( * ) PLANE_ANGLE_UNIT ( ) SI_UNIT ( $, .RADIAN. ) );
#2593 = CIRCLE ( 'NONE', #158, 0.2550000000000000044 ) ;
#2594 = CARTESIAN_POINT ( 'NONE',  ( -2.280535349760591579, -8.906269950765841159, -0.8354471499827326175 ) ) ;
#2595 = CARTESIAN_POINT ( 'NONE',  ( -2.294017406098994627, -10.09699050085053784, -0.8378328755283758200 ) ) ;
#2596 = CARTESIAN_POINT ( 'NONE',  ( -2.121015791774001791, -8.756437030337002270, -0.6172514488363999297 ) ) ;
#2597 = DIRECTION ( 'NONE',  ( -0.6424152058384033914, -0.7337773904020036264, -0.2210733919820009608 ) ) ;
#2598 = DIRECTION ( 'NONE',  ( 0.001485959642859819001, -0.9999988959613606010, 0.000000000000000000 ) ) ;
#2599 =( BOUNDED_SURFACE ( )  B_SPLINE_SURFACE ( 3, 3, ( 
 ( #144, #5940, #3051, #1143, #3719, #318, #1743, #1228, #1363, #2700, #6085, #1868, #4288, #350, #4723, #3784, #3691, #2357, #1778 ),
 ( #755, #3175, #381, #2322, #5616, #5099, #5707, #284, #6150, #3208, #4256, #5201, #1805, #4692, #855, #2793, #2218, #1839, #3310 ),
 ( #6184, #4628, #4153, #5644, #5229, #6216, #889, #2732, #6117, #2827, #5671, #2286, #1263, #4758, #784, #407, #3239, #3817, #4660 ),
 ( #5135, #2253, #4227, #4194, #1294, #5161, #3274, #822, #2760, #3750, #1326, #5260, #3337, #920, #2857, #5740, #1399, #1729, #340 ) ),
 .UNSPECIFIED., .F., .F., .T. ) 
 B_SPLINE_SURFACE_WITH_KNOTS ( ( 4, 4 ),
 ( 4, 1, 1, 1, 1, 1, 1, 1, 1, 1, 1, 1, 1, 1, 1, 1, 4 ),
 ( 0.000000000000000000, 1.000000000000000000 ),
 ( 0.01608171324082999926, 0.04808747996915999773, 0.09949668478558000573, 0.1561804750470000003, 0.2201095350020999819, 0.2906991779656999952, 0.3619065133752999985, 0.4274775215959000230, 0.4951149986135999770, 0.5654679784900000783, 0.6346367485309000189, 0.6992140028176999644, 0.7600453407145000284, 0.8248573667891000438, 0.9020237497024999884, 1.000000000000000000, 1.009414720268000165 ),
 .UNSPECIFIED. ) 
 GEOMETRIC_REPRESENTATION_ITEM ( )  RATIONAL_B_SPLINE_SURFACE ( (
 ( 1.194557097229999920, 1.194557097229999920, 1.194557097229999920, 1.194557097229999920, 1.194557097229999920, 1.194557097229999920, 1.194557097229999920, 1.194557097229999920, 1.194557097229999920, 1.194557097229999920, 1.194557097229999920, 1.194557097229999920, 1.194557097229999920, 1.194557097229999920, 1.194557097229999920, 1.194557097229999920, 1.194557097229999920, 1.194557097229999920, 1.194557097229999920),
 ( 0.9351476342567000000, 0.9351476342567000000, 0.9351476342567000000, 0.9351476342567000000, 0.9351476342567000000, 0.9351476342567000000, 0.9351476342567000000, 0.9351476342567000000, 0.9351476342567000000, 0.9351476342567000000, 0.9351476342567000000, 0.9351476342567000000, 0.9351476342567000000, 0.9351476342567000000, 0.9351476342567000000, 0.9351476342567000000, 0.9351476342567000000, 0.9351476342567000000, 0.9351476342567000000),
 ( 0.9351476342567000000, 0.9351476342567000000, 0.9351476342567000000, 0.9351476342567000000, 0.9351476342567000000, 0.9351476342567000000, 0.9351476342567000000, 0.9351476342567000000, 0.9351476342567000000, 0.9351476342567000000, 0.9351476342567000000, 0.9351476342567000000, 0.9351476342567000000, 0.9351476342567000000, 0.9351476342567000000, 0.9351476342567000000, 0.9351476342567000000, 0.9351476342567000000, 0.9351476342567000000),
 ( 1.194557097229999920, 1.194557097229999920, 1.194557097229999920, 1.194557097229999920, 1.194557097229999920, 1.194557097229999920, 1.194557097229999920, 1.194557097229999920, 1.194557097229999920, 1.194557097229999920, 1.194557097229999920, 1.194557097229999920, 1.194557097229999920, 1.194557097229999920, 1.194557097229999920, 1.194557097229999920, 1.194557097229999920, 1.194557097229999920, 1.194557097229999920) ) ) 
 REPRESENTATION_ITEM ( '' )  SURFACE ( )  );
#2600 = CARTESIAN_POINT ( 'NONE',  ( -1.909845700466422880, -9.220935588203840183, -0.7368407403015441171 ) ) ;
#2601 = EDGE_CURVE ( 'NONE', #4156, #2150, #492, .T. ) ;
#2602 = CARTESIAN_POINT ( 'NONE',  ( -3.424081010114999657, -1.861969576937000159, -0.5183992440739000340 ) ) ;
#2603 = CARTESIAN_POINT ( 'NONE',  ( -1.520127676574998921, -1.477627078250000281, -0.7352033186852005020 ) ) ;
#2604 = AXIS2_PLACEMENT_3D ( 'NONE', #5027, #1104, #2480 ) ;
#2605 = EDGE_CURVE ( 'NONE', #529, #439, #4759, .T. ) ;
#2606 = FILL_AREA_STYLE ('',( #1675 ) ) ;
#2607 = CARTESIAN_POINT ( 'NONE',  ( 3.214693121866997405, -1.216430036314000152, 0.5660441455874996031 ) ) ;
#2608 = CARTESIAN_POINT ( 'NONE',  ( 2.301768187141880695, -10.09311519168433158, 0.3607037962822803867 ) ) ;
#2609 = ORIENTED_EDGE ( 'NONE', *, *, #2113, .T. ) ;
#2610 = CARTESIAN_POINT ( 'NONE',  ( 1.360258697956999940, -9.780902446025997676, 0.9315087040868004209 ) ) ;
#2611 = CARTESIAN_POINT ( 'NONE',  ( 1.556607630520859153, -9.847784670201960466, 0.8426059487504827805 ) ) ;
#2612 =( GEOMETRIC_REPRESENTATION_CONTEXT ( 3 ) GLOBAL_UNCERTAINTY_ASSIGNED_CONTEXT ( ( #653 ) ) GLOBAL_UNIT_ASSIGNED_CONTEXT ( ( #4355, #5708, #1808 ) ) REPRESENTATION_CONTEXT ( 'NONE', 'WORKASPACE' ) );
#2613 = VERTEX_POINT ( 'NONE', #5007 ) ;
#2614 = SURFACE_STYLE_FILL_AREA ( #5967 ) ;
#2615 = DIRECTION ( 'NONE',  ( 0.000000000000000000, -1.000000000000000000, 0.000000000000000000 ) ) ;
#2616 = CARTESIAN_POINT ( 'NONE',  ( 1.598812369110001574, -9.956583843529005051, 0.3488581220254999837 ) ) ;
#2617 =( LENGTH_UNIT ( ) NAMED_UNIT ( * ) SI_UNIT ( .MILLI., .METRE. ) );
#2618 = CARTESIAN_POINT ( 'NONE',  ( -2.121625595013997945, -8.756359548319997188, -0.5815473894253005982 ) ) ;
#2619 = SURFACE_SIDE_STYLE ('',( #1658 ) ) ;
#2620 = DIRECTION ( 'NONE',  ( 0.000000000000000000, 1.000000000000000000, 0.000000000000000000 ) ) ;
#2621 = CARTESIAN_POINT ( 'NONE',  ( -2.187707900663804050, -10.15017515757837252, -0.8101617784120411780 ) ) ;
#2622 = CARTESIAN_POINT ( 'NONE',  ( -2.662270932743002305, -8.829116385021002600, -1.123032568431999056 ) ) ;
#2623 = DIRECTION ( 'NONE',  ( 0.000000000000000000, 1.000000000000000000, 0.000000000000000000 ) ) ;
#2624 = CARTESIAN_POINT ( 'NONE',  ( -1.990659757237000171, -1.028000000000000025, -0.6000000574253999686 ) ) ;
#2625 = PRESENTATION_STYLE_ASSIGNMENT (( #674 ) ) ;
#2626 = CARTESIAN_POINT ( 'NONE',  ( -3.950000000000000178, -1.196452028631999945E-13, -0.3499999999999999778 ) ) ;
#2627 =( BOUNDED_SURFACE ( )  B_SPLINE_SURFACE ( 3, 3, ( 
 ( #5937, #1110, #1612, #3479, #4879, #4946, #595, #654, #5486, #192, #1589, #4485, #535 ),
 ( #4980, #2486, #2075, #1055, #2097, #5399, #1138, #140, #2989, #2523, #83, #3078, #4005 ),
 ( #3562, #3539, #5004, #4453, #1085, #111, #2607, #4427, #1642, #2120, #2010, #5873, #2038 ),
 ( #168, #3974, #5463, #1525, #5906, #626, #1562, #3510, #4057, #5435, #3021, #2551, #2583 ) ),
 .UNSPECIFIED., .F., .F., .F. ) 
 B_SPLINE_SURFACE_WITH_KNOTS ( ( 4, 4 ),
 ( 4, 1, 1, 1, 1, 1, 1, 1, 1, 1, 4 ),
 ( 0.000000000000000000, 1.000000000000000000 ),
 ( 0.02825949954878999998, 0.08001759394983000429, 0.1463277141032000017, 0.2049066724758999980, 0.2618746549644999644, 0.3212034492369999494, 0.3808217235329999784, 0.4388800315824000209, 0.4960806668655999840, 0.5530728751432000267, 0.5755355093040999126 ),
 .UNSPECIFIED. ) 
 GEOMETRIC_REPRESENTATION_ITEM ( )  RATIONAL_B_SPLINE_SURFACE ( (
 ( 1.188129768193000091, 1.188129768193000091, 1.188129768193000091, 1.188129768193000091, 1.188129768193000091, 1.188129768193000091, 1.188129768193000091, 1.188129768193000091, 1.188129768193000091, 1.188129768193000091, 1.188129768193000091, 1.188129768193000091, 1.188129768193000091),
 ( 0.9372900772689000126, 0.9372900772689000126, 0.9372900772689000126, 0.9372900772689000126, 0.9372900772689000126, 0.9372900772689000126, 0.9372900772689000126, 0.9372900772689000126, 0.9372900772689000126, 0.9372900772689000126, 0.9372900772689000126, 0.9372900772689000126, 0.9372900772689000126),
 ( 0.9372900772689000126, 0.9372900772689000126, 0.9372900772689000126, 0.9372900772689000126, 0.9372900772689000126, 0.9372900772689000126, 0.9372900772689000126, 0.9372900772689000126, 0.9372900772689000126, 0.9372900772689000126, 0.9372900772689000126, 0.9372900772689000126, 0.9372900772689000126),
 ( 1.188129768193000091, 1.188129768193000091, 1.188129768193000091, 1.188129768193000091, 1.188129768193000091, 1.188129768193000091, 1.188129768193000091, 1.188129768193000091, 1.188129768193000091, 1.188129768193000091, 1.188129768193000091, 1.188129768193000091, 1.188129768193000091) ) ) 
 REPRESENTATION_ITEM ( '' )  SURFACE ( )  );
#2628 = CARTESIAN_POINT ( 'NONE',  ( 2.664343205828999750, -8.831243547574997521, 0.07626181160658003499 ) ) ;
#2629 = DIRECTION ( 'NONE',  ( 0.02454924259663968447, 0.000000000000000000, -0.9996986219295950216 ) ) ;
#2630 = CARTESIAN_POINT ( 'NONE',  ( -1.640942542110997993, -1.029765918020999926, -0.2383589983595000295 ) ) ;
#2631 = AXIS2_PLACEMENT_3D ( 'NONE', #487, #26, #1481 ) ;
#2632 =( NAMED_UNIT ( * ) PLANE_ANGLE_UNIT ( ) SI_UNIT ( $, .RADIAN. ) );
#2633 = CARTESIAN_POINT ( 'NONE',  ( 0.000000000000000000, 0.000000000000000000, -0.5999999999999999778 ) ) ;
#2634 = CARTESIAN_POINT ( 'NONE',  ( 1.988000000011000079, -9.750001145167001226, 0.6000002124705000606 ) ) ;
#2635 = ORIENTED_EDGE ( 'NONE', *, *, #2112, .T. ) ;
#2636 = CARTESIAN_POINT ( 'NONE',  ( 1.581225215326001576, -9.572841135216000552, 0.9189437545879003411 ) ) ;
#2637 = CARTESIAN_POINT ( 'NONE',  ( -3.516670166386948182, -1.263182396899391602, -0.5979827389386306313 ) ) ;
#2638 = CARTESIAN_POINT ( 'NONE',  ( -1.477999999999999980, -10.00500000000000078, -0.5999999999999999778 ) ) ;
#2639 = ADVANCED_BREP_SHAPE_REPRESENTATION ( 'MF-R050', ( #3758, #4656 ), #693 ) ;
#2640 = EDGE_LOOP ( 'NONE', ( #4540, #2927, #2318 ) ) ;
#2641 = COLOUR_RGB ( '',0.8039215686274510109, 0.8039215686274510109, 0.8039215686274510109 ) ;
#2642 = FACE_OUTER_BOUND ( 'NONE', #6213, .T. ) ;
#2643 = CARTESIAN_POINT ( 'NONE',  ( 1.810375130105997821, -9.848725502399005904, 0.3974392816333999212 ) ) ;
#2644 = FILL_AREA_STYLE_COLOUR ( '', #803 ) ;
#2645 =( NAMED_UNIT ( * ) SI_UNIT ( $, .STERADIAN. ) SOLID_ANGLE_UNIT ( ) );
#2646 = CARTESIAN_POINT ( 'NONE',  ( -1.967999999989000104, -8.750001145166999450, -0.5999997926836999618 ) ) ;
#2647 = CARTESIAN_POINT ( 'NONE',  ( -2.267610449238000037, -10.44164903772999331, -0.4539267093514997020 ) ) ;
#2648 = CARTESIAN_POINT ( 'NONE',  ( 2.223001145167000203, -8.494999999989000017, 0.5999997926836999618 ) ) ;
#2649 = CARTESIAN_POINT ( 'NONE',  ( -3.364073679469998357, -1.926644322980002322, -0.4571873443458000508 ) ) ;
#2650 = AXIS2_PLACEMENT_3D ( 'NONE', #266, #1181, #3093 ) ;
#2651 = CARTESIAN_POINT ( 'NONE',  ( -2.603684530385000251, -8.778510564899002944, -0.9378440584461996687 ) ) ;
#2652 = SURFACE_STYLE_USAGE ( .BOTH. , #5658 ) ;
#2653 = CARTESIAN_POINT ( 'NONE',  ( -2.222999999997235410, -8.494999563725848191, -0.5642239562162446598 ) ) ;
#2654 = CIRCLE ( 'NONE', #6201, 0.2549988548221000517 ) ;
#2655 = CARTESIAN_POINT ( 'NONE',  ( 1.733196830979999881, -9.504949463225999651, 0.5944088933564000143 ) ) ;
#2656 = MECHANICAL_DESIGN_GEOMETRIC_PRESENTATION_REPRESENTATION (  '', ( #328 ), #3160 ) ;
#2657 = DIRECTION ( 'NONE',  ( 0.000000000000000000, 0.000000000000000000, 1.000000000000000000 ) ) ;
#2658 = CARTESIAN_POINT ( 'NONE',  ( 2.284476752742002237, -10.10508500645000218, 0.4148795484366997743 ) ) ;
#2659 = CARTESIAN_POINT ( 'NONE',  ( 2.420341665683000354, -8.827688820905995826, 0.3983272416907001068 ) ) ;
#2660 = SURFACE_STYLE_USAGE ( .BOTH. , #4142 ) ;
#2661 = CARTESIAN_POINT ( 'NONE',  ( -1.703818926184998306, -1.375426056002000408, -0.9155366013315006102 ) ) ;
#2662 = CIRCLE ( 'NONE', #5498, 0.2550000000000000600 ) ;
#2663 = EDGE_CURVE ( 'NONE', #3108, #3293, #2022, .T. ) ;
#2664 = FILL_AREA_STYLE_COLOUR ( '', #5819 ) ;
#2665 = CARTESIAN_POINT ( 'NONE',  ( 2.733000000000000096, -9.005000000000000782, 0.5999999999999999778 ) ) ;
#2666 = CARTESIAN_POINT ( 'NONE',  ( -2.386009498548942176, -8.821017404910058701, -0.8378328753009418595 ) ) ;
#2667 = ORIENTED_EDGE ( 'NONE', *, *, #3732, .T. ) ;
#2668 = CARTESIAN_POINT ( 'NONE',  ( 1.703886383783999259, -9.639448586983004219, 0.6617254995039997256 ) ) ;
#2669 = CARTESIAN_POINT ( 'NONE',  ( -3.506483077350909472, -1.237193354434813264, -0.5999999991549541667 ) ) ;
#2670 = CARTESIAN_POINT ( 'NONE',  ( 1.550066131339143949, -9.860903400261822327, 0.8446193019609492536 ) ) ;
#2671 = ORIENTED_EDGE ( 'NONE', *, *, #1540, .F. ) ;
#2672 = PRESENTATION_LAYER_ASSIGNMENT (  '', '', ( #1854 ) ) ;
#2673 = VERTEX_POINT ( 'NONE', #5611 ) ;
#2674 = CARTESIAN_POINT ( 'NONE',  ( -1.990659083987000200, -1.036268849520999957, -0.6000001557291000376 ) ) ;
#2675 = SURFACE_STYLE_FILL_AREA ( #3658 ) ;
#2676 = EDGE_CURVE ( 'NONE', #3211, #254, #5564, .T. ) ;
#2677 =( NAMED_UNIT ( * ) SI_UNIT ( $, .STERADIAN. ) SOLID_ANGLE_UNIT ( ) );
#2678 = CARTESIAN_POINT ( 'NONE',  ( -2.116693650548998828, -8.757012455152004549, -0.6019830519259996571 ) ) ;
#2679 = CARTESIAN_POINT ( 'NONE',  ( -2.222752839428266292, -8.877374787924440014, -0.3786920615271790469 ) ) ;
#2680 = EDGE_CURVE ( 'NONE', #1928, #1875, #1258, .T. ) ;
#2681 = CARTESIAN_POINT ( 'NONE',  ( -2.475682796026001053, -10.03418828065000135, -0.3443313757151001964 ) ) ;
#2682 = CARTESIAN_POINT ( 'NONE',  ( -3.414559815887000305, -1.820950504554001093, -0.6590359551912000624 ) ) ;
#2683 = CARTESIAN_POINT ( 'NONE',  ( -2.587235490612000088, -8.901925941305002254, -0.8488269439173004027 ) ) ;
#2684 = CARTESIAN_POINT ( 'NONE',  ( 1.479734940887001748, -10.01642024936998787, 0.8551397144032989450 ) ) ;
#2685 = CARTESIAN_POINT ( 'NONE',  ( 2.478000000000000203, -10.00500000000000078, 0.5999999999999999778 ) ) ;
#2686 = CIRCLE ( 'NONE', #61, 0.2640302483893000041 ) ;
#2687 = CARTESIAN_POINT ( 'NONE',  ( 2.478000000000000203, -10.00500000000000078, 0.5999999999999999778 ) ) ;
#2688 = DIRECTION ( 'NONE',  ( 0.000000000000000000, 1.432467645318451371E-05, -0.9999999998974018478 ) ) ;
#2689 = CARTESIAN_POINT ( 'NONE',  ( 0.000000000000000000, 0.000000000000000000, 0.5999999999999999778 ) ) ;
#2690 = CARTESIAN_POINT ( 'NONE',  ( 2.356831224716001483, -10.26899535849999445, 0.3746539105282001847 ) ) ;
#2691 = CARTESIAN_POINT ( 'NONE',  ( 2.280814555700000579, -8.632959267696000083, 0.5069216466848004421 ) ) ;
#2692 = CARTESIAN_POINT ( 'NONE',  ( -1.778892647913001390, -1.069064715762999995, -0.6082301415120999755 ) ) ;
#2693 = EDGE_CURVE ( 'NONE', #825, #3614, #2823, .T. ) ;
#2694 = CARTESIAN_POINT ( 'NONE',  ( -2.478000000000000203, -9.259999999999999787, -0.5999999999999999778 ) ) ;
#2695 = CARTESIAN_POINT ( 'NONE',  ( 2.478000015587000338, -1.916979210374000209, 0.6000000089710000317 ) ) ;
#2696 = CARTESIAN_POINT ( 'NONE',  ( -2.437173428491699045, -8.923294367981057462, -0.8549997352520903870 ) ) ;
#2697 = ORIENTED_EDGE ( 'NONE', *, *, #3176, .T. ) ;
#2698 = PRESENTATION_STYLE_ASSIGNMENT (( #5670 ) ) ;
#2699 = CARTESIAN_POINT ( 'NONE',  ( -3.546412158307965079, -1.519943476818881312, -0.5436225080815100252 ) ) ;
#2700 = CARTESIAN_POINT ( 'NONE',  ( 2.321725502398001684, -10.33737513011000608, 0.8025607183665002253 ) ) ;
#2701 = UNCERTAINTY_MEASURE_WITH_UNIT (LENGTH_MEASURE( 1.000000000000000082E-05 ), #5998, 'distance_accuracy_value', 'NONE');
#2702 = ORIENTED_EDGE ( 'NONE', *, *, #5375, .T. ) ;
#2703 = EDGE_LOOP ( 'NONE', ( #4350, #5142, #1896, #536, #2578, #2361 ) ) ;
#2704 = CARTESIAN_POINT ( 'NONE',  ( -1.997899455072999597, -9.247886063976002546, -0.6882917296777004701 ) ) ;
#2705 = DIRECTION ( 'NONE',  ( 0.9999857537854633938, 0.005337810985640812148, 0.000000000000000000 ) ) ;
#2706 = CARTESIAN_POINT ( 'NONE',  ( 1.733196843034000123, -9.504947501584998903, 0.6000000168814000334 ) ) ;
#2707 = AXIS2_PLACEMENT_3D ( 'NONE', #3841, #5255, #5224 ) ;
#2708 = CARTESIAN_POINT ( 'NONE',  ( -2.350619420137998627, -8.953267924506992159, -0.3494848137810999122 ) ) ;
#2709 = ORIENTED_EDGE ( 'NONE', *, *, #5413, .F. ) ;
#2710 = EDGE_CURVE ( 'NONE', #1530, #1502, #271, .T. ) ;
#2711 = CARTESIAN_POINT ( 'NONE',  ( -2.358917741825462322, -8.945457081457442783, -0.3516317478382817718 ) ) ;
#2712 = CARTESIAN_POINT ( 'NONE',  ( -2.426267924504999396, -10.13238057986999152, -0.3494848137817001543 ) ) ;
#2713 = SURFACE_STYLE_FILL_AREA ( #4547 ) ;
#2714 = CARTESIAN_POINT ( 'NONE',  ( -3.380547038737999443, -1.903677468570000197, -0.6352546236532999879 ) ) ;
#2715 = CARTESIAN_POINT ( 'NONE',  ( -2.233044678069999733, -8.641673268731992152, -0.6175459078803005042 ) ) ;
#2716 = FILL_AREA_STYLE ('',( #2169 ) ) ;
#2717 = CARTESIAN_POINT ( 'NONE',  ( -2.417242397424347988, -8.883656689340524437, -0.3522236269066333914 ) ) ;
#2718 = EDGE_CURVE ( 'NONE', #5939, #1433, #3037, .T. ) ;
#2719 =( LENGTH_UNIT ( ) NAMED_UNIT ( * ) SI_UNIT ( .MILLI., .METRE. ) );
#2720 = SURFACE_STYLE_FILL_AREA ( #4176 ) ;
#2721 = CARTESIAN_POINT ( 'NONE',  ( 3.369077441984356991, -1.578597606245630391, 0.8231878805556165357 ) ) ;
#2722 = CARTESIAN_POINT ( 'NONE',  ( 2.249030123326002606, -9.883004097742000837, 0.2637447851617999994 ) ) ;
#2723 =( NAMED_UNIT ( * ) SI_UNIT ( $, .STERADIAN. ) SOLID_ANGLE_UNIT ( ) );
#2724 = SURFACE_STYLE_FILL_AREA ( #2783 ) ;
#2725 = CARTESIAN_POINT ( 'NONE',  ( -1.528256207881002027, -1.613390773301998316, -0.5406108935728004550 ) ) ;
#2726 = CARTESIAN_POINT ( 'NONE',  ( 1.945101985046000070, -3.437888635161000295, 0.3499999999999999778 ) ) ;
#2727 = CARTESIAN_POINT ( 'NONE',  ( -2.199617467620522238, -10.14423298183225519, -0.3862349933666450186 ) ) ;
#2728 = VERTEX_POINT ( 'NONE', #3306 ) ;
#2729 = CARTESIAN_POINT ( 'NONE',  ( 1.938305732246000668, -1.374049656805000019, 0.8921653386226995330 ) ) ;
#2730 = SURFACE_SIDE_STYLE ('',( #2826 ) ) ;
#2731 = SURFACE_STYLE_USAGE ( .BOTH. , #1262 ) ;
#2732 = CARTESIAN_POINT ( 'NONE',  ( 2.108197603117001773, -10.18317427909999928, 0.7155383729680999672 ) ) ;
#2733 = ORIENTED_EDGE ( 'NONE', *, *, #4643, .T. ) ;
#2734 = VERTEX_POINT ( 'NONE', #1773 ) ;
#2735 = CARTESIAN_POINT ( 'NONE',  ( -3.240486847165000128, -1.451121129939000554, -0.8887204492903002517 ) ) ;
#2736 = CARTESIAN_POINT ( 'NONE',  ( 1.528000000000000025, -1.837987887326999914, 0.5999999999999999778 ) ) ;
#2737 = SURFACE_STYLE_USAGE ( .BOTH. , #4097 ) ;
#2738 = SURFACE_STYLE_FILL_AREA ( #865 ) ;
#2739 = CARTESIAN_POINT ( 'NONE',  ( 3.411569593198000128, -1.916979274093000063, 0.4822211713867999849 ) ) ;
#2740 = VERTEX_POINT ( 'NONE', #4370 ) ;
#2741 = CARTESIAN_POINT ( 'NONE',  ( 2.617370118117266387, -2.960075339164361719, -0.08924860938437437219 ) ) ;
#2742 = CARTESIAN_POINT ( 'NONE',  ( -1.980603354324705911, -1.038060848623588939, -0.6000003901066929268 ) ) ;
#2743 = CARTESIAN_POINT ( 'NONE',  ( -3.404452280628000427, -1.853799228088000906, -0.6434343724477002979 ) ) ;
#2744 = CARTESIAN_POINT ( 'NONE',  ( -1.987995509045505704, -9.750001384533176108, -0.6047147345433835364 ) ) ;
#2745 = CARTESIAN_POINT ( 'NONE',  ( 1.696385039459000765, -9.907106180659997818, 0.8362984106304999221 ) ) ;
#2746 = AXIS2_PLACEMENT_3D ( 'NONE', #1880, #935, #1409 ) ;
#2747 = CLOSED_SHELL ( 'NONE', ( #910, #2021, #6259, #5034, #2030, #4303, #631, #3433, #3338, #3139, #2787, #153, #878, #3470, #4564, #6077, #5600, #1173, #4841, #5807, #3157, #3617, #269, #5691, #233, #1723, #2995, #6044, #5775, #442, #1472, #2349, #3376, #1806, #2126, #4823, #1268, #408, #617, #3448, #3003, #726, #3049, #3796, #3461, #6271, #3543, #6155, #6161, #5969, #3662, #5965, #643, #515, #2308, #5113, #3640, #3570, #698, #1184, #5567, #5291, #458, #2416, #5397, #161, #352, #6243, #673, #2971, #3181, #4101, #4117, #6234, #215, #279, #4939, #1594, #4070, #6070, #2512, #260, #1274, #890, #3266, #600, #329, #2328, #2954, #5143, #6024 ) ) ;
#2748 = CARTESIAN_POINT ( 'NONE',  ( 2.116881147422997600, -8.756983652804004592, 0.6065717644463997082 ) ) ;
#2749 =( NAMED_UNIT ( * ) PLANE_ANGLE_UNIT ( ) SI_UNIT ( $, .RADIAN. ) );
#2750 = PRESENTATION_STYLE_ASSIGNMENT (( #2660 ) ) ;
#2751 = CARTESIAN_POINT ( 'NONE',  ( -2.478000000000000203, -4.918011790920000514, -0.5999999999999999778 ) ) ;
#2752 = UNCERTAINTY_MEASURE_WITH_UNIT (LENGTH_MEASURE( 1.000000000000000082E-05 ), #4470, 'distance_accuracy_value', 'NONE');
#2753 = SURFACE_SIDE_STYLE ('',( #1676 ) ) ;
#2754 = DIRECTION ( 'NONE',  ( 3.357501578347999904E-10, 0.000000000000000000, -1.000000000000000000 ) ) ;
#2755 = FACE_OUTER_BOUND ( 'NONE', #2221, .T. ) ;
#2756 = ORIENTED_EDGE ( 'NONE', *, *, #6039, .F. ) ;
#2757 = CARTESIAN_POINT ( 'NONE',  ( 1.673780906448998795, -1.309252289629001975, 0.7509890032363997214 ) ) ;
#2758 = PRESENTATION_STYLE_ASSIGNMENT (( #6115 ) ) ;
#2759 = LINE ( 'NONE', #4122, #2167 ) ;
#2760 = CARTESIAN_POINT ( 'NONE',  ( 2.003442015164000445, -10.15973031461000531, 0.8629901472938988904 ) ) ;
#2761 =( GEOMETRIC_REPRESENTATION_CONTEXT ( 3 ) GLOBAL_UNCERTAINTY_ASSIGNED_CONTEXT ( ( #3130 ) ) GLOBAL_UNIT_ASSIGNED_CONTEXT ( ( #4543, #4159, #5555 ) ) REPRESENTATION_CONTEXT ( 'NONE', 'WORKASPACE' ) );
#2762 = UNCERTAINTY_MEASURE_WITH_UNIT (LENGTH_MEASURE( 1.000000000000000082E-05 ), #6153, 'distance_accuracy_value', 'NONE');
#2763 = DIRECTION ( 'NONE',  ( 0.000000000000000000, 0.000000000000000000, 1.000000000000000000 ) ) ;
#2764 = MECHANICAL_DESIGN_GEOMETRIC_PRESENTATION_REPRESENTATION (  '', ( #3886 ), #5402 ) ;
#2765 = B_SPLINE_CURVE_WITH_KNOTS ( 'NONE', 3,
 ( #4615, #2655, #5568, #4138, #1696, #5633 ),
 .UNSPECIFIED., .F., .F.,
 ( 4, 1, 1, 4 ),
 ( 0.000000000000000000, 0.3333333333333000081, 0.6666666666667000474, 1.000000000000000000 ),
 .UNSPECIFIED. ) ;
#2766 = ORIENTED_EDGE ( 'NONE', *, *, #5308, .T. ) ;
#2767 = CARTESIAN_POINT ( 'NONE',  ( 2.351780188829616591, -8.752622343987475517, 0.8216940665396581522 ) ) ;
#2768 = CARTESIAN_POINT ( 'NONE',  ( 1.731659201821002636, -9.648692054965001930, 0.5934299483187999158 ) ) ;
#2769 = CARTESIAN_POINT ( 'NONE',  ( -1.827029834439998668, -9.755642854256995733, -0.6355628781132005578 ) ) ;
#2770 = CARTESIAN_POINT ( 'NONE',  ( -2.280814555700000579, -8.632959267696000083, -0.5069216466846004909 ) ) ;
#2771 = MECHANICAL_DESIGN_GEOMETRIC_PRESENTATION_REPRESENTATION (  '', ( #4193 ), #4084 ) ;
#2772 = ORIENTED_EDGE ( 'NONE', *, *, #3904, .T. ) ;
#2773 = EDGE_CURVE ( 'NONE', #3599, #2949, #298, .T. ) ;
#2774 = CARTESIAN_POINT ( 'NONE',  ( 3.304824912144933791, -2.163820729142276189, 0.2855722581730543719 ) ) ;
#2775 = CARTESIAN_POINT ( 'NONE',  ( -2.477999994424000096, -3.377999872446999952, -0.6000000121922999252 ) ) ;
#2776 = CARTESIAN_POINT ( 'NONE',  ( 2.130700770193543203, -10.17865689063784096, 0.7867454533394444560 ) ) ;
#2777 = CARTESIAN_POINT ( 'NONE',  ( 1.549993184975999361, -9.981200328720996495, 0.8549095779039999066 ) ) ;
#2778 = CARTESIAN_POINT ( 'NONE',  ( 1.956276249610998441, -8.749660894275011813, 0.6010483295477997423 ) ) ;
#2779 = VECTOR ( 'NONE', #3110, 1000.000000000000114 ) ;
#2780 =( LENGTH_UNIT ( ) NAMED_UNIT ( * ) SI_UNIT ( .MILLI., .METRE. ) );
#2781 = CARTESIAN_POINT ( 'NONE',  ( 2.230037714279998529, -10.36648791398999236, 0.5994832352578995938 ) ) ;
#2782 = CARTESIAN_POINT ( 'NONE',  ( 1.654936348186000217, -9.377368351387001866, 0.4152052805417000836 ) ) ;
#2783 = FILL_AREA_STYLE ('',( #4590 ) ) ;
#2784 = CARTESIAN_POINT ( 'NONE',  ( -1.722147312106000250, -9.505711141527003250, -0.5229650266603000919 ) ) ;
#2785 = STYLED_ITEM ( 'NONE', ( #4476 ), #3433 ) ;
#2786 = AXIS2_PLACEMENT_3D ( 'NONE', #6235, #4373, #2344 ) ;
#2787 = ADVANCED_FACE ( 'NONE', ( #2755 ), #1991, .T. ) ;
#2788 = CARTESIAN_POINT ( 'NONE',  ( -3.270193320208999666, -1.471182051069999996, -0.8726215446759999494 ) ) ;
#2789 = CARTESIAN_POINT ( 'NONE',  ( 1.733247160574060697, -9.877374787926720856, 0.8213079384737852484 ) ) ;
#2790 =( NAMED_UNIT ( * ) PLANE_ANGLE_UNIT ( ) SI_UNIT ( $, .RADIAN. ) );
#2791 = EDGE_LOOP ( 'NONE', ( #1265, #2004, #5520, #5443, #321, #378, #1112, #1709, #4431 ) ) ;
#2792 = CARTESIAN_POINT ( 'NONE',  ( 1.785023806985001738, -1.377750843074999176, 1.033405252723000212 ) ) ;
#2793 = CARTESIAN_POINT ( 'NONE',  ( 2.344469967903997976, -9.959691483344006002, 0.8344255107620996981 ) ) ;
#2794 = EDGE_CURVE ( 'NONE', #2554, #1375, #6112, .T. ) ;
#2795 = CARTESIAN_POINT ( 'NONE',  ( 3.599264249630001355, -2.104051529202000559, 0.2907277960267000694 ) ) ;
#2796 = CARTESIAN_POINT ( 'NONE',  ( -2.295662592269998026, -9.815580855237998392, -0.2371268307117001817 ) ) ;
#2797 = VERTEX_POINT ( 'NONE', #5475 ) ;
#2798 = MECHANICAL_DESIGN_GEOMETRIC_PRESENTATION_REPRESENTATION (  '', ( #4717 ), #6176 ) ;
#2799 = CARTESIAN_POINT ( 'NONE',  ( -3.262463348462998347, -1.420287597171999261, -0.6760941956549996190 ) ) ;
#2800 = CARTESIAN_POINT ( 'NONE',  ( 1.488876706702999986, -9.983234687969998689, 0.3450007464817999581 ) ) ;
#2801 = CARTESIAN_POINT ( 'NONE',  ( 2.478021162171000213, -4.918011865209999556, 0.8549999991218999451 ) ) ;
#2802 = CARTESIAN_POINT ( 'NONE',  ( -1.806813838620001000, -9.756113691897001061, -0.6556516860731997909 ) ) ;
#2803 = CARTESIAN_POINT ( 'NONE',  ( -2.230239645719000130, -8.643476615149003450, -0.5929723415900998162 ) ) ;
#2804 = STYLED_ITEM ( 'NONE', ( #6144 ), #3758 ) ;
#2805 = VERTEX_POINT ( 'NONE', #1542 ) ;
#2806 = CARTESIAN_POINT ( 'NONE',  ( 3.288092474265000398, -1.445466903634000433, 0.7074152028407000303 ) ) ;
#2807 = AXIS2_PLACEMENT_3D ( 'NONE', #5340, #6260, #994 ) ;
#2808 = SURFACE_STYLE_USAGE ( .BOTH. , #833 ) ;
#2809 = CARTESIAN_POINT ( 'NONE',  ( 2.478000000000000203, -1.378000000000000114, 0.5999999999999999778 ) ) ;
#2810 = CARTESIAN_POINT ( 'NONE',  ( -3.537832268242998346, -1.230083521277000935, -0.5991755674350998095 ) ) ;
#2811 = CARTESIAN_POINT ( 'NONE',  ( 1.988765339995445025, -10.24964320348965607, 0.6725366423139176320 ) ) ;
#2812 = ORIENTED_EDGE ( 'NONE', *, *, #2874, .T. ) ;
#2813 = CIRCLE ( 'NONE', #1178, 0.3499992635492000237 ) ;
#2814 = CARTESIAN_POINT ( 'NONE',  ( 2.105632507292001243, -8.828063259243997152, 0.7847942532320004716 ) ) ;
#2815 = CARTESIAN_POINT ( 'NONE',  ( 2.011284557992816691, -8.771643689540390199, 0.7046086256559840333 ) ) ;
#2816 = CARTESIAN_POINT ( 'NONE',  ( -2.230122098402002262, -10.30931532484000179, -0.6704811494650998460 ) ) ;
#2817 =( NAMED_UNIT ( * ) PLANE_ANGLE_UNIT ( ) SI_UNIT ( $, .RADIAN. ) );
#2818 = CARTESIAN_POINT ( 'NONE',  ( -1.957782562341999322, -10.24945220528000256, -0.6822478632537003485 ) ) ;
#2819 = CARTESIAN_POINT ( 'NONE',  ( 1.467736651502001832, -9.009048364408000609, 0.3448093560346000563 ) ) ;
#2820 = DIRECTION ( 'NONE',  ( 0.000000000000000000, -1.000000000000000000, 0.000000000000000000 ) ) ;
#2821 = CARTESIAN_POINT ( 'NONE',  ( -1.733196762643000044, -9.504953140598999539, -0.6000002263410000314 ) ) ;
#2822 = CARTESIAN_POINT ( 'NONE',  ( 1.881451028299000017, -1.350398462396999788, 0.8122546107488000100 ) ) ;
#2823 = LINE ( 'NONE', #1358, #5767 ) ;
#2824 = ORIENTED_EDGE ( 'NONE', *, *, #5193, .T. ) ;
#2825 = CARTESIAN_POINT ( 'NONE',  ( 1.783597435294001388, -1.053214889796000531, 0.6073329539189000759 ) ) ;
#2826 = SURFACE_STYLE_FILL_AREA ( #4121 ) ;
#2827 = CARTESIAN_POINT ( 'NONE',  ( 2.124432848578000854, -10.12121814389999486, 0.7782669362687003600 ) ) ;
#2828 = UNCERTAINTY_MEASURE_WITH_UNIT (LENGTH_MEASURE( 1.000000000000000082E-05 ), #1460, 'distance_accuracy_value', 'NONE');
#2829 = CARTESIAN_POINT ( 'NONE',  ( 3.477553550605998023, -1.964983366516998675, 0.3158765342391001707 ) ) ;
#2830 = CARTESIAN_POINT ( 'NONE',  ( -2.269365943183001999, -10.14801208729000237, -0.4336625890439997355 ) ) ;
#2831 = ORIENTED_EDGE ( 'NONE', *, *, #808, .F. ) ;
#2832 = CARTESIAN_POINT ( 'NONE',  ( 2.310144486344080317, -8.669295509185042548, 0.7919695292581102608 ) ) ;
#2833 = CARTESIAN_POINT ( 'NONE',  ( 1.435979989552001568, -9.874702339516007399, 0.3649783570602003202 ) ) ;
#2834 = CARTESIAN_POINT ( 'NONE',  ( -2.309879680545999570, -8.636908846559006037, -0.4731869190901001332 ) ) ;
#2835 =( BOUNDED_SURFACE ( )  B_SPLINE_SURFACE ( 3, 3, ( 
 ( #1958, #5693, #879, #2380, #3896, #519, #2909, #909, #4307, #5823, #1918, #2877, #1482, #3426, #5350, #6233, #5280, #1888, #3834 ),
 ( #460, #5756, #1825, #1417, #4410, #2473, #2816, #1004, #2938, #4862, #4340, #3863, #4743, #397, #4894, #64, #3929, #1992, #5856 ),
 ( #1513, #3460, #1038, #5379, #2975, #553, #2505, #1007, #5220, #6268, #5787, #2940, #5250, #1920, #521, #2409, #3772, #4374, #6206 ),
 ( #4808, #2382, #4342, #3865, #2818, #1483, #1857, #3805, #4864, #66, #3898, #3428, #911, #4746, #3359, #2847, #4778, #3298, #880 ) ),
 .UNSPECIFIED., .F., .F., .T. ) 
 B_SPLINE_SURFACE_WITH_KNOTS ( ( 4, 4 ),
 ( 4, 1, 1, 1, 1, 1, 1, 1, 1, 1, 1, 1, 1, 1, 1, 1, 4 ),
 ( 0.000000000000000000, 1.000000000000000000 ),
 ( 0.01608171324088999987, 0.04808747996915999773, 0.09949668478558000573, 0.1561804750470000003, 0.2201095350020999819, 0.2906991779656999952, 0.3619065133752999985, 0.4274775215959000230, 0.4951149986135999770, 0.5654679784900000783, 0.6346367485309000189, 0.6992140028176999644, 0.7600453407145000284, 0.8248573667891000438, 0.9020237497024999884, 1.000000000000000000, 1.009414727241000120 ),
 .UNSPECIFIED. ) 
 GEOMETRIC_REPRESENTATION_ITEM ( )  RATIONAL_B_SPLINE_SURFACE ( (
 ( 1.194557097229999920, 1.194557097229999920, 1.194557097229999920, 1.194557097229999920, 1.194557097229999920, 1.194557097229999920, 1.194557097229999920, 1.194557097229999920, 1.194557097229999920, 1.194557097229999920, 1.194557097229999920, 1.194557097229999920, 1.194557097229999920, 1.194557097229999920, 1.194557097229999920, 1.194557097229999920, 1.194557097229999920, 1.194557097229999920, 1.194557097229999920),
 ( 0.9351476342567000000, 0.9351476342567000000, 0.9351476342567000000, 0.9351476342567000000, 0.9351476342567000000, 0.9351476342567000000, 0.9351476342567000000, 0.9351476342567000000, 0.9351476342567000000, 0.9351476342567000000, 0.9351476342567000000, 0.9351476342567000000, 0.9351476342567000000, 0.9351476342567000000, 0.9351476342567000000, 0.9351476342567000000, 0.9351476342567000000, 0.9351476342567000000, 0.9351476342567000000),
 ( 0.9351476342567000000, 0.9351476342567000000, 0.9351476342567000000, 0.9351476342567000000, 0.9351476342567000000, 0.9351476342567000000, 0.9351476342567000000, 0.9351476342567000000, 0.9351476342567000000, 0.9351476342567000000, 0.9351476342567000000, 0.9351476342567000000, 0.9351476342567000000, 0.9351476342567000000, 0.9351476342567000000, 0.9351476342567000000, 0.9351476342567000000, 0.9351476342567000000, 0.9351476342567000000),
 ( 1.194557097229999920, 1.194557097229999920, 1.194557097229999920, 1.194557097229999920, 1.194557097229999920, 1.194557097229999920, 1.194557097229999920, 1.194557097229999920, 1.194557097229999920, 1.194557097229999920, 1.194557097229999920, 1.194557097229999920, 1.194557097229999920, 1.194557097229999920, 1.194557097229999920, 1.194557097229999920, 1.194557097229999920, 1.194557097229999920, 1.194557097229999920) ) ) 
 REPRESENTATION_ITEM ( '' )  SURFACE ( )  );
#2836 = ORIENTED_EDGE ( 'NONE', *, *, #4274, .F. ) ;
#2837 = CIRCLE ( 'NONE', #5050, 0.2550000000000000044 ) ;
#2838 = CARTESIAN_POINT ( 'NONE',  ( 3.397786612380000459, -1.637274217879999938, 0.7954692406171999242 ) ) ;
#2839 = FILL_AREA_STYLE_COLOUR ( '', #811 ) ;
#2840 =( NAMED_UNIT ( * ) SI_UNIT ( $, .STERADIAN. ) SOLID_ANGLE_UNIT ( ) );
#2841 = CARTESIAN_POINT ( 'NONE',  ( -3.542109943200002498, -1.823883752171002293, -0.3339950370791001655 ) ) ;
#2842 = CARTESIAN_POINT ( 'NONE',  ( -2.478000015587000338, -4.839020455812000243, -0.8640302725791999539 ) ) ;
#2843 = TOROIDAL_SURFACE ( 'NONE', #2549, 0.5999999999999999778, 0.3499999999999999778 ) ;
#2844 = CARTESIAN_POINT ( 'NONE',  ( 1.956524166860999836, -8.749793329978992062, 0.5946691783069002479 ) ) ;
#2845 = CARTESIAN_POINT ( 'NONE',  ( 2.041965100321081028, -8.786984117797629779, 0.7335966703607965655 ) ) ;
#2846 = CARTESIAN_POINT ( 'NONE',  ( -1.477999999999999980, -10.00500000000000078, -0.3449999999999999734 ) ) ;
#2847 = CARTESIAN_POINT ( 'NONE',  ( -2.237766008948000263, -9.884478238564993191, -1.097890506134999278 ) ) ;
#2848 = CARTESIAN_POINT ( 'NONE',  ( 1.727439481495002260, -9.351558610788005765, 0.5683232679154995859 ) ) ;
#2849 = DIRECTION ( 'NONE',  ( -1.000000000000000000, 0.000000000000000000, 0.000000000000000000 ) ) ;
#2850 = SURFACE_SIDE_STYLE ('',( #3839 ) ) ;
#2851 = CARTESIAN_POINT ( 'NONE',  ( 1.674518020505263216, -9.103262155841889580, 0.3646840693303494696 ) ) ;
#2852 = CARTESIAN_POINT ( 'NONE',  ( 1.876912942856000077, -1.334563035566000089, 0.7797771418304000335 ) ) ;
#2853 = VERTEX_POINT ( 'NONE', #3497 ) ;
#2854 = CARTESIAN_POINT ( 'NONE',  ( 1.575929673801999664, -1.239081444445000013, 0.4931804034297996298 ) ) ;
#2855 = FILL_AREA_STYLE ('',( #5798 ) ) ;
#2856 = STYLED_ITEM ( 'NONE', ( #2919 ), #260 ) ;
#2857 = CARTESIAN_POINT ( 'NONE',  ( 2.189037466991999636, -9.935307684525003680, 1.070168481112998782 ) ) ;
#2858 = EDGE_CURVE ( 'NONE', #817, #830, #2837, .T. ) ;
#2859 = CARTESIAN_POINT ( 'NONE',  ( 3.673529364892000437, -1.976681449821001024, 0.2879211350311002282 ) ) ;
#2860 = DIRECTION ( 'NONE',  ( 1.000000000000000000, 0.000000000000000000, 0.000000000000000000 ) ) ;
#2861 = EDGE_LOOP ( 'NONE', ( #6113, #2099, #1865, #5914 ) ) ;
#2862 = FILL_AREA_STYLE ('',( #4262 ) ) ;
#2863 = CIRCLE ( 'NONE', #138, 0.2550000000000000044 ) ;
#2864 = CARTESIAN_POINT ( 'NONE',  ( 1.525844659972002137, -9.615730069585007200, 0.2260823584300001576 ) ) ;
#2865 = CARTESIAN_POINT ( 'NONE',  ( -2.337353471415002382, -8.539987670834003453, -0.3178306184213001151 ) ) ;
#2866 = VERTEX_POINT ( 'NONE', #4019 ) ;
#2867 = AXIS2_PLACEMENT_3D ( 'NONE', #3836, #971, #29 ) ;
#2868 = EDGE_CURVE ( 'NONE', #3, #5360, #5366, .T. ) ;
#2869 = MECHANICAL_DESIGN_GEOMETRIC_PRESENTATION_REPRESENTATION (  '', ( #725 ), #4501 ) ;
#2870 = CARTESIAN_POINT ( 'NONE',  ( 2.106579409343998677, -10.02672677151999459, 0.1945468772693000614 ) ) ;
#2871 = CARTESIAN_POINT ( 'NONE',  ( 2.270447167128742283, -10.10878474568193397, 0.8329837953461949329 ) ) ;
#2872 = AXIS2_PLACEMENT_3D ( 'NONE', #116, #12, #1088 ) ;
#2873 = PRESENTATION_LAYER_ASSIGNMENT (  '', '', ( #2073 ) ) ;
#2874 = EDGE_CURVE ( 'NONE', #1502, #2805, #2235, .T. ) ;
#2875 = SURFACE_STYLE_FILL_AREA ( #4275 ) ;
#2876 = CARTESIAN_POINT ( 'NONE',  ( 2.154773255309957669, -8.843388621011003536, 0.7978439396088491398 ) ) ;
#2877 = CARTESIAN_POINT ( 'NONE',  ( -2.365293089339000510, -10.25242992552999866, -0.8295833134897995231 ) ) ;
#2878 = CARTESIAN_POINT ( 'NONE',  ( -1.499553574561767855, -9.994225642043861768, -0.3450011311623848442 ) ) ;
#2879 = DIRECTION ( 'NONE',  ( -1.113267123333282835E-05, 0.000000000000000000, 0.9999999999380319027 ) ) ;
#2880 = DIRECTION ( 'NONE',  ( 0.000000000000000000, 1.000000000000000000, 0.000000000000000000 ) ) ;
#2881 = DIRECTION ( 'NONE',  ( 0.000000000000000000, 1.000000000000000000, 0.000000000000000000 ) ) ;
#2882 = SURFACE_SIDE_STYLE ('',( #2385 ) ) ;
#2883 = CARTESIAN_POINT ( 'NONE',  ( 1.989825042958999868, -1.052781128345999795, 0.6005794168751000806 ) ) ;
#2884 = B_SPLINE_CURVE_WITH_KNOTS ( 'NONE', 3,
 ( #1588, #5840, #3044, #625, #2582, #167, #2096, #4034, #5959, #986, #4846, #4145, #5986, #1611 ),
 .UNSPECIFIED., .F., .F.,
 ( 4, 2, 2, 2, 2, 2, 4 ),
 ( 0.000000000000000000, 0.2500000000000018874, 0.3750000000000025535, 0.4375000000000028866, 0.4687500000000031086, 0.5000000000000032196, 1.000000000000000000 ),
 .UNSPECIFIED. ) ;
#2885 = ORIENTED_EDGE ( 'NONE', *, *, #2868, .F. ) ;
#2886 =( LENGTH_UNIT ( ) NAMED_UNIT ( * ) SI_UNIT ( .MILLI., .METRE. ) );
#2887 = CARTESIAN_POINT ( 'NONE',  ( -2.337371707563736578, -10.28626079825234463, -0.8132353374608157770 ) ) ;
#2888 = DIRECTION ( 'NONE',  ( 0.000000000000000000, -1.000000000000000000, 0.000000000000000000 ) ) ;
#2889 = AXIS2_PLACEMENT_3D ( 'NONE', #2751, #2881, #3362 ) ;
#2890 = UNCERTAINTY_MEASURE_WITH_UNIT (LENGTH_MEASURE( 1.000000000000000082E-05 ), #1651, 'distance_accuracy_value', 'NONE');
#2891 = AXIS2_PLACEMENT_3D ( 'NONE', #3071, #1046, #4416 ) ;
#2892 = SURFACE_SIDE_STYLE ('',( #3818 ) ) ;
#2893 = PRESENTATION_STYLE_ASSIGNMENT (( #5300 ) ) ;
#2894 = ORIENTED_EDGE ( 'NONE', *, *, #107, .F. ) ;
#2895 = CARTESIAN_POINT ( 'NONE',  ( 1.890997684017219793, -1.113469557446331137, 0.6001266756162212390 ) ) ;
#2896 = CARTESIAN_POINT ( 'NONE',  ( 1.631563675004000569, -9.647545571389001040, 0.4542362459679998854 ) ) ;
#2897 = SURFACE_SIDE_STYLE ('',( #539 ) ) ;
#2898 = ORIENTED_EDGE ( 'NONE', *, *, #55, .F. ) ;
#2899 = CARTESIAN_POINT ( 'NONE',  ( 3.374151983842998082, -1.913836322800001710, 0.6368139181205005883 ) ) ;
#2900 = CARTESIAN_POINT ( 'NONE',  ( -1.678991480767490829, -1.287680525057756542, -0.5999927956897400660 ) ) ;
#2901 =( NAMED_UNIT ( * ) SI_UNIT ( $, .STERADIAN. ) SOLID_ANGLE_UNIT ( ) );
#2902 =( GEOMETRIC_REPRESENTATION_CONTEXT ( 3 ) GLOBAL_UNCERTAINTY_ASSIGNED_CONTEXT ( ( #6046 ) ) GLOBAL_UNIT_ASSIGNED_CONTEXT ( ( #2780, #1887, #1415 ) ) REPRESENTATION_CONTEXT ( 'NONE', 'WORKASPACE' ) );
#2903 = SURFACE_STYLE_FILL_AREA ( #94 ) ;
#2904 = ORIENTED_EDGE ( 'NONE', *, *, #1192, .F. ) ;
#2905 = EDGE_CURVE ( 'NONE', #1936, #2923, #3386, .T. ) ;
#2906 = MECHANICAL_DESIGN_GEOMETRIC_PRESENTATION_REPRESENTATION (  '', ( #3319 ), #3423 ) ;
#2907 = CARTESIAN_POINT ( 'NONE',  ( 2.274184914820001957, -8.632806063748002856, 0.6845413095142999227 ) ) ;
#2908 = FILL_AREA_STYLE_COLOUR ( '', #2288 ) ;
#2909 = CARTESIAN_POINT ( 'NONE',  ( -2.262553406506000009, -10.45129745087999318, -0.7383654280448999074 ) ) ;
#2910 = DIRECTION ( 'NONE',  ( 0.000000000000000000, 1.000000000000000000, 0.000000000000000000 ) ) ;
#2911 = CARTESIAN_POINT ( 'NONE',  ( 1.841677973432939375, -9.186810007003163747, 0.7798111940077204762 ) ) ;
#2912 = CARTESIAN_POINT ( 'NONE',  ( -1.800916976496998334, -9.047582794987997445, -0.3615404307546003504 ) ) ;
#2913 =( GEOMETRIC_REPRESENTATION_CONTEXT ( 3 ) GLOBAL_UNCERTAINTY_ASSIGNED_CONTEXT ( ( #4085 ) ) GLOBAL_UNIT_ASSIGNED_CONTEXT ( ( #3920, #2928, #1377 ) ) REPRESENTATION_CONTEXT ( 'NONE', 'WORKASPACE' ) );
#2914 = CARTESIAN_POINT ( 'NONE',  ( 2.264743664824125702, -10.43151024829066209, 0.4588039694567024873 ) ) ;
#2915 = CARTESIAN_POINT ( 'NONE',  ( 1.952620904188000051, -1.170487582679999861, 0.6299195709947000843 ) ) ;
#2916 = DIRECTION ( 'NONE',  ( 1.000000000000000000, 0.000000000000000000, 0.000000000000000000 ) ) ;
#2917 = EDGE_LOOP ( 'NONE', ( #867, #146, #757, #3918 ) ) ;
#2918 = CARTESIAN_POINT ( 'NONE',  ( 1.606135472991998547, -1.755729654282998098, 0.9809743598796999420 ) ) ;
#2919 = PRESENTATION_STYLE_ASSIGNMENT (( #5393 ) ) ;
#2920 = APPLICATION_CONTEXT ( 'automotive_design' ) ;
#2921 = CARTESIAN_POINT ( 'NONE',  ( 2.392143978875998833, -8.580751510129990933, 0.9458093396773010753 ) ) ;
#2922 = CARTESIAN_POINT ( 'NONE',  ( -2.012987670831001719, -10.14564652858999061, -0.3178306184257000955 ) ) ;
#2923 = VERTEX_POINT ( 'NONE', #1758 ) ;
#2924 = CARTESIAN_POINT ( 'NONE',  ( 1.678992226811321542, -1.287679737682501990, 0.5999927937423178426 ) ) ;
#2925 = CARTESIAN_POINT ( 'NONE',  ( -3.338304895567881569, -1.537347761774933819, -0.8479684668716980234 ) ) ;
#2926 = SURFACE_SIDE_STYLE ('',( #1975 ) ) ;
#2927 = ORIENTED_EDGE ( 'NONE', *, *, #1779, .T. ) ;
#2928 =( NAMED_UNIT ( * ) PLANE_ANGLE_UNIT ( ) SI_UNIT ( $, .RADIAN. ) );
#2929 = CARTESIAN_POINT ( 'NONE',  ( -1.636901038947997877, -9.017618993450009057, -0.8172742018055003665 ) ) ;
#2930 = CARTESIAN_POINT ( 'NONE',  ( 1.651756455596001594, -8.818656797261004598, 1.123738187341999595 ) ) ;
#2931 = CARTESIAN_POINT ( 'NONE',  ( -1.843765504212000250, -9.756780627906994852, -0.5931327060062997480 ) ) ;
#2932 = CARTESIAN_POINT ( 'NONE',  ( 2.106627617078999926, -10.22537917110999750, 0.5381527163845007955 ) ) ;
#2933 = SURFACE_SIDE_STYLE ('',( #1065 ) ) ;
#2934 = EDGE_LOOP ( 'NONE', ( #3564, #3948, #1596, #4858 ) ) ;
#2935 = EDGE_CURVE ( 'NONE', #450, #3243, #5876, .T. ) ;
#2936 = CARTESIAN_POINT ( 'NONE',  ( -3.244642371550618520, -2.252743803122689403, -0.2032659049048668176 ) ) ;
#2937 = CARTESIAN_POINT ( 'NONE',  ( -2.114322026565034207, -10.18681000700641626, -0.4201888059950308341 ) ) ;
#2938 = CARTESIAN_POINT ( 'NONE',  ( -2.241209202142002255, -10.24644775020000331, -0.7137105504947003354 ) ) ;
#2939 = CARTESIAN_POINT ( 'NONE',  ( -1.977289867301000648, -8.760852653258000444, -0.6770346765001999945 ) ) ;
#2940 = CARTESIAN_POINT ( 'NONE',  ( -2.155082799081000644, -10.04758281228999550, -0.8384600264630999167 ) ) ;
#2941 = CARTESIAN_POINT ( 'NONE',  ( 1.655440263426803282, -9.093717788970209881, 0.8390781018368502764 ) ) ;
#2942 =( LENGTH_UNIT ( ) NAMED_UNIT ( * ) SI_UNIT ( .MILLI., .METRE. ) );
#2943 = CARTESIAN_POINT ( 'NONE',  ( -1.736586513349000382, -8.930097312392003772, -0.2874519910296998160 ) ) ;
#2944 = PRESENTATION_LAYER_ASSIGNMENT (  '', '', ( #2039 ) ) ;
#2945 = CARTESIAN_POINT ( 'NONE',  ( -1.674518021158279080, -9.103262156172403863, -0.3646840694682523809 ) ) ;
#2946 = CARTESIAN_POINT ( 'NONE',  ( 2.477997161168999707, -9.005000000000000782, 0.8549999999841999543 ) ) ;
#2947 = FACE_OUTER_BOUND ( 'NONE', #1781, .T. ) ;
#2948 = CARTESIAN_POINT ( 'NONE',  ( -1.477999999999999980, -9.005000000000000782, -0.5999999999999999778 ) ) ;
#2949 = VERTEX_POINT ( 'NONE', #5147 ) ;
#2950 = DIRECTION ( 'NONE',  ( 8.659560562354940254E-17, 8.659560562354940254E-17, 1.000000000000000000 ) ) ;
#2951 = CARTESIAN_POINT ( 'NONE',  ( -1.971033607942001442, -1.377544006111998121, -0.9226401654625007165 ) ) ;
#2952 = CONICAL_SURFACE ( 'NONE', #1317, 0.6024999966273000274, 0.2276507215286134034 ) ;
#2953 = UNCERTAINTY_MEASURE_WITH_UNIT (LENGTH_MEASURE( 1.000000000000000082E-05 ), #695, 'distance_accuracy_value', 'NONE');
#2954 = ADVANCED_FACE ( 'NONE', ( #1243 ), #1246, .F. ) ;
#2955 = CARTESIAN_POINT ( 'NONE',  ( 2.662270929001000486, -8.829116381186997486, 1.123032567134999660 ) ) ;
#2956 = EDGE_LOOP ( 'NONE', ( #1035, #4538 ) ) ;
#2957 =( GEOMETRIC_REPRESENTATION_CONTEXT ( 3 ) GLOBAL_UNCERTAINTY_ASSIGNED_CONTEXT ( ( #5800 ) ) GLOBAL_UNIT_ASSIGNED_CONTEXT ( ( #1444, #333, #1477 ) ) REPRESENTATION_CONTEXT ( 'NONE', 'WORKASPACE' ) );
#2958 = CARTESIAN_POINT ( 'NONE',  ( -3.420073313777998614, -1.307983379246999478, -0.5565770624186997528 ) ) ;
#2959 = STYLED_ITEM ( 'NONE', ( #4180 ), #408 ) ;
#2960 = CARTESIAN_POINT ( 'NONE',  ( -1.728451552846998807, -9.646806221123005898, -0.6189186309461001123 ) ) ;
#2961 = CONICAL_SURFACE ( 'NONE', #1439, 0.6025000041133001805, 0.2276507215286134034 ) ;
#2962 = EDGE_LOOP ( 'NONE', ( #3374, #4331, #5811, #5585, #5962 ) ) ;
#2963 = AXIS2_PLACEMENT_3D ( 'NONE', #2948, #528, #3401 ) ;
#2964 = CARTESIAN_POINT ( 'NONE',  ( 3.378245311804998430, -1.904722954442999772, 0.4544783840140002029 ) ) ;
#2965 = CARTESIAN_POINT ( 'NONE',  ( -1.658857259754001001, -8.813505791323001048, -0.9636074931907000485 ) ) ;
#2966 = CARTESIAN_POINT ( 'NONE',  ( 1.727503835207999883, -9.329452078150994865, 0.6538223108888000512 ) ) ;
#2967 = CARTESIAN_POINT ( 'NONE',  ( -1.810375130105997821, -9.848725502399005904, -0.3974392816333999212 ) ) ;
#2968 = CARTESIAN_POINT ( 'NONE',  ( 3.076554811964032687, -1.385962704955272518, 0.9144049521394872482 ) ) ;
#2969 = EDGE_LOOP ( 'NONE', ( #5842, #4407, #3111, #4872, #2219, #3016 ) ) ;
#2970 = COLOUR_RGB ( '',0.8039215686274510109, 0.8039215686274510109, 0.8039215686274510109 ) ;
#2971 = ADVANCED_FACE ( 'NONE', ( #423 ), #362, .F. ) ;
#2972 = CARTESIAN_POINT ( 'NONE',  ( -2.693326423223491251, -2.890070761137814248, 0.08384114911877874055 ) ) ;
#2973 = STYLED_ITEM ( 'NONE', ( #4646 ), #6161 ) ;
#2974 = CARTESIAN_POINT ( 'NONE',  ( -1.601689180452204653, -9.757653374945247648, -0.8230818238845341028 ) ) ;
#2975 = CARTESIAN_POINT ( 'NONE',  ( -2.111009267561001934, -10.24244348037000307, -0.6338965360600000709 ) ) ;
#2976 = CARTESIAN_POINT ( 'NONE',  ( -2.478000000000000203, -10.00500000000000078, -0.5999999999999999778 ) ) ;
#2977 = CARTESIAN_POINT ( 'NONE',  ( 1.998217437658998730, -9.249452205275989769, 0.5177521367463002733 ) ) ;
#2978 = DIRECTION ( 'NONE',  ( 0.000000000000000000, 0.000000000000000000, 1.000000000000000000 ) ) ;
#2979 = CARTESIAN_POINT ( 'NONE',  ( -1.726562328778999511, -9.361984771413998985, -0.5827485636321002582 ) ) ;
#2980 = CIRCLE ( 'NONE', #2872, 0.2640302483893000041 ) ;
#2981 = CARTESIAN_POINT ( 'NONE',  ( -3.410144592533999930, -1.921803559858999977, -0.4798549301862000127 ) ) ;
#2982 = DIRECTION ( 'NONE',  ( 0.000000000000000000, -1.000000000000000000, 0.000000000000000000 ) ) ;
#2983 = ORIENTED_EDGE ( 'NONE', *, *, #699, .T. ) ;
#2984 = CARTESIAN_POINT ( 'NONE',  ( 2.167565682501999103, -8.860021689288013036, 0.3891163857757000133 ) ) ;
#2985 = CARTESIAN_POINT ( 'NONE',  ( -2.358622098047425730, -10.24376020647230945, -0.8257501178979264056 ) ) ;
#2986 = PRESENTATION_STYLE_ASSIGNMENT (( #4875 ) ) ;
#2987 = EDGE_CURVE ( 'NONE', #4266, #3415, #5186, .T. ) ;
#2988 = CARTESIAN_POINT ( 'NONE',  ( 2.222785860295001470, -8.483422395402012484, 0.5946668106058999870 ) ) ;
#2989 = CARTESIAN_POINT ( 'NONE',  ( 3.225926084196001575, -1.402295882694998941, 0.6813723082705002154 ) ) ;
#2990 = DIRECTION ( 'NONE',  ( 8.298717588001027314E-05, 0.000000000000000000, 0.9999999965565644633 ) ) ;
#2991 = CIRCLE ( 'NONE', #4699, 0.9409697611113002624 ) ;
#2992 = CARTESIAN_POINT ( 'NONE',  ( 1.761196029162498844, -1.211887383482873171, 0.6000076860476890594 ) ) ;
#2993 =( LENGTH_UNIT ( ) NAMED_UNIT ( * ) SI_UNIT ( .MILLI., .METRE. ) );
#2994 = CARTESIAN_POINT ( 'NONE',  ( -1.414419757839999736, -9.712237962842003469, -1.056758500233999643 ) ) ;
#2995 = ADVANCED_FACE ( 'NONE', ( #1950 ), #5433, .F. ) ;
#2996 = AXIS2_PLACEMENT_3D ( 'NONE', #2685, #736, #672 ) ;
#2997 = ORIENTED_EDGE ( 'NONE', *, *, #4465, .T. ) ;
#2998 = CARTESIAN_POINT ( 'NONE',  ( 1.813250736813000419, -8.985622532818002384, 1.037122793564000167 ) ) ;
#2999 = CARTESIAN_POINT ( 'NONE',  ( -1.631563675003997682, -9.647545571388999264, -0.4542362459681001385 ) ) ;
#3000 = CYLINDRICAL_SURFACE ( 'NONE', #5889, 0.9499999999999999556 ) ;
#3001 = ORIENTED_EDGE ( 'NONE', *, *, #3813, .F. ) ;
#3002 =( BOUNDED_CURVE ( )  B_SPLINE_CURVE ( 3, ( #3424, #4018, #5854, #5971, #3989, #1541, #3524, #5950, #62, #641, #3458, #3496, #2594, #5348, #1990, #4931, #1603, #669 ),
 .UNSPECIFIED., .F., .T. ) 
 B_SPLINE_CURVE_WITH_KNOTS ( ( 4, 1, 1, 1, 1, 1, 1, 1, 1, 1, 1, 1, 1, 1, 1, 4 ),
 ( 0.000000000000000000, 0.02368774459059510770, 0.07641475961179663989, 0.1345515674314226584, 0.2001193683062954531, 0.2725184878448935200, 0.3455511335970262721, 0.4128029720129092750, 0.4821742505504569287, 0.5543306404416390443, 0.6252724647699489102, 0.6915050756216778449, 0.7538957482357226958, 0.8203691489544928661, 0.8995135948866165299, 1.000000000000000000 ),
 .UNSPECIFIED. ) 
 CURVE ( )  GEOMETRIC_REPRESENTATION_ITEM ( )  RATIONAL_B_SPLINE_CURVE ( ( 1.171577234020225067, 1.171577234020225067, 1.171577234020225289, 1.171577234020225067, 1.171577234020225067, 1.171577234020225067, 1.171577234020225067, 1.171577234020225067, 1.171577234020225067, 1.171577234020225067, 1.171577234020225067, 1.171577234020225067, 1.171577234020225067, 1.171577234020225067, 1.171577234020225067, 1.171577234020225067, 1.171577234020225067, 1.171577234020225067 ) ) 
 REPRESENTATION_ITEM ( '' )  );
#3003 = ADVANCED_FACE ( 'NONE', ( #6089 ), #2146, .F. ) ;
#3004 = CARTESIAN_POINT ( 'NONE',  ( -3.274352158083517317, -2.209432907787268530, -0.2411482318751736464 ) ) ;
#3005 = CARTESIAN_POINT ( 'NONE',  ( -2.080062135060174455, -10.20400202249003563, -0.7597008457652608682 ) ) ;
#3006 = SURFACE_STYLE_FILL_AREA ( #2506 ) ;
#3007 = SURFACE_SIDE_STYLE ('',( #1073 ) ) ;
#3008 = CARTESIAN_POINT ( 'NONE',  ( 1.972678162365769650, -9.252348940592295179, 0.6721751977151168012 ) ) ;
#3009 = CARTESIAN_POINT ( 'NONE',  ( -1.929638516694000216, -9.126972708100012710, -0.2945992894652001981 ) ) ;
#3010 = COLOUR_RGB ( '',0.7921568627450980005, 0.8196078431372548767, 0.9333333333333333481 ) ;
#3011 = CARTESIAN_POINT ( 'NONE',  ( 2.223001384533270119, -10.51499551095057861, 0.5952852654215359252 ) ) ;
#3012 = PRESENTATION_STYLE_ASSIGNMENT (( #1078 ) ) ;
#3013 = CARTESIAN_POINT ( 'NONE',  ( -1.987999999987000166, -9.260001423167000922, -0.5999999999802999584 ) ) ;
#3014 = MECHANICAL_DESIGN_GEOMETRIC_PRESENTATION_REPRESENTATION (  '', ( #88 ), #1793 ) ;
#3015 = FACE_OUTER_BOUND ( 'NONE', #2640, .T. ) ;
#3016 = ORIENTED_EDGE ( 'NONE', *, *, #5617, .F. ) ;
#3017 = CARTESIAN_POINT ( 'NONE',  ( 1.582886981379000080, -1.361748431728998510, 0.3152216686545001312 ) ) ;
#3018 = CYLINDRICAL_SURFACE ( 'NONE', #4977, 0.9499999999999999556 ) ;
#3019 = SURFACE_SIDE_STYLE ('',( #1083 ) ) ;
#3020 = UNCERTAINTY_MEASURE_WITH_UNIT (LENGTH_MEASURE( 1.000000000000000082E-05 ), #201, 'distance_accuracy_value', 'NONE');
#3021 = CARTESIAN_POINT ( 'NONE',  ( 3.529899675847001816, -1.129355027189000271, 0.6109647315705002413 ) ) ;
#3022 = ORIENTED_EDGE ( 'NONE', *, *, #4396, .F. ) ;
#3023 = CARTESIAN_POINT ( 'NONE',  ( -3.163444894284999531, -1.209458746600999612, -0.5696352280534998647 ) ) ;
#3024 = ORIENTED_EDGE ( 'NONE', *, *, #3726, .F. ) ;
#3025 = CARTESIAN_POINT ( 'NONE',  ( 1.477999999999999980, -10.00499634198000010, 0.8549999999738000511 ) ) ;
#3026 = ORIENTED_EDGE ( 'NONE', *, *, #3647, .F. ) ;
#3027 = DIRECTION ( 'NONE',  ( 0.7071067811865462405, 0.7071067811865487940, 0.000000000000000000 ) ) ;
#3028 = CARTESIAN_POINT ( 'NONE',  ( -1.849372251514999732, -9.225379164996008186, -0.6618472172433003120 ) ) ;
#3029 = CARTESIAN_POINT ( 'NONE',  ( 1.721896162279001441, -8.888168773927999311, 1.096239369100999950 ) ) ;
#3030 = CARTESIAN_POINT ( 'NONE',  ( -1.924297450864001835, -9.789553406486994902, -0.4616345719587998109 ) ) ;
#3031 = DIRECTION ( 'NONE',  ( 0.000000000000000000, 0.000000000000000000, 1.000000000000000000 ) ) ;
#3032 = CARTESIAN_POINT ( 'NONE',  ( -2.545924779122925141, -3.020308838210310487, 0.08265272576661947257 ) ) ;
#3033 = CARTESIAN_POINT ( 'NONE',  ( -2.137673862009787928, -10.17516753551150188, -0.7899304869338001911 ) ) ;
#3034 = CARTESIAN_POINT ( 'NONE',  ( -2.131441938959002691, -8.755559863978000124, -0.6316767620523003890 ) ) ;
#3035 = CARTESIAN_POINT ( 'NONE',  ( -1.782026487149002136, -9.009959622078994812, -0.3352541853687999174 ) ) ;
#3036 =( BOUNDED_SURFACE ( )  B_SPLINE_SURFACE ( 3, 3, ( 
 ( #2462, #1980, #3887, #3348, #5270, #2838, #868, #1503, #2334, #3383, #4267, #962, #933, #2899, #3450 ),
 ( #2806, #451, #4769, #4825, #481, #4364, #4738, #390, #1849, #1947, #5368, #542, #2964, #2493, #4887 ),
 ( #1028, #444, #891, #1934, #382, #3752, #3848, #1901, #857, #2324, #5675, #5299, #2829, #5742, #922 ),
 ( #3278, #5164, #4760, #410, #475, #954, #6, #1401, #4292, #823, #6251, #2859, #4693, #1872, #2795 ) ),
 .UNSPECIFIED., .F., .F., .T. ) 
 B_SPLINE_SURFACE_WITH_KNOTS ( ( 4, 4 ),
 ( 4, 1, 1, 1, 1, 1, 1, 1, 1, 1, 1, 1, 4 ),
 ( 0.000000000000000000, 1.000000000000000000 ),
 ( 0.01396227618572999998, 0.03168761143419000087, 0.06698563416628999789, 0.1068341593098999925, 0.1502980124422999830, 0.1922790338599000004, 0.2293004432243999913, 0.2620041622062999620, 0.2912339464953000445, 0.3174636690761999946, 0.3414420028623000314, 0.3644507462710999679, 0.3715904676462999934 ),
 .UNSPECIFIED. ) 
 GEOMETRIC_REPRESENTATION_ITEM ( )  RATIONAL_B_SPLINE_SURFACE ( (
 ( 1.136178671354999947, 1.136178671354999947, 1.136178671354999947, 1.136178671354999947, 1.136178671354999947, 1.136178671354999947, 1.136178671354999947, 1.136178671354999947, 1.136178671354999947, 1.136178671354999947, 1.136178671354999947, 1.136178671354999947, 1.136178671354999947, 1.136178671354999947, 1.136178671354999947),
 ( 0.9546071095482999702, 0.9546071095482999702, 0.9546071095482999702, 0.9546071095482999702, 0.9546071095482999702, 0.9546071095482999702, 0.9546071095482999702, 0.9546071095482999702, 0.9546071095482999702, 0.9546071095482999702, 0.9546071095482999702, 0.9546071095482999702, 0.9546071095482999702, 0.9546071095482999702, 0.9546071095482999702),
 ( 0.9546071095482999702, 0.9546071095482999702, 0.9546071095482999702, 0.9546071095482999702, 0.9546071095482999702, 0.9546071095482999702, 0.9546071095482999702, 0.9546071095482999702, 0.9546071095482999702, 0.9546071095482999702, 0.9546071095482999702, 0.9546071095482999702, 0.9546071095482999702, 0.9546071095482999702, 0.9546071095482999702),
 ( 1.136178671354999947, 1.136178671354999947, 1.136178671354999947, 1.136178671354999947, 1.136178671354999947, 1.136178671354999947, 1.136178671354999947, 1.136178671354999947, 1.136178671354999947, 1.136178671354999947, 1.136178671354999947, 1.136178671354999947, 1.136178671354999947, 1.136178671354999947, 1.136178671354999947) ) ) 
 REPRESENTATION_ITEM ( '' )  SURFACE ( )  );
#3037 = CIRCLE ( 'NONE', #1517, 0.2549999999999999489 ) ;
#3038 = CARTESIAN_POINT ( 'NONE',  ( 1.708425868299420003, -9.465849565828644785, 0.7111413905680996628 ) ) ;
#3039 = CARTESIAN_POINT ( 'NONE',  ( -1.841677973443686778, -9.186810007008762824, -0.7798111940019371024 ) ) ;
#3040 = PRESENTATION_STYLE_ASSIGNMENT (( #2067 ) ) ;
#3041 = VERTEX_POINT ( 'NONE', #2192 ) ;
#3042 = CARTESIAN_POINT ( 'NONE',  ( 2.292092113553002353, -8.782819368881995103, 0.4547698926367000349 ) ) ;
#3043 = PRESENTATION_STYLE_ASSIGNMENT (( #563 ) ) ;
#3044 = CARTESIAN_POINT ( 'NONE',  ( 3.536634315555981178, -1.319949082663187223, 0.5917533504390831700 ) ) ;
#3045 =( NAMED_UNIT ( * ) PLANE_ANGLE_UNIT ( ) SI_UNIT ( $, .RADIAN. ) );
#3046 = CARTESIAN_POINT ( 'NONE',  ( -3.699947289006213502, -0.01974990064687054403, -0.3499999999999999778 ) ) ;
#3047 = VERTEX_POINT ( 'NONE', #2706 ) ;
#3048 = SURFACE_SIDE_STYLE ('',( #115 ) ) ;
#3049 = ADVANCED_FACE ( 'NONE', ( #5589 ), #199, .F. ) ;
#3050 =( GEOMETRIC_REPRESENTATION_CONTEXT ( 3 ) GLOBAL_UNCERTAINTY_ASSIGNED_CONTEXT ( ( #2520 ) ) GLOBAL_UNIT_ASSIGNED_CONTEXT ( ( #1987, #1097, #4367 ) ) REPRESENTATION_CONTEXT ( 'NONE', 'WORKASPACE' ) );
#3051 = CARTESIAN_POINT ( 'NONE',  ( 2.222935200663999744, -10.52621077635999747, 0.6177242752703995254 ) ) ;
#3052 = VERTEX_POINT ( 'NONE', #2801 ) ;
#3053 = MECHANICAL_DESIGN_GEOMETRIC_PRESENTATION_REPRESENTATION (  '', ( #5983 ), #4567 ) ;
#3054 = MECHANICAL_DESIGN_GEOMETRIC_PRESENTATION_REPRESENTATION (  '', ( #23 ), #1838 ) ;
#3055 = CARTESIAN_POINT ( 'NONE',  ( 1.968838021156563034, -8.750418145351064325, 0.5801539581821909541 ) ) ;
#3056 = FILL_AREA_STYLE ('',( #1119 ) ) ;
#3057 = CARTESIAN_POINT ( 'NONE',  ( -1.731659201820999083, -9.648692054964994824, -0.5934299483188006930 ) ) ;
#3058 = SURFACE_STYLE_USAGE ( .BOTH. , #2161 ) ;
#3059 = CARTESIAN_POINT ( 'NONE',  ( -1.980141416586001624, -8.762367759446005877, -0.5179905575347003577 ) ) ;
#3060 = CIRCLE ( 'NONE', #713, 0.3499983699158001893 ) ;
#3061 = EDGE_CURVE ( 'NONE', #3108, #480, #5082, .T. ) ;
#3062 = MECHANICAL_DESIGN_GEOMETRIC_PRESENTATION_REPRESENTATION (  '', ( #2243 ), #3878 ) ;
#3063 = CARTESIAN_POINT ( 'NONE',  ( -3.326007239385008418, -2.130893865529825071, -0.3237351769315401917 ) ) ;
#3064 = CARTESIAN_POINT ( 'NONE',  ( -2.029784595007730008, -10.22909645549522928, -0.7228626676725825595 ) ) ;
#3065 = CARTESIAN_POINT ( 'NONE',  ( -2.357187630860998251, -8.956583843538998835, -0.8511418779720996142 ) ) ;
#3066 = COLOUR_RGB ( '',0.9411764705882352811, 0.9921568627450980671, 0.007843137254901960675 ) ;
#3067 = DIRECTION ( 'NONE',  ( -1.113267123333282835E-05, 0.000000000000000000, 0.9999999999380319027 ) ) ;
#3068 = EDGE_CURVE ( 'NONE', #254, #2501, #3786, .T. ) ;
#3069 = PRODUCT_DEFINITION ( 'UNKNOWN', '', #118, #3776 ) ;
#3070 = MECHANICAL_DESIGN_GEOMETRIC_PRESENTATION_REPRESENTATION (  '', ( #2145 ), #836 ) ;
#3071 = CARTESIAN_POINT ( 'NONE',  ( 0.000000000000000000, 0.000000000000000000, 0.3499999999999999778 ) ) ;
#3072 = CARTESIAN_POINT ( 'NONE',  ( -1.756382532447186673, -9.144232981867887133, -0.8137650066101043134 ) ) ;
#3073 = CARTESIAN_POINT ( 'NONE',  ( -2.226522447442404573, -10.50795331100981400, -0.5538499632948755691 ) ) ;
#3074 = CARTESIAN_POINT ( 'NONE',  ( 1.956263890979000664, -8.749654531688003445, 0.5986201527338000927 ) ) ;
#3075 = CARTESIAN_POINT ( 'NONE',  ( -1.631438994918998242, -1.058973962461999818, -0.4541795883786001742 ) ) ;
#3076 = UNCERTAINTY_MEASURE_WITH_UNIT (LENGTH_MEASURE( 1.000000000000000082E-05 ), #4050, 'distance_accuracy_value', 'NONE');
#3077 = CARTESIAN_POINT ( 'NONE',  ( 1.528000000000000025, -1.837987887326999914, 0.5999999999999999778 ) ) ;
#3078 = CARTESIAN_POINT ( 'NONE',  ( 3.296753491493997767, -1.443204236122999307, 0.6717239577386002747 ) ) ;
#3079 = CARTESIAN_POINT ( 'NONE',  ( 2.223000000000000309, -17.60500000000000043, 0.5999999999999999778 ) ) ;
#3080 = EDGE_LOOP ( 'NONE', ( #3142, #1563, #2015 ) ) ;
#3081 = FILL_AREA_STYLE_COLOUR ( '', #5301 ) ;
#3082 = ORIENTED_EDGE ( 'NONE', *, *, #3904, .F. ) ;
#3083 = CARTESIAN_POINT ( 'NONE',  ( 1.991232123183958036, -8.761615088093876125, 0.5213704898061348736 ) ) ;
#3084 = CARTESIAN_POINT ( 'NONE',  ( -1.992892121395999139, -9.232064393883007369, -0.7343320719078001435 ) ) ;
#3085 = CARTESIAN_POINT ( 'NONE',  ( 2.478000000000000203, -10.00500000000000078, 0.5999999999999999778 ) ) ;
#3086 = B_SPLINE_CURVE_WITH_KNOTS ( 'NONE', 3,
 ( #5474, #3063, #551, #2470, #3004, #2503, #4892, #2936, #517, #4859, #2107, #5414, #181, #1511, #582, #2536, #1124, #5922, #4046, #3927, #2054, #5452, #2023, #2972, #3956, #4992, #3032, #98, #4467, #4962, #4527, #610, #5887, #4502, #1001, #4438, #154, #4408, #124, #5376, #2085 ),
 .UNSPECIFIED., .F., .F.,
 ( 4, 2, 1, 2, 2, 2, 1, 1, 1, 2, 2, 1, 1, 2, 2, 2, 1, 2, 2, 2, 2, 2, 2, 4 ),
 ( 0.000000000000000000, 0.06250000000000162370, 0.09375000000000237310, 0.1093750000000026923, 0.1250000000000029976, 0.2500000000000044964, 0.3125000000000048850, 0.3437500000000046629, 0.3593750000000043299, 0.3671875000000042188, 0.3750000000000040523, 0.4375000000000042744, 0.4687500000000043299, 0.4843750000000044409, 0.5000000000000044409, 0.5625000000000053291, 0.5937500000000058842, 0.6093750000000062172, 0.6250000000000064393, 0.6875000000000054401, 0.7500000000000043299, 0.8125000000000033307, 0.8750000000000023315, 1.000000000000000000 ),
 .UNSPECIFIED. ) ;
#3087 =( LENGTH_UNIT ( ) NAMED_UNIT ( * ) SI_UNIT ( .MILLI., .METRE. ) );
#3088 = CARTESIAN_POINT ( 'NONE',  ( -1.963621551733998771, -8.753581461788003892, -0.5517424918021998081 ) ) ;
#3089 = MECHANICAL_DESIGN_GEOMETRIC_PRESENTATION_REPRESENTATION (  '', ( #864 ), #4620 ) ;
#3090 = CARTESIAN_POINT ( 'NONE',  ( -2.454200328651999552, -10.07699318479999206, -0.3450904220792000432 ) ) ;
#3091 =( NAMED_UNIT ( * ) PLANE_ANGLE_UNIT ( ) SI_UNIT ( $, .RADIAN. ) );
#3092 = CARTESIAN_POINT ( 'NONE',  ( -2.097588378992577773, -10.19523353187517678, -0.7702557407978710691 ) ) ;
#3093 = DIRECTION ( 'NONE',  ( -0.9932438541899430984, 0.000000000000000000, -0.1160458793491049856 ) ) ;
#3094 = DIRECTION ( 'NONE',  ( 0.7071067811865462405, -0.7071067811865487940, 0.000000000000000000 ) ) ;
#3095 = CARTESIAN_POINT ( 'NONE',  ( 1.590529145677143541, -9.948737809756062589, 0.3509033804540135915 ) ) ;
#3096 = STYLED_ITEM ( 'NONE', ( #1763 ), #4841 ) ;
#3097 = FILL_AREA_STYLE ('',( #5509 ) ) ;
#3098 = CARTESIAN_POINT ( 'NONE',  ( -1.988000436274144134, -9.260000000000001563, -0.6357760437868572589 ) ) ;
#3099 = CARTESIAN_POINT ( 'NONE',  ( 2.478000000000000203, -9.259999999999999787, 0.5999999999999999778 ) ) ;
#3100 = CARTESIAN_POINT ( 'NONE',  ( 2.589305696295001180, -8.902938667633003789, 0.3507593960825999835 ) ) ;
#3101 = CARTESIAN_POINT ( 'NONE',  ( -1.560777764942625767, -9.170552040373424418, -0.8415521301757474815 ) ) ;
#3102 = CARTESIAN_POINT ( 'NONE',  ( -1.682344598308999517, -1.360720784185000642, -0.8553151482947000117 ) ) ;
#3103 = MECHANICAL_DESIGN_GEOMETRIC_PRESENTATION_REPRESENTATION (  '', ( #81 ), #566 ) ;
#3104 = AXIS2_PLACEMENT_3D ( 'NONE', #191, #308, #3105 ) ;
#3105 = DIRECTION ( 'NONE',  ( -8.981870509352150552E-06, -0.9999999999566878683, -2.439339373061316377E-06 ) ) ;
#3106 = PRESENTATION_STYLE_ASSIGNMENT (( #3593 ) ) ;
#3107 = CARTESIAN_POINT ( 'NONE',  ( -2.287766468245723939, -8.624588379231937552, -0.7702557409334594984 ) ) ;
#3108 = VERTEX_POINT ( 'NONE', #4297 ) ;
#3109 = CARTESIAN_POINT ( 'NONE',  ( 1.457690700247999294, -9.722640233291002687, 0.8800534734719994701 ) ) ;
#3110 = DIRECTION ( 'NONE',  ( 9.046928064873922318E-08, -0.9999999999999958922, 7.661321819866940359E-13 ) ) ;
#3111 = ORIENTED_EDGE ( 'NONE', *, *, #3919, .F. ) ;
#3112 = CARTESIAN_POINT ( 'NONE',  ( -1.982078511535998455, -9.208560812822994990, -0.7847609880529000659 ) ) ;
#3113 = DIRECTION ( 'NONE',  ( -0.8451508154010036744, -0.5345279218404018762, 0.000000000000000000 ) ) ;
#3114 = CARTESIAN_POINT ( 'NONE',  ( -2.006518878778999593, -8.776317885437993738, -0.4845146732903002906 ) ) ;
#3115 = CARTESIAN_POINT ( 'NONE',  ( -3.428030617538000424, -1.809002796921000078, -0.5795576480193999069 ) ) ;
#3116 = CARTESIAN_POINT ( 'NONE',  ( -2.333021689284998867, -10.31543431750000472, -0.3891163857774002088 ) ) ;
#3117 = SURFACE_SIDE_STYLE ('',( #2713 ) ) ;
#3118 = CARTESIAN_POINT ( 'NONE',  ( -1.721560494210943260, -9.517929949398109102, -0.6822873730917506929 ) ) ;
#3119 = CARTESIAN_POINT ( 'NONE',  ( -2.429030396171999229, -8.831173041807000246, -0.8047952680186003516 ) ) ;
#3120 = CARTESIAN_POINT ( 'NONE',  ( 1.914649037716001034, -9.794610449217014292, 0.7460732906457995250 ) ) ;
#3121 = CARTESIAN_POINT ( 'NONE',  ( -2.389282211038503689, -8.827559736598834306, -0.3609218981599210396 ) ) ;
#3122 = EDGE_CURVE ( 'NONE', #2035, #5736, #6062, .T. ) ;
#3123 = DIRECTION ( 'NONE',  ( 1.000000000000000000, 0.000000000000000000, 0.000000000000000000 ) ) ;
#3124 = DIRECTION ( 'NONE',  ( -2.439361282379121616E-06, -2.439361282186271696E-06, -0.9999999999940496487 ) ) ;
#3125 = CARTESIAN_POINT ( 'NONE',  ( -1.477999999999999980, -10.00500000000000078, -0.5999999999999999778 ) ) ;
#3126 = SURFACE_STYLE_USAGE ( .BOTH. , #3740 ) ;
#3127 = CARTESIAN_POINT ( 'NONE',  ( 2.226282522218001603, -8.483617247039994425, 0.5508987371532001465 ) ) ;
#3128 = CARTESIAN_POINT ( 'NONE',  ( -1.605625209600614278, -9.260247163905221512, -0.8213079399038939465 ) ) ;
#3129 = CARTESIAN_POINT ( 'NONE',  ( -1.544393676984999075, -1.332973621762001182, -0.5525157256742004863 ) ) ;
#3130 = UNCERTAINTY_MEASURE_WITH_UNIT (LENGTH_MEASURE( 1.000000000000000082E-05 ), #4543, 'distance_accuracy_value', 'NONE');
#3131 = VECTOR ( 'NONE', #4468, 1000.000000000000000 ) ;
#3132 = PRESENTATION_STYLE_ASSIGNMENT (( #6011 ) ) ;
#3133 = CARTESIAN_POINT ( 'NONE',  ( 3.396870072994000012, -1.966475900868000171, 0.4594852999515999792 ) ) ;
#3134 = SURFACE_STYLE_FILL_AREA ( #1703 ) ;
#3135 = CARTESIAN_POINT ( 'NONE',  ( -2.243151775791623503, -8.535304228992615094, -0.6997179808489557562 ) ) ;
#3136 = EDGE_LOOP ( 'NONE', ( #2297, #5411, #3235, #4090, #2585 ) ) ;
#3137 = SURFACE_SIDE_STYLE ('',( #4517 ) ) ;
#3138 = CARTESIAN_POINT ( 'NONE',  ( -3.544768723133952637, -1.538969197037861614, -0.5385060326557965515 ) ) ;
#3139 = ADVANCED_FACE ( 'NONE', ( #1940 ), #6034, .T. ) ;
#3140 = ORIENTED_EDGE ( 'NONE', *, *, #3061, .T. ) ;
#3141 = TOROIDAL_SURFACE ( 'NONE', #3466, 0.5999999999999999778, 0.3499999999999999778 ) ;
#3142 = ORIENTED_EDGE ( 'NONE', *, *, #3826, .T. ) ;
#3143 = CARTESIAN_POINT ( 'NONE',  ( -1.887436874300999712, -1.292483831701000119, -0.7199356281588999984 ) ) ;
#3144 = DIRECTION ( 'NONE',  ( 0.000000000000000000, 0.000000000000000000, -1.000000000000000000 ) ) ;
#3145 = CARTESIAN_POINT ( 'NONE',  ( -1.449966415310002255, -9.680222437665992885, -0.1662405884504000730 ) ) ;
#3146 = SURFACE_STYLE_USAGE ( .BOTH. , #5449 ) ;
#3147 = SURFACE_STYLE_USAGE ( .BOTH. , #1040 ) ;
#3148 = CARTESIAN_POINT ( 'NONE',  ( -2.167565682501999103, -8.860021689288013036, -0.3891163857756003153 ) ) ;
#3149 = STYLED_ITEM ( 'NONE', ( #1909 ), #2308 ) ;
#3150 = CARTESIAN_POINT ( 'NONE',  ( 3.323041927101903603, -2.135582369145041959, 0.3174229412816221840 ) ) ;
#3151 = CARTESIAN_POINT ( 'NONE',  ( 2.396585609647767789, -8.842204394717375848, 0.3583148887801209659 ) ) ;
#3152 = CARTESIAN_POINT ( 'NONE',  ( -3.337894760155002416, -1.541013902744998276, -0.8589696521048997280 ) ) ;
#3153 = COLOUR_RGB ( '',0.9411764705882352811, 0.9921568627450980671, 0.007843137254901960675 ) ;
#3154 = CARTESIAN_POINT ( 'NONE',  ( -1.597082259943720883, -9.945457083136881593, -0.8483682525648031936 ) ) ;
#3155 =( NAMED_UNIT ( * ) PLANE_ANGLE_UNIT ( ) SI_UNIT ( $, .RADIAN. ) );
#3156 = CARTESIAN_POINT ( 'NONE',  ( 1.634561074674405701, -9.926721797380366752, 0.3569974988231351953 ) ) ;
#3157 = ADVANCED_FACE ( 'NONE', ( #5335 ), #1283, .F. ) ;
#3158 = CIRCLE ( 'NONE', #1328, 0.2550000000000000600 ) ;
#3159 =( NAMED_UNIT ( * ) SI_UNIT ( $, .STERADIAN. ) SOLID_ANGLE_UNIT ( ) );
#3160 =( GEOMETRIC_REPRESENTATION_CONTEXT ( 3 ) GLOBAL_UNCERTAINTY_ASSIGNED_CONTEXT ( ( #1734 ) ) GLOBAL_UNIT_ASSIGNED_CONTEXT ( ( #5179, #3829, #2840 ) ) REPRESENTATION_CONTEXT ( 'NONE', 'WORKASPACE' ) );
#3161 = CARTESIAN_POINT ( 'NONE',  ( 2.269365943183001999, -10.14801208729000237, 0.4336625890439997355 ) ) ;
#3162 = CARTESIAN_POINT ( 'NONE',  ( 2.546613743938998198, -8.742558259890003569, 0.2907828574230001961 ) ) ;
#3163 = DIRECTION ( 'NONE',  ( -1.000000000000000000, 0.000000000000000000, 0.000000000000000000 ) ) ;
#3164 = CARTESIAN_POINT ( 'NONE',  ( -1.582886981380001723, -1.361748431726999664, -0.3152216686534998757 ) ) ;
#3165 = MECHANICAL_DESIGN_GEOMETRIC_PRESENTATION_REPRESENTATION (  '', ( #5909 ), #334 ) ;
#3166 = DIRECTION ( 'NONE',  ( -0.000000000000000000, 0.000000000000000000, 1.000000000000000000 ) ) ;
#3167 = CARTESIAN_POINT ( 'NONE',  ( -1.726231077778999978, -9.501290569681001941, -0.5409490519738999748 ) ) ;
#3168 = SURFACE_STYLE_USAGE ( .BOTH. , #3649 ) ;
#3169 = CARTESIAN_POINT ( 'NONE',  ( 2.148265767062733200, -10.16987027290088719, 0.4054600902275499741 ) ) ;
#3170 = ORIENTED_EDGE ( 'NONE', *, *, #3068, .T. ) ;
#3171 = STYLED_ITEM ( 'NONE', ( #2014 ), #6070 ) ;
#3172 =( LENGTH_UNIT ( ) NAMED_UNIT ( * ) SI_UNIT ( .MILLI., .METRE. ) );
#3173 = PRESENTATION_STYLE_ASSIGNMENT (( #2731 ) ) ;
#3174 =( GEOMETRIC_REPRESENTATION_CONTEXT ( 3 ) GLOBAL_UNCERTAINTY_ASSIGNED_CONTEXT ( ( #351 ) ) GLOBAL_UNIT_ASSIGNED_CONTEXT ( ( #3172, #5009, #6246 ) ) REPRESENTATION_CONTEXT ( 'NONE', 'WORKASPACE' ) );
#3175 = CARTESIAN_POINT ( 'NONE',  ( 2.230035814903002400, -10.36647902555999678, 0.6003931927234005261 ) ) ;
#3176 = EDGE_CURVE ( 'NONE', #1649, #348, #6225, .T. ) ;
#3177 = ORIENTED_EDGE ( 'NONE', *, *, #1853, .F. ) ;
#3178 = ORIENTED_EDGE ( 'NONE', *, *, #1479, .F. ) ;
#3179 = CARTESIAN_POINT ( 'NONE',  ( -1.952620904188000051, -1.170487582679999861, -0.6299195709947000843 ) ) ;
#3180 = CARTESIAN_POINT ( 'NONE',  ( 0.000000000000000000, 0.000000000000000000, -0.3499999999999999778 ) ) ;
#3181 = ADVANCED_FACE ( 'NONE', ( #3408 ), #2627, .F. ) ;
#3182 = CARTESIAN_POINT ( 'NONE',  ( -1.357296826720002292, -9.765723832578002472, -0.1117480690759999895 ) ) ;
#3183 = CARTESIAN_POINT ( 'NONE',  ( -1.733196762643000044, -9.504953140598999539, -0.6000002263410000314 ) ) ;
#3184 = CARTESIAN_POINT ( 'NONE',  ( -2.473949219277999934, -9.015261671529003706, -0.3448092480361000800 ) ) ;
#3185 = ORIENTED_EDGE ( 'NONE', *, *, #245, .F. ) ;
#3186 = B_SPLINE_CURVE_WITH_KNOTS ( 'NONE', 3,
 ( #6109, #3303, #401, #5638, #2351, #3231, #813, #1924, #5863, #3869, #5356, #2542, #4475, #559, #4380, #1999, #1011, #2032, #3903, #5829, #2945, #3398, #103, #5792, #1077, #2510 ),
 .UNSPECIFIED., .F., .F.,
 ( 4, 2, 2, 2, 2, 1, 1, 2, 2, 2, 1, 1, 2, 2, 4 ),
 ( 0.000000000000000000, 0.1250000000000063283, 0.1875000000000076050, 0.2500000000000088818, 0.3750000000000092704, 0.4375000000000090483, 0.4687500000000106026, 0.4843750000000104361, 0.5000000000000102141, 0.6250000000000063283, 0.6875000000000043299, 0.7187500000000034417, 0.7343750000000011102, 0.7499999999999987788, 1.000000000000000000 ),
 .UNSPECIFIED. ) ;
#3187 = CARTESIAN_POINT ( 'NONE',  ( 2.702176002051844605, -2.881367580774291337, -0.08219631729479361104 ) ) ;
#3188 = CARTESIAN_POINT ( 'NONE',  ( -2.375938666127001664, -9.893694306783997305, -0.3507593966981998324 ) ) ;
#3189 = CARTESIAN_POINT ( 'NONE',  ( 2.439896236574560451, -8.928972384005080087, 0.3473904741433533339 ) ) ;
#3190 = CARTESIAN_POINT ( 'NONE',  ( -2.511121221459001518, -8.721815257084005069, -0.8888113441053000496 ) ) ;
#3191 = CARTESIAN_POINT ( 'NONE',  ( 1.481886794661000373, -10.01534373031000058, 0.8551876247042999868 ) ) ;
#3192 = CARTESIAN_POINT ( 'NONE',  ( -2.439896241120772302, -8.928972392006976122, -0.3473904734665571037 ) ) ;
#3193 = AXIS2_PLACEMENT_3D ( 'NONE', #2414, #5288, #2089 ) ;
#3194 = EDGE_CURVE ( 'NONE', #1644, #4125, #6053, .T. ) ;
#3195 = SURFACE_STYLE_FILL_AREA ( #1249 ) ;
#3196 = CARTESIAN_POINT ( 'NONE',  ( 2.267610449238000037, -10.44164903772999331, 0.4539267093514997020 ) ) ;
#3197 = CARTESIAN_POINT ( 'NONE',  ( 1.548745986866998825, -9.169944514814002190, 0.3542909110860999466 ) ) ;
#3198 =( NAMED_UNIT ( * ) SI_UNIT ( $, .STERADIAN. ) SOLID_ANGLE_UNIT ( ) );
#3199 = CARTESIAN_POINT ( 'NONE',  ( -1.672973831420999646, -1.338179248277999944, -0.7998699731870003715 ) ) ;
#3200 = SURFACE_STYLE_USAGE ( .BOTH. , #2753 ) ;
#3201 = CARTESIAN_POINT ( 'NONE',  ( 1.836999838502999971, -3.211812836983999997, 0.6000000022515000753 ) ) ;
#3202 = MECHANICAL_DESIGN_GEOMETRIC_PRESENTATION_REPRESENTATION (  '', ( #4918 ), #259 ) ;
#3203 = DIRECTION ( 'NONE',  ( -0.2256894177931010603, -0.9741993054279043385, -3.919877762623016463E-09 ) ) ;
#3204 = ORIENTED_EDGE ( 'NONE', *, *, #245, .T. ) ;
#3205 = CARTESIAN_POINT ( 'NONE',  ( 1.318637709266999414, -9.803630656228001783, 1.104428156525999682 ) ) ;
#3206 = CARTESIAN_POINT ( 'NONE',  ( -1.531997388805000027, -9.897004057691999535, -0.3504784994876999904 ) ) ;
#3207 =( NAMED_UNIT ( * ) PLANE_ANGLE_UNIT ( ) SI_UNIT ( $, .RADIAN. ) );
#3208 = CARTESIAN_POINT ( 'NONE',  ( 2.250198796238000121, -10.21080745838000681, 0.7344776855937996674 ) ) ;
#3209 = UNCERTAINTY_MEASURE_WITH_UNIT (LENGTH_MEASURE( 1.000000000000000082E-05 ), #342, 'distance_accuracy_value', 'NONE');
#3210 =( GEOMETRIC_REPRESENTATION_CONTEXT ( 3 ) GLOBAL_UNCERTAINTY_ASSIGNED_CONTEXT ( ( #2254 ) ) GLOBAL_UNIT_ASSIGNED_CONTEXT ( ( #1394, #5665, #4220 ) ) REPRESENTATION_CONTEXT ( 'NONE', 'WORKASPACE' ) );
#3211 = VERTEX_POINT ( 'NONE', #679 ) ;
#3212 = ORIENTED_EDGE ( 'NONE', *, *, #4311, .F. ) ;
#3213 = CARTESIAN_POINT ( 'NONE',  ( 2.478000000000000203, -17.60500000000000043, 0.5999999999999999778 ) ) ;
#3214 =( LENGTH_UNIT ( ) NAMED_UNIT ( * ) SI_UNIT ( .MILLI., .METRE. ) );
#3215 = CARTESIAN_POINT ( 'NONE',  ( 1.993253477588000200, -9.753114308775000296, 0.5547340038985999477 ) ) ;
#3216 = MECHANICAL_DESIGN_GEOMETRIC_PRESENTATION_REPRESENTATION (  '', ( #5232 ), #2612 ) ;
#3217 = CARTESIAN_POINT ( 'NONE',  ( -1.651961845623000524, -9.929682884105996976, -0.8443914428719998533 ) ) ;
#3218 = CARTESIAN_POINT ( 'NONE',  ( -2.420624389641000906, -8.675119491182005760, -0.3725400342615999838 ) ) ;
#3219 = ORIENTED_EDGE ( 'NONE', *, *, #1479, .T. ) ;
#3220 = CARTESIAN_POINT ( 'NONE',  ( -1.477999999999999980, -10.00500000000000078, -0.5999999999999999778 ) ) ;
#3221 = FILL_AREA_STYLE ('',( #234 ) ) ;
#3222 = CARTESIAN_POINT ( 'NONE',  ( 2.312330751531471495, -8.673664416365371110, 0.4061331501029309399 ) ) ;
#3223 = CARTESIAN_POINT ( 'NONE',  ( -3.388235067923002664, -1.343617895158999875, -0.5938301754055995696 ) ) ;
#3224 = CARTESIAN_POINT ( 'NONE',  ( -2.329222122160001351, -8.641482128477003144, -0.7470063485071005704 ) ) ;
#3225 =( NAMED_UNIT ( * ) SI_UNIT ( $, .STERADIAN. ) SOLID_ANGLE_UNIT ( ) );
#3226 = PRESENTATION_STYLE_ASSIGNMENT (( #1313 ) ) ;
#3227 =( NAMED_UNIT ( * ) PLANE_ANGLE_UNIT ( ) SI_UNIT ( $, .RADIAN. ) );
#3228 = CARTESIAN_POINT ( 'NONE',  ( 1.725877219794999862, -9.309315831182995993, 0.5295189553625000434 ) ) ;
#3229 = CARTESIAN_POINT ( 'NONE',  ( -1.720742079387172385, -9.490482202921374011, -0.6802422600257282959 ) ) ;
#3230 = CARTESIAN_POINT ( 'NONE',  ( -1.709828480905001502, -9.482442022139995430, -0.4912199003265999564 ) ) ;
#3231 = CARTESIAN_POINT ( 'NONE',  ( -1.955368458311896207, -9.243695293166066307, -0.5097979018412184260 ) ) ;
#3232 = CARTESIAN_POINT ( 'NONE',  ( -1.477999999999999980, -9.005002840759999572, -0.3450000000158000013 ) ) ;
#3233 = DIRECTION ( 'NONE',  ( -0.9741993480662116678, -0.2256892337427025275, 0.000000000000000000 ) ) ;
#3234 = CARTESIAN_POINT ( 'NONE',  ( -2.089188964786284686, -10.19940779843964407, -0.4339904389347428171 ) ) ;
#3235 = ORIENTED_EDGE ( 'NONE', *, *, #2858, .T. ) ;
#3236 = CARTESIAN_POINT ( 'NONE',  ( 2.006074464117000744, -1.378249296248998945, 0.9472705431475990645 ) ) ;
#3237 = FACE_OUTER_BOUND ( 'NONE', #2791, .T. ) ;
#3238 = DIRECTION ( 'NONE',  ( 0.9999857537854633938, 0.005337810985640812148, 0.000000000000000000 ) ) ;
#3239 = CARTESIAN_POINT ( 'NONE',  ( 2.278848376329998260, -9.839232562809003824, 0.9543905566881003555 ) ) ;
#3240 = EDGE_CURVE ( 'NONE', #5333, #3753, #5059, .T. ) ;
#3241 =( BOUNDED_CURVE ( )  B_SPLINE_CURVE ( 3, ( #3963, #4868, #1518, #1486, #36, #588, #3467, #3937, #4346, #1964, #2914, #525, #5894, #5930, #2062, #3011, #2479 ),
 .UNSPECIFIED., .F., .T. ) 
 B_SPLINE_CURVE_WITH_KNOTS ( ( 4, 1, 1, 1, 1, 1, 1, 1, 1, 1, 1, 1, 1, 1, 4 ),
 ( 0.000000000000000000, 0.1075390335346258913, 0.1900746862707038687, 0.2594545246438417774, 0.3274086610767940053, 0.4018867167690133857, 0.4801748397768275667, 0.5572954701272461175, 0.6294523122384402258, 0.7069762475499479226, 0.7852978588618787503, 0.8563010290296302340, 0.9186306373091622790, 0.9746380057718557754, 1.000000000000000000 ),
 .UNSPECIFIED. ) 
 CURVE ( )  GEOMETRIC_REPRESENTATION_ITEM ( )  RATIONAL_B_SPLINE_CURVE ( ( 1.171569601901859548, 1.171569601901859548, 1.171569601901859548, 1.171569601901859548, 1.171569601901859548, 1.171569601901859548, 1.171569601901859548, 1.171569601901859548, 1.171569601901859548, 1.171569601901859548, 1.171569601901859548, 1.171569601901859548, 1.171569601901859548, 1.171569601901859548, 1.171569601901859548, 1.171569601901859770, 1.171569601901859548 ) ) 
 REPRESENTATION_ITEM ( '' )  );
#3242 = VERTEX_POINT ( 'NONE', #4685 ) ;
#3243 = VERTEX_POINT ( 'NONE', #1256 ) ;
#3244 = CARTESIAN_POINT ( 'NONE',  ( -3.117499718094999483, -1.374509026231000686, -0.7013750737232000709 ) ) ;
#3245 = DIRECTION ( 'NONE',  ( 0.000000000000000000, 1.000000000000000000, 0.000000000000000000 ) ) ;
#3246 = CARTESIAN_POINT ( 'NONE',  ( 1.756408905756001726, -9.762814923803006195, 0.5056420057735003804 ) ) ;
#3247 = CARTESIAN_POINT ( 'NONE',  ( -1.369808824309999951, -9.906422288885003979, -0.8494633877447000936 ) ) ;
#3248 = B_SPLINE_CURVE_WITH_KNOTS ( 'NONE', 3,
 ( #797, #2742, #2133, #5047, #6064, #4609, #694, #2199, #3634, #4673, #331, #2266, #4207, #4132, #1719, #392, #6261, #4828, #3350, #1342, #4739, #3290, #5213, #5655, #3254, #1306, #482, #1850, #2900, #4239, #3323, #5243, #1910, #2372, #2430, #361, #4772, #6129, #1790, #1442, #5687 ),
 .UNSPECIFIED., .F., .F.,
 ( 4, 2, 2, 1, 2, 2, 2, 2, 2, 2, 2, 2, 2, 2, 2, 2, 2, 2, 2, 2, 4 ),
 ( 0.000000000000000000, 0.06250000000001632028, 0.09375000000002418898, 0.1093750000000287131, 0.1171875000000307115, 0.1250000000000327238, 0.1875000000000313916, 0.2187500000000304756, 0.2343750000000299760, 0.2421875000000293932, 0.2500000000000288103, 0.3125000000000250910, 0.3750000000000213718, 0.4375000000000176525, 0.4687500000000160427, 0.5000000000000144329, 0.6250000000000098810, 0.6875000000000072164, 0.7187500000000059952, 0.7500000000000048850, 1.000000000000000000 ),
 .UNSPECIFIED. ) ;
#3249 = CARTESIAN_POINT ( 'NONE',  ( 2.335947205542368899, -3.185424090690233356, -0.03204364000820270758 ) ) ;
#3250 = PRESENTATION_LAYER_ASSIGNMENT (  '', '', ( #5473 ) ) ;
#3251 = EDGE_LOOP ( 'NONE', ( #40, #4599, #5716, #3368, #5853, #476 ) ) ;
#3252 = SURFACE_STYLE_USAGE ( .BOTH. , #5653 ) ;
#3253 = SURFACE_STYLE_USAGE ( .BOTH. , #5654 ) ;
#3254 = CARTESIAN_POINT ( 'NONE',  ( -1.732765868006409304, -1.236015993549985481, -0.6000173367897658760 ) ) ;
#3255 = CARTESIAN_POINT ( 'NONE',  ( -3.420046218136002736, -1.813828222351000052, -0.4676367892989998221 ) ) ;
#3256 = CARTESIAN_POINT ( 'NONE',  ( 2.187707899905213527, -10.15017515797375047, 0.8101617781384106154 ) ) ;
#3257 = PRESENTATION_STYLE_ASSIGNMENT (( #2652 ) ) ;
#3258 = AXIS2_PLACEMENT_3D ( 'NONE', #511, #4959, #608 ) ;
#3259 = EDGE_CURVE ( 'NONE', #2797, #3456, #2171, .T. ) ;
#3260 = CIRCLE ( 'NONE', #820, 0.9499999999999998446 ) ;
#3261 = CARTESIAN_POINT ( 'NONE',  ( 2.476023563513000347, -9.016298781590993627, 0.8551449269681001830 ) ) ;
#3262 = SURFACE_SIDE_STYLE ('',( #1215 ) ) ;
#3263 = CARTESIAN_POINT ( 'NONE',  ( -1.988000091645608869, -9.750001099358103218, -0.5955968465105943022 ) ) ;
#3264 = CARTESIAN_POINT ( 'NONE',  ( 2.300688820903999510, -10.06265833432000001, 0.3983272416925997539 ) ) ;
#3265 = CARTESIAN_POINT ( 'NONE',  ( 1.721539524639001284, -9.279469580343004509, 0.5077091510344002856 ) ) ;
#3266 = ADVANCED_FACE ( 'NONE', ( #710 ), #2214, .F. ) ;
#3267 = CARTESIAN_POINT ( 'NONE',  ( 1.908275928446044878, -9.220163383444768712, 0.4619624007827810019 ) ) ;
#3268 = CARTESIAN_POINT ( 'NONE',  ( 1.597082258176303782, -9.945457081460240545, 0.8483682521621573880 ) ) ;
#3269 = CARTESIAN_POINT ( 'NONE',  ( -2.238033527077031515, -10.12501774278661237, -0.3745095421534559432 ) ) ;
#3270 = ORIENTED_EDGE ( 'NONE', *, *, #1117, .T. ) ;
#3271 = CARTESIAN_POINT ( 'NONE',  ( 1.694710554522997681, -1.244394948564000014, 0.6803486085810004358 ) ) ;
#3272 = CARTESIAN_POINT ( 'NONE',  ( -1.710846489381999902, -9.539288996905000317, -0.4944987739839999397 ) ) ;
#3273 = DIRECTION ( 'NONE',  ( -1.872657100268905372E-05, -0.9741992899029503494, -0.2256894840303885763 ) ) ;
#3274 = CARTESIAN_POINT ( 'NONE',  ( 1.970594539131002687, -10.21527048763999801, 0.7713860147655999810 ) ) ;
#3275 = STYLED_ITEM ( 'NONE', ( #5898 ), #5567 ) ;
#3276 = UNCERTAINTY_MEASURE_WITH_UNIT (LENGTH_MEASURE( 1.000000000000000082E-05 ), #1311, 'distance_accuracy_value', 'NONE');
#3277 = PRESENTATION_LAYER_ASSIGNMENT (  '', '', ( #725 ) ) ;
#3278 = CARTESIAN_POINT ( 'NONE',  ( 3.497916374943998097, -1.202495243068000041, 0.6001225959653000430 ) ) ;
#3279 = MECHANICAL_DESIGN_GEOMETRIC_PRESENTATION_REPRESENTATION (  '', ( #1044 ), #1345 ) ;
#3280 = EDGE_LOOP ( 'NONE', ( #5518, #6180, #4119, #5438, #4203, #5966, #287, #3569, #786, #3422, #4943 ) ) ;
#3281 = CARTESIAN_POINT ( 'NONE',  ( -2.999315786845999643, -1.378506484269999444, -0.9497244172040996135 ) ) ;
#3282 = CARTESIAN_POINT ( 'NONE',  ( 1.645809318977000002, -9.669383202424999268, 0.4074906759863999861 ) ) ;
#3283 = CARTESIAN_POINT ( 'NONE',  ( 1.449966415310002255, -9.680222437665992885, 0.1662405884501000075 ) ) ;
#3284 = CARTESIAN_POINT ( 'NONE',  ( -1.999146465281997465, -9.749969886374994843, -0.6189539626025996055 ) ) ;
#3285 = CARTESIAN_POINT ( 'NONE',  ( 3.479664058306000118, -1.200899354716999934, 0.5999998206186999417 ) ) ;
#3286 = COLOUR_RGB ( '',0.8039215686274510109, 0.8039215686274510109, 0.8039215686274510109 ) ;
#3287 = ORIENTED_EDGE ( 'NONE', *, *, #992, .F. ) ;
#3288 = CARTESIAN_POINT ( 'NONE',  ( 2.756218211178417032, -2.829497284598471385, -0.07452166967917216167 ) ) ;
#3289 = SURFACE_STYLE_FILL_AREA ( #5309 ) ;
#3290 = CARTESIAN_POINT ( 'NONE',  ( -1.803696527421283946, -1.178307729371086410, -0.5999601941036555308 ) ) ;
#3291 = SURFACE_STYLE_FILL_AREA ( #870 ) ;
#3292 = DIRECTION ( 'NONE',  ( -1.000000000000000000, 0.000000000000000000, 0.000000000000000000 ) ) ;
#3293 = VERTEX_POINT ( 'NONE', #5639 ) ;
#3294 = CARTESIAN_POINT ( 'NONE',  ( 1.962746522880001843, -8.753114308121000775, 0.6452659959697999437 ) ) ;
#3295 = COLOUR_RGB ( '',0.9411764705882352811, 0.9921568627450980671, 0.007843137254901960675 ) ;
#3296 = CARTESIAN_POINT ( 'NONE',  ( 2.456446425438094661, -8.994225642044057167, 0.8549988688376211066 ) ) ;
#3297 = CARTESIAN_POINT ( 'NONE',  ( -1.981813681700600682, -9.753094345882997729, -0.5567142132069370364 ) ) ;
#3298 = CARTESIAN_POINT ( 'NONE',  ( -2.302116382574999953, -9.820729069644006159, -1.123032567604000276 ) ) ;
#3299 = CARTESIAN_POINT ( 'NONE',  ( 1.839408368544998673, -9.252931785980997859, 0.6019872318696000146 ) ) ;
#3300 =( NAMED_UNIT ( * ) PLANE_ANGLE_UNIT ( ) SI_UNIT ( $, .RADIAN. ) );
#3301 = COLOUR_RGB ( '',0.8039215686274510109, 0.8039215686274510109, 0.8039215686274510109 ) ;
#3302 = AXIS2_PLACEMENT_3D ( 'NONE', #4997, #1183, #2598 ) ;
#3303 = CARTESIAN_POINT ( 'NONE',  ( -1.988000227977982703, -9.260000000000001563, -0.5818320676516043344 ) ) ;
#3304 = CARTESIAN_POINT ( 'NONE',  ( 1.710462771802560678, -9.121255087358276725, 0.3728085061310313364 ) ) ;
#3305 = AXIS2_PLACEMENT_3D ( 'NONE', #3585, #184, #2139 ) ;
#3306 = CARTESIAN_POINT ( 'NONE',  ( -3.950000000000000178, 0.000000000000000000, 0.3499999999999999778 ) ) ;
#3307 = ORIENTED_EDGE ( 'NONE', *, *, #2407, .T. ) ;
#3308 = CARTESIAN_POINT ( 'NONE',  ( 1.832962770598998592, -1.369561409053999590, 1.076083471834000216 ) ) ;
#3309 = SURFACE_SIDE_STYLE ('',( #1226 ) ) ;
#3310 = CARTESIAN_POINT ( 'NONE',  ( 2.375940739625002074, -9.893690325784003647, 0.8492416738131998155 ) ) ;
#3311 = VECTOR ( 'NONE', #3894, 1000.000000000000000 ) ;
#3312 = DIRECTION ( 'NONE',  ( 0.000000000000000000, 0.000000000000000000, -1.000000000000000000 ) ) ;
#3313 = CARTESIAN_POINT ( 'NONE',  ( -2.277769665342002092, -9.840750752762001952, -0.2461544660294999465 ) ) ;
#3314 = ORIENTED_EDGE ( 'NONE', *, *, #1089, .T. ) ;
#3315 = SURFACE_SIDE_STYLE ('',( #2258 ) ) ;
#3316 = DIRECTION ( 'NONE',  ( 0.000000000000000000, -1.000000000000000000, 0.000000000000000000 ) ) ;
#3317 =( LENGTH_UNIT ( ) NAMED_UNIT ( * ) SI_UNIT ( .MILLI., .METRE. ) );
#3318 = CARTESIAN_POINT ( 'NONE',  ( -2.222961564088002273, -8.483423506906000000, -0.5810323245165003314 ) ) ;
#3319 = STYLED_ITEM ( 'NONE', ( #1561 ), #3617 ) ;
#3320 = ORIENTED_EDGE ( 'NONE', *, *, #5106, .F. ) ;
#3321 = SURFACE_STYLE_USAGE ( .BOTH. , #901 ) ;
#3322 =( LENGTH_UNIT ( ) NAMED_UNIT ( * ) SI_UNIT ( .MILLI., .METRE. ) );
#3323 = CARTESIAN_POINT ( 'NONE',  ( -1.645498765538560226, -1.324585492106655549, -0.5999982846858621377 ) ) ;
#3324 = SURFACE_SIDE_STYLE ('',( #3890 ) ) ;
#3325 = SURFACE_SIDE_STYLE ('',( #1382 ) ) ;
#3326 = CARTESIAN_POINT ( 'NONE',  ( 2.471785809691998459, -8.848837995318996619, 0.8192870198112995883 ) ) ;
#3327 = CARTESIAN_POINT ( 'NONE',  ( 2.417964545418668898, -8.974984692395540975, 0.8537840571398047640 ) ) ;
#3328 = EDGE_CURVE ( 'NONE', #5068, #348, #5838, .T. ) ;
#3329 = CYLINDRICAL_SURFACE ( 'NONE', #634, 0.2550000000000000044 ) ;
#3330 = CARTESIAN_POINT ( 'NONE',  ( 1.725963549044002177, -9.366479596959994325, 0.5996068063142000470 ) ) ;
#3331 = PRESENTATION_STYLE_ASSIGNMENT (( #1390 ) ) ;
#3332 = CARTESIAN_POINT ( 'NONE',  ( -2.478000000000000203, -4.839020546151999724, -0.5999999999999999778 ) ) ;
#3333 = ORIENTED_EDGE ( 'NONE', *, *, #4033, .F. ) ;
#3334 = CARTESIAN_POINT ( 'NONE',  ( 1.604061676235999601, -1.158917919168999777, 0.4649626712758002656 ) ) ;
#3335 = CARTESIAN_POINT ( 'NONE',  ( -1.477999999999999980, -10.00500000000000078, -0.5999999999999999778 ) ) ;
#3336 = FACE_OUTER_BOUND ( 'NONE', #2956, .T. ) ;
#3337 = CARTESIAN_POINT ( 'NONE',  ( 2.116507120773000405, -10.01531102272999085, 1.014581912552000809 ) ) ;
#3338 = ADVANCED_FACE ( 'NONE', ( #2148 ), #4702, .T. ) ;
#3339 = FACE_OUTER_BOUND ( 'NONE', #5136, .T. ) ;
#3340 = CARTESIAN_POINT ( 'NONE',  ( -1.956417433006001350, -10.26034453099000032, -0.5986149358462002912 ) ) ;
#3341 = ORIENTED_EDGE ( 'NONE', *, *, #927, .F. ) ;
#3342 = CARTESIAN_POINT ( 'NONE',  ( -3.058116667016999024, -1.211539727471001804, -0.5795941459179995148 ) ) ;
#3343 = CARTESIAN_POINT ( 'NONE',  ( 1.356466365627999604, -9.783231711917002471, 0.2668238328030000384 ) ) ;
#3344 = CARTESIAN_POINT ( 'NONE',  ( -1.707833867846999309, -9.773800201995003434, -0.7251169627701997689 ) ) ;
#3345 = CARTESIAN_POINT ( 'NONE',  ( 2.109194823365379001, -3.340206211576727036, 0.1088256581421846447 ) ) ;
#3346 = EDGE_CURVE ( 'NONE', #3944, #2020, #814, .T. ) ;
#3347 = EDGE_LOOP ( 'NONE', ( #1568, #2733, #1786 ) ) ;
#3348 = CARTESIAN_POINT ( 'NONE',  ( 3.331328659501000988, -1.533030907870998050, 0.8632524184036003412 ) ) ;
#3349 = SURFACE_STYLE_USAGE ( .BOTH. , #2371 ) ;
#3350 = CARTESIAN_POINT ( 'NONE',  ( -1.843815666130239617, -1.148353191579312593, -0.6000069817891739987 ) ) ;
#3351 = CARTESIAN_POINT ( 'NONE',  ( -3.712123306878998275, -1.879144965960001912, -0.3065800364523001975 ) ) ;
#3352 = CARTESIAN_POINT ( 'NONE',  ( 1.963107878605001799, -10.23206439387999822, 0.4656679280815996802 ) ) ;
#3353 = CARTESIAN_POINT ( 'NONE',  ( 2.097588378699831502, -10.19523353202046145, 0.7702557406345715840 ) ) ;
#3354 = CARTESIAN_POINT ( 'NONE',  ( 2.563593771272002719, -8.890395374318002197, 0.8440268273710003211 ) ) ;
#3355 = DIRECTION ( 'NONE',  ( 0.000000000000000000, -0.000000000000000000, -1.000000000000000000 ) ) ;
#3356 = EDGE_CURVE ( 'NONE', #4688, #1433, #2366, .T. ) ;
#3357 = MECHANICAL_DESIGN_GEOMETRIC_PRESENTATION_REPRESENTATION (  '', ( #1726 ), #2458 ) ;
#3358 = SURFACE_STYLE_USAGE ( .BOTH. , #4245 ) ;
#3359 = CARTESIAN_POINT ( 'NONE',  ( -2.189037466991999636, -9.935307684525003680, -1.070168481112998782 ) ) ;
#3360 = CARTESIAN_POINT ( 'NONE',  ( 1.648954856249686074, -9.090482310837911584, 0.8402493176979928258 ) ) ;
#3361 = SURFACE_SIDE_STYLE ('',( #5729 ) ) ;
#3362 = DIRECTION ( 'NONE',  ( -1.000000000000000000, 0.000000000000000000, 0.000000000000000000 ) ) ;
#3363 = PRESENTATION_LAYER_ASSIGNMENT (  '', '', ( #6189 ) ) ;
#3364 =( GEOMETRIC_REPRESENTATION_CONTEXT ( 3 ) GLOBAL_UNCERTAINTY_ASSIGNED_CONTEXT ( ( #285 ) ) GLOBAL_UNIT_ASSIGNED_CONTEXT ( ( #1803, #5614, #1261 ) ) REPRESENTATION_CONTEXT ( 'NONE', 'WORKASPACE' ) );
#3365 = SURFACE_STYLE_FILL_AREA ( #5190 ) ;
#3366 = CARTESIAN_POINT ( 'NONE',  ( 1.825299229445552340, -9.178656890456442952, 0.4132545464918418454 ) ) ;
#3367 =( NAMED_UNIT ( * ) SI_UNIT ( $, .STERADIAN. ) SOLID_ANGLE_UNIT ( ) );
#3368 = ORIENTED_EDGE ( 'NONE', *, *, #55, .T. ) ;
#3369 = SURFACE_STYLE_FILL_AREA ( #5934 ) ;
#3370 = DIRECTION ( 'NONE',  ( -0.000000000000000000, 0.000000000000000000, -1.000000000000000000 ) ) ;
#3371 = MECHANICAL_DESIGN_GEOMETRIC_PRESENTATION_REPRESENTATION (  '', ( #2856 ), #1127 ) ;
#3372 = CARTESIAN_POINT ( 'NONE',  ( -2.106579409344999210, -10.02672677151999459, -0.1945468772692000303 ) ) ;
#3373 = MECHANICAL_DESIGN_GEOMETRIC_PRESENTATION_REPRESENTATION (  '', ( #2053 ), #25 ) ;
#3374 = ORIENTED_EDGE ( 'NONE', *, *, #2546, .F. ) ;
#3375 = CARTESIAN_POINT ( 'NONE',  ( -3.146330751671998716, -1.404672789469998850, -0.9079624053683997831 ) ) ;
#3376 = ADVANCED_FACE ( 'NONE', ( #5793 ), #437, .T. ) ;
#3377 = AXIS2_PLACEMENT_3D ( 'NONE', #3180, #5105, #2705 ) ;
#3378 = CARTESIAN_POINT ( 'NONE',  ( 1.293387796245999422, -9.829018138921002290, 0.08657346177783999119 ) ) ;
#3379 = SURFACE_STYLE_USAGE ( .BOTH. , #4852 ) ;
#3380 = DIRECTION ( 'NONE',  ( 0.000000000000000000, -1.000000000000000000, 0.000000000000000000 ) ) ;
#3381 = ORIENTED_EDGE ( 'NONE', *, *, #4552, .F. ) ;
#3382 = MECHANICAL_DESIGN_GEOMETRIC_PRESENTATION_REPRESENTATION (  '', ( #2469 ), #431 ) ;
#3383 = CARTESIAN_POINT ( 'NONE',  ( 3.415136012663999132, -1.818562215487000033, 0.6603887329919001514 ) ) ;
#3384 = DIRECTION ( 'NONE',  ( -0.7523879931379148234, -0.6587202043830828746, -1.092750697610129824E-05 ) ) ;
#3385 = CARTESIAN_POINT ( 'NONE',  ( 1.467738111156999814, -9.009050994047001382, 0.8551907640457000470 ) ) ;
#3386 = B_SPLINE_CURVE_WITH_KNOTS ( 'NONE', 3,
 ( #1037, #5888, #1575, #4932, #642, #4528, #5972, #1627, #3579, #583, #2537, #2974, #5023, #670, #4893, #552, #2024, #2055, #3991, #3118, #1210 ),
 .UNSPECIFIED., .F., .F.,
 ( 4, 2, 2, 2, 2, 2, 1, 2, 2, 2, 4 ),
 ( 0.000000000000000000, 0.1250000000000081324, 0.1875000000000090206, 0.2187500000000097422, 0.2500000000000104361, 0.3750000000000198175, 0.4375000000000248135, 0.4687500000000236478, 0.5000000000000225375, 0.7500000000000112133, 1.000000000000000000 ),
 .UNSPECIFIED. ) ;
#3387 = CARTESIAN_POINT ( 'NONE',  ( -3.497903020069998092, -1.202485476795999819, -0.6001220625853000978 ) ) ;
#3388 = CARTESIAN_POINT ( 'NONE',  ( 2.012987670831001719, -10.14564652858999061, 0.3178306184257000955 ) ) ;
#3389 = CARTESIAN_POINT ( 'NONE',  ( 2.080062134801881069, -10.20400202261811806, 0.7597008456052087855 ) ) ;
#3390 = AXIS2_PLACEMENT_3D ( 'NONE', #1576, #2195, #5417 ) ;
#3391 = COLOUR_RGB ( '',0.8039215686274510109, 0.8039215686274510109, 0.8039215686274510109 ) ;
#3392 = CARTESIAN_POINT ( 'NONE',  ( 2.450328094508001264, -9.003440995238012334, 0.8556401998635002615 ) ) ;
#3393 = CARTESIAN_POINT ( 'NONE',  ( 1.967999999989000326, -8.750001145166999450, 0.5999997926836999618 ) ) ;
#3394 = CARTESIAN_POINT ( 'NONE',  ( -1.528001029027000079, -1.634217782672999997, -0.6000000000479999152 ) ) ;
#3395 = CARTESIAN_POINT ( 'NONE',  ( 1.850193506266000432, -9.208815064650998750, 0.5154589666603004439 ) ) ;
#3396 = SURFACE_STYLE_FILL_AREA ( #3430 ) ;
#3397 = CARTESIAN_POINT ( 'NONE',  ( -1.658853926109001842, -8.813502176963995183, -0.2363916464777001680 ) ) ;
#3398 = CARTESIAN_POINT ( 'NONE',  ( -1.667081674850005690, -9.099541231042579170, -0.3631646265216558755 ) ) ;
#3399 = CARTESIAN_POINT ( 'NONE',  ( 1.947695771100039774, -9.239848224254869180, 0.5002820192609662708 ) ) ;
#3400 = CARTESIAN_POINT ( 'NONE',  ( 1.990660282759000310, -1.377999984869999972, 0.9499999999999000355 ) ) ;
#3401 = DIRECTION ( 'NONE',  ( -1.000000000000000000, 0.000000000000000000, 0.000000000000000000 ) ) ;
#3402 = EDGE_LOOP ( 'NONE', ( #2824, #6120, #3885, #3449, #1478, #6055 ) ) ;
#3403 = CARTESIAN_POINT ( 'NONE',  ( -2.478000000000000203, -10.00500283731000017, -0.8549999999841999543 ) ) ;
#3404 = SURFACE_STYLE_FILL_AREA ( #2855 ) ;
#3405 = UNCERTAINTY_MEASURE_WITH_UNIT (LENGTH_MEASURE( 1.000000000000000082E-05 ), #593, 'distance_accuracy_value', 'NONE');
#3406 =( GEOMETRIC_REPRESENTATION_CONTEXT ( 3 ) GLOBAL_UNCERTAINTY_ASSIGNED_CONTEXT ( ( #1745 ) ) GLOBAL_UNIT_ASSIGNED_CONTEXT ( ( #5084, #4107, #3638 ) ) REPRESENTATION_CONTEXT ( 'NONE', 'WORKASPACE' ) );
#3407 = CARTESIAN_POINT ( 'NONE',  ( 2.293640444183998373, -8.511722914692995801, 0.8182606314142999437 ) ) ;
#3408 = FACE_OUTER_BOUND ( 'NONE', #502, .T. ) ;
#3409 = ORIENTED_EDGE ( 'NONE', *, *, #5862, .F. ) ;
#3410 = CARTESIAN_POINT ( 'NONE',  ( 1.598339615897814703, -1.391799879529777906, 0.5999204783015146258 ) ) ;
#3411 = CARTESIAN_POINT ( 'NONE',  ( -3.303091148786154285, -1.499804473673187033, -0.8651741579280646244 ) ) ;
#3412 = CARTESIAN_POINT ( 'NONE',  ( 1.626384404058999866, -9.301770152763999988, 0.3921461859407999739 ) ) ;
#3413 = EDGE_CURVE ( 'NONE', #3599, #4325, #1730, .T. ) ;
#3414 = SURFACE_STYLE_FILL_AREA ( #1500 ) ;
#3415 = VERTEX_POINT ( 'NONE', #2946 ) ;
#3416 = CARTESIAN_POINT ( 'NONE',  ( -1.733021616414998300, -9.526130824864994295, -0.6190230196288004638 ) ) ;
#3417 = CARTESIAN_POINT ( 'NONE',  ( 1.727562565579002563, -9.349479696665007111, 0.6341428090923999505 ) ) ;
#3418 =( NAMED_UNIT ( * ) PLANE_ANGLE_UNIT ( ) SI_UNIT ( $, .RADIAN. ) );
#3419 = VECTOR ( 'NONE', #1607, 1000.000000000000000 ) ;
#3420 = FILL_AREA_STYLE_COLOUR ( '', #6214 ) ;
#3421 = CARTESIAN_POINT ( 'NONE',  ( -2.478000015587000338, -4.839020455812000243, -0.6000000089710000317 ) ) ;
#3422 = ORIENTED_EDGE ( 'NONE', *, *, #72, .F. ) ;
#3423 =( GEOMETRIC_REPRESENTATION_CONTEXT ( 3 ) GLOBAL_UNCERTAINTY_ASSIGNED_CONTEXT ( ( #5618 ) ) GLOBAL_UNIT_ASSIGNED_CONTEXT ( ( #2037, #2074, #82 ) ) REPRESENTATION_CONTEXT ( 'NONE', 'WORKASPACE' ) );
#3424 = CARTESIAN_POINT ( 'NONE',  ( -1.967999999989000326, -8.750001145166999450, -0.5999997926836999618 ) ) ;
#3425 = CARTESIAN_POINT ( 'NONE',  ( -2.401972387377093732, -10.04310376150077566, -0.3473904738569603134 ) ) ;
#3426 = CARTESIAN_POINT ( 'NONE',  ( -2.407253337049001018, -10.16994375416000196, -0.8457088205675002968 ) ) ;
#3427 = CARTESIAN_POINT ( 'NONE',  ( -2.476023569118998680, -9.016298784395997856, -0.8551449268444996088 ) ) ;
#3428 = CARTESIAN_POINT ( 'NONE',  ( -2.084356300371001058, -10.05303628332999111, -0.9825521068025995230 ) ) ;
#3429 = CARTESIAN_POINT ( 'NONE',  ( -2.478000000000000203, -9.005000000000000782, -0.5999999999999999778 ) ) ;
#3430 = FILL_AREA_STYLE ('',( #1996 ) ) ;
#3431 = CARTESIAN_POINT ( 'NONE',  ( -1.694455404154001421, -9.172254630455997315, -0.4453468410131002919 ) ) ;
#3432 = CONICAL_SURFACE ( 'NONE', #4113, 0.6024999966272999163, 0.2276507215286134034 ) ;
#3433 = ADVANCED_FACE ( 'NONE', ( #1965 ), #4011, .T. ) ;
#3434 = CARTESIAN_POINT ( 'NONE',  ( -3.105202863074000064, -1.037367051719999989, -0.6000000948943000623 ) ) ;
#3435 = CARTESIAN_POINT ( 'NONE',  ( 1.893229042638000070, -1.362485012048000099, 0.8449950804640999902 ) ) ;
#3436 = DIRECTION ( 'NONE',  ( -0.9999999999999998890, 0.000000000000000000, -9.533802992324102671E-09 ) ) ;
#3437 = ORIENTED_EDGE ( 'NONE', *, *, #5313, .F. ) ;
#3438 =( NAMED_UNIT ( * ) PLANE_ANGLE_UNIT ( ) SI_UNIT ( $, .RADIAN. ) );
#3439 = CARTESIAN_POINT ( 'NONE',  ( -2.316388621011909343, -10.32822674469583646, -0.7978439396095839964 ) ) ;
#3440 = CARTESIAN_POINT ( 'NONE',  ( -2.478000000000000203, -9.005000000000000782, -0.5999999999999999778 ) ) ;
#3441 = CARTESIAN_POINT ( 'NONE',  ( 2.669497809282999068, -8.824146098272992234, 0.9636088625460998980 ) ) ;
#3442 = FILL_AREA_STYLE ('',( #4791 ) ) ;
#3443 = ORIENTED_EDGE ( 'NONE', *, *, #2874, .F. ) ;
#3444 = CARTESIAN_POINT ( 'NONE',  ( 1.563189946428829247, -1.461423976196422281, 0.5999967074532552846 ) ) ;
#3445 = PRESENTATION_STYLE_ASSIGNMENT (( #504 ) ) ;
#3446 = EDGE_CURVE ( 'NONE', #1225, #980, #1068, .T. ) ;
#3447 = CARTESIAN_POINT ( 'NONE',  ( -1.732788879271999871, -9.493315798788998450, -0.6181749855803000404 ) ) ;
#3448 = ADVANCED_FACE ( 'NONE', ( #2063 ), #959, .F. ) ;
#3449 = ORIENTED_EDGE ( 'NONE', *, *, #2794, .F. ) ;
#3450 = CARTESIAN_POINT ( 'NONE',  ( 3.372437399230002075, -1.916486813097002084, 0.6373173482225001907 ) ) ;
#3451 = CARTESIAN_POINT ( 'NONE',  ( -1.580061215646998640, -8.893694414609996102, -0.8492404204253999334 ) ) ;
#3452 = CARTESIAN_POINT ( 'NONE',  ( 1.982078511533002185, -9.208560812817992769, 0.7847609880640998847 ) ) ;
#3453 = CARTESIAN_POINT ( 'NONE',  ( -1.683972074711000744, -9.913420574311992084, -0.3612640027962999434 ) ) ;
#3454 = SURFACE_STYLE_USAGE ( .BOTH. , #1507 ) ;
#3455 = DIRECTION ( 'NONE',  ( 0.000000000000000000, 1.000000000000000000, 0.000000000000000000 ) ) ;
#3456 = VERTEX_POINT ( 'NONE', #159 ) ;
#3457 = AXIS2_PLACEMENT_3D ( 'NONE', #1289, #2472, #4409 ) ;
#3458 = CARTESIAN_POINT ( 'NONE',  ( -2.196739201753167059, -8.864371707562716196, -0.8132353374601464235 ) ) ;
#3459 = CARTESIAN_POINT ( 'NONE',  ( -2.281481979497594015, -10.10326215583837239, -0.8353159306711135379 ) ) ;
#3460 = CARTESIAN_POINT ( 'NONE',  ( -2.116669473165999626, -10.25305183792999841, -0.6003953118956001367 ) ) ;
#3461 = ADVANCED_FACE ( 'NONE', ( #4446 ), #5830, .T. ) ;
#3462 = CARTESIAN_POINT ( 'NONE',  ( -2.272027925287001704, -8.913420574313002831, -0.8387359972034996725 ) ) ;
#3463 = CARTESIAN_POINT ( 'NONE',  ( 1.839492879227001776, -9.015311022726995915, 0.1854180874480000074 ) ) ;
#3464 = DIRECTION ( 'NONE',  ( 0.5833264021989500447, 8.388531289579901333E-06, 0.8122378398149532330 ) ) ;
#3465 = CARTESIAN_POINT ( 'NONE',  ( -1.651826388562002590, -9.053970016510993091, -0.3952052160310999818 ) ) ;
#3466 = AXIS2_PLACEMENT_3D ( 'NONE', #20, #3491, #1952 ) ;
#3467 = CARTESIAN_POINT ( 'NONE',  ( 2.350374790410337589, -10.26024716387751567, 0.3786920600901997891 ) ) ;
#3468 = SURFACE_STYLE_USAGE ( .BOTH. , #3530 ) ;
#3469 = CARTESIAN_POINT ( 'NONE',  ( -1.599343326308968249, -9.065757610907315467, -0.8477763710544451436 ) ) ;
#3470 = ADVANCED_FACE ( 'NONE', ( #5602 ), #4175, .T. ) ;
#3471 = CARTESIAN_POINT ( 'NONE',  ( -2.478050208561000112, -4.918011865209999556, -1.204999997916999854 ) ) ;
#3472 = VERTEX_POINT ( 'NONE', #5149 ) ;
#3473 = CARTESIAN_POINT ( 'NONE',  ( 2.214004641501001736, -8.883831224718004904, 0.3746539105267001069 ) ) ;
#3474 = CARTESIAN_POINT ( 'NONE',  ( -2.467225642045153489, -10.02655357456685792, -0.8549988688376696233 ) ) ;
#3475 =( NAMED_UNIT ( * ) SI_UNIT ( $, .STERADIAN. ) SOLID_ANGLE_UNIT ( ) );
#3476 = CIRCLE ( 'NONE', #701, 0.9409697397341997283 ) ;
#3477 = UNCERTAINTY_MEASURE_WITH_UNIT (LENGTH_MEASURE( 1.000000000000000082E-05 ), #5329, 'distance_accuracy_value', 'NONE');
#3478 = DIRECTION ( 'NONE',  ( 0.000000000000000000, -1.000000000000000000, 0.000000000000000000 ) ) ;
#3479 = CARTESIAN_POINT ( 'NONE',  ( 3.038112118469999512, -1.381472420452001915, 0.9372176743558998657 ) ) ;
#3480 = DIRECTION ( 'NONE',  ( 0.000000000000000000, 0.000000000000000000, -1.000000000000000000 ) ) ;
#3481 = AXIS2_PLACEMENT_3D ( 'NONE', #3552, #4995, #1959 ) ;
#3482 = CARTESIAN_POINT ( 'NONE',  ( 1.698611188753809564, -1.267781611510602202, 0.5999917778917830402 ) ) ;
#3483 = EDGE_CURVE ( 'NONE', #2102, #574, #1670, .T. ) ;
#3484 = PRESENTATION_LAYER_ASSIGNMENT (  '', '', ( #424 ) ) ;
#3485 = ORIENTED_EDGE ( 'NONE', *, *, #684, .F. ) ;
#3486 = PRESENTATION_LAYER_ASSIGNMENT (  '', '', ( #1544 ) ) ;
#3487 = CARTESIAN_POINT ( 'NONE',  ( -1.593343993896999988, -8.920923785564003339, -0.8437177923585001960 ) ) ;
#3488 = CARTESIAN_POINT ( 'NONE',  ( 1.700180437378000509, -9.190908015507003981, 0.7452300196816000755 ) ) ;
#3489 = B_SPLINE_CURVE_WITH_KNOTS ( 'NONE', 3,
 ( #462, #4834, #1960, #2345, #5694, #6236 ),
 .UNSPECIFIED., .F., .F.,
 ( 4, 1, 1, 4 ),
 ( 0.000000000000000000, 0.3333333333333000081, 0.6666666666667000474, 1.000000000000000000 ),
 .UNSPECIFIED. ) ;
#3490 = CARTESIAN_POINT ( 'NONE',  ( -1.707441979597999149, -9.639911441350998089, -0.5437625647167003695 ) ) ;
#3491 = DIRECTION ( 'NONE',  ( 0.000000000000000000, 1.000000000000000000, 0.000000000000000000 ) ) ;
#3492 = CARTESIAN_POINT ( 'NONE',  ( 3.146241618011010654, -1.402986835943563326, 0.8966329157124839355 ) ) ;
#3493 = ORIENTED_EDGE ( 'NONE', *, *, #1304, .T. ) ;
#3494 = AXIS2_PLACEMENT_3D ( 'NONE', #429, #3355, #1386 ) ;
#3495 = STYLED_ITEM ( 'NONE', ( #5814 ), #2995 ) ;
#3496 = CARTESIAN_POINT ( 'NONE',  ( -2.239239793531023093, -8.885622098046319195, -0.8257501178973397638 ) ) ;
#3497 = CARTESIAN_POINT ( 'NONE',  ( -2.733000000000000096, -9.005000000000000782, -0.5999999999999999778 ) ) ;
#3498 = CARTESIAN_POINT ( 'NONE',  ( -2.173684675163002566, -8.757122098402001953, -0.6704811494650998460 ) ) ;
#3499 = DIRECTION ( 'NONE',  ( 0.000000000000000000, 1.000000000000000000, 0.000000000000000000 ) ) ;
#3500 = CARTESIAN_POINT ( 'NONE',  ( 1.866811035208911562, -9.199407798435240480, 0.7660095610704268365 ) ) ;
#3501 = SPHERICAL_SURFACE ( 'NONE', #1633, 0.2550000000000000044 ) ;
#3502 = CARTESIAN_POINT ( 'NONE',  ( -1.998217437659001172, -9.249452205275995098, -0.5177521367463000512 ) ) ;
#3503 = CARTESIAN_POINT ( 'NONE',  ( -3.393630853045999984, -1.139234579587000251, -0.5999999558857000981 ) ) ;
#3504 = SURFACE_SIDE_STYLE ('',( #4250 ) ) ;
#3505 = DIRECTION ( 'NONE',  ( -0.7071067811865466846, 0.7071067811865483499, 0.000000000000000000 ) ) ;
#3506 = EDGE_LOOP ( 'NONE', ( #1968, #993, #758, #1459, #5612 ) ) ;
#3507 = CARTESIAN_POINT ( 'NONE',  ( 1.563392122089999114, -1.743145644203000000, 0.8590264637115995194 ) ) ;
#3508 =( NAMED_UNIT ( * ) SI_UNIT ( $, .STERADIAN. ) SOLID_ANGLE_UNIT ( ) );
#3509 = CARTESIAN_POINT ( 'NONE',  ( -2.002139960970001908, -1.020776533631000849, -0.5998827571009004433 ) ) ;
#3510 = CARTESIAN_POINT ( 'NONE',  ( 3.355848428268999761, -1.037464399525999559, 0.6074592092096998686 ) ) ;
#3511 = EDGE_LOOP ( 'NONE', ( #3178, #506, #4694 ) ) ;
#3512 = STYLED_ITEM ( 'NONE', ( #4757 ), #1184 ) ;
#3513 = CARTESIAN_POINT ( 'NONE',  ( 1.918844802239369818, -1.091442120768084667, 0.5999992069540416306 ) ) ;
#3514 = ORIENTED_EDGE ( 'NONE', *, *, #1572, .F. ) ;
#3515 = FILL_AREA_STYLE ('',( #4360 ) ) ;
#3516 = STYLED_ITEM ( 'NONE', ( #2893 ), #3181 ) ;
#3517 = STYLED_ITEM ( 'NONE', ( #3864 ), #1594 ) ;
#3518 = VERTEX_POINT ( 'NONE', #5120 ) ;
#3519 =( GEOMETRIC_REPRESENTATION_CONTEXT ( 3 ) GLOBAL_UNCERTAINTY_ASSIGNED_CONTEXT ( ( #1230 ) ) GLOBAL_UNIT_ASSIGNED_CONTEXT ( ( #1114, #5809, #5403 ) ) REPRESENTATION_CONTEXT ( 'NONE', 'WORKASPACE' ) );
#3520 = CARTESIAN_POINT ( 'NONE',  ( -1.529731873132998521, -9.132380796600001460, -0.8505152489866993903 ) ) ;
#3521 = CARTESIAN_POINT ( 'NONE',  ( 1.824898180850998974, -9.102763423458000602, 0.7946946270345994767 ) ) ;
#3522 = CARTESIAN_POINT ( 'NONE',  ( -1.407286488701001703, -9.751553751399002934, -0.2916072673145000960 ) ) ;
#3523 = FACE_OUTER_BOUND ( 'NONE', #3511, .T. ) ;
#3524 = CARTESIAN_POINT ( 'NONE',  ( -2.041965100321081916, -8.786984117797633331, -0.7335966703607029737 ) ) ;
#3525 = CARTESIAN_POINT ( 'NONE',  ( -2.130700770552380607, -10.17865689045839694, -0.7867454535063465038 ) ) ;
#3526 = SURFACE_STYLE_USAGE ( .BOTH. , #1154 ) ;
#3527 = CARTESIAN_POINT ( 'NONE',  ( -1.839496589930000647, -9.252799799966998862, -0.5934487995262005544 ) ) ;
#3528 = AXIS2_PLACEMENT_3D ( 'NONE', #1164, #3681, #4557 ) ;
#3529 = CARTESIAN_POINT ( 'NONE',  ( -3.421581666159999813, -1.727999999999999980, -0.7102435859283999786 ) ) ;
#3530 = SURFACE_SIDE_STYLE ('',( #5895 ) ) ;
#3531 = CARTESIAN_POINT ( 'NONE',  ( -1.774655547711453174, -9.153363544006831276, -0.8076114117351884669 ) ) ;
#3532 = COLOUR_RGB ( '',0.9411764705882352811, 0.9921568627450980671, 0.007843137254901960675 ) ;
#3533 = CARTESIAN_POINT ( 'NONE',  ( 2.478000000000000203, -9.005000000000000782, 0.5999999999999999778 ) ) ;
#3534 = EDGE_LOOP ( 'NONE', ( #3001, #4237, #900, #1297 ) ) ;
#3535 = CARTESIAN_POINT ( 'NONE',  ( 2.642249248249001869, -8.804769666030001218, 0.2461544656084999061 ) ) ;
#3536 =( NAMED_UNIT ( * ) PLANE_ANGLE_UNIT ( ) SI_UNIT ( $, .RADIAN. ) );
#3537 = UNCERTAINTY_MEASURE_WITH_UNIT (LENGTH_MEASURE( 1.000000000000000082E-05 ), #1942, 'distance_accuracy_value', 'NONE');
#3538 = CARTESIAN_POINT ( 'NONE',  ( 2.225848759427000889, -8.483589158394005736, 0.6459575393351003614 ) ) ;
#3539 = CARTESIAN_POINT ( 'NONE',  ( 2.973263183615000749, -1.229751204765000328, 0.5916385793220996225 ) ) ;
#3540 = CARTESIAN_POINT ( 'NONE',  ( -2.478000000000000203, -10.00500000000000078, -0.5999999999999999778 ) ) ;
#3541 = ORIENTED_EDGE ( 'NONE', *, *, #5499, .F. ) ;
#3542 = PRESENTATION_STYLE_ASSIGNMENT (( #4009 ) ) ;
#3543 = ADVANCED_FACE ( 'NONE', ( #208 ), #738, .T. ) ;
#3544 = ORIENTED_EDGE ( 'NONE', *, *, #166, .F. ) ;
#3545 = CARTESIAN_POINT ( 'NONE',  ( -1.728051835103999734, -9.504934369444999476, -0.5500105472341999535 ) ) ;
#3546 = FACE_OUTER_BOUND ( 'NONE', #2962, .T. ) ;
#3547 = EDGE_CURVE ( 'NONE', #3614, #4357, #1474, .T. ) ;
#3548 = CARTESIAN_POINT ( 'NONE',  ( -1.369730654262000247, -9.906341395648997405, -0.3505408516042998746 ) ) ;
#3549 = FILL_AREA_STYLE_COLOUR ( '', #2641 ) ;
#3550 = CARTESIAN_POINT ( 'NONE',  ( -1.646030832396270238, -1.728000242307027534, -1.070143462055741956 ) ) ;
#3551 = CARTESIAN_POINT ( 'NONE',  ( -2.225622344364462268, -10.13121981096794322, -0.8216940666549786831 ) ) ;
#3552 = CARTESIAN_POINT ( 'NONE',  ( -1.477999999999999980, -10.00500000000000078, -0.5999999999999999778 ) ) ;
#3553 = FACE_OUTER_BOUND ( 'NONE', #2432, .T. ) ;
#3554 = CARTESIAN_POINT ( 'NONE',  ( 1.944715442006325068, -9.771643689540171707, 0.4953913743441330508 ) ) ;
#3555 =( GEOMETRIC_REPRESENTATION_CONTEXT ( 3 ) GLOBAL_UNCERTAINTY_ASSIGNED_CONTEXT ( ( #3846 ) ) GLOBAL_UNIT_ASSIGNED_CONTEXT ( ( #849, #2790, #377 ) ) REPRESENTATION_CONTEXT ( 'NONE', 'WORKASPACE' ) );
#3556 = CARTESIAN_POINT ( 'NONE',  ( 1.671714217825361448, -9.392425762973784842, 0.7667656394073045778 ) ) ;
#3557 = VERTEX_POINT ( 'NONE', #5182 ) ;
#3558 = CARTESIAN_POINT ( 'NONE',  ( 2.637099256523999014, -8.803326000266990192, 0.08569482016960988657 ) ) ;
#3559 = CARTESIAN_POINT ( 'NONE',  ( -1.489534351712561655, -9.028065054804063294, -0.8549982919371081902 ) ) ;
#3560 = CARTESIAN_POINT ( 'NONE',  ( -1.907174100304998676, -1.276500194209998718, -0.7025208269654998894 ) ) ;
#3561 = B_SPLINE_CURVE_WITH_KNOTS ( 'NONE', 3,
 ( #2262, #2367, #3757, #1814, #1785, #2739 ),
 .UNSPECIFIED., .F., .F.,
 ( 4, 1, 1, 4 ),
 ( 0.000000000000000000, 0.3333333333333000081, 0.6666666666667000474, 1.000000000000000000 ),
 .UNSPECIFIED. ) ;
#3562 = CARTESIAN_POINT ( 'NONE',  ( 2.958686512151999626, -1.234283888902000026, 0.5942005592554004956 ) ) ;
#3563 = CARTESIAN_POINT ( 'NONE',  ( -2.223000000001402743, -8.494999772022016060, -0.6181679324084280447 ) ) ;
#3564 = ORIENTED_EDGE ( 'NONE', *, *, #1089, .F. ) ;
#3565 = CARTESIAN_POINT ( 'NONE',  ( 1.618439267051998032, -9.546583849981011838, 0.8747547948659990524 ) ) ;
#3566 = CIRCLE ( 'NONE', #3765, 0.2640302636082001442 ) ;
#3567 =( GEOMETRIC_REPRESENTATION_CONTEXT ( 3 ) GLOBAL_UNCERTAINTY_ASSIGNED_CONTEXT ( ( #2890 ) ) GLOBAL_UNIT_ASSIGNED_CONTEXT ( ( #1651, #3982, #5917 ) ) REPRESENTATION_CONTEXT ( 'NONE', 'WORKASPACE' ) );
#3568 = CARTESIAN_POINT ( 'NONE',  ( 1.727999145718000173, -9.505000276506999413, 0.6502529488748000075 ) ) ;
#3569 = ORIENTED_EDGE ( 'NONE', *, *, #1162, .F. ) ;
#3570 = ADVANCED_FACE ( 'NONE', ( #5659 ), #1900, .F. ) ;
#3571 = SPHERICAL_SURFACE ( 'NONE', #415, 0.2550000000000000044 ) ;
#3572 = CARTESIAN_POINT ( 'NONE',  ( 2.253903544470352571, -8.556784594937978383, 0.7228626676096737702 ) ) ;
#3573 = DIRECTION ( 'NONE',  ( 0.000000000000000000, 0.000000000000000000, -1.000000000000000000 ) ) ;
#3574 = CARTESIAN_POINT ( 'NONE',  ( -1.731782809411998469, -9.648769996805992122, -0.6020781474526003541 ) ) ;
#3575 = CARTESIAN_POINT ( 'NONE',  ( -2.153548074225001496, -8.755495969328000783, -0.5461776691426004637 ) ) ;
#3576 =( GEOMETRIC_REPRESENTATION_CONTEXT ( 3 ) GLOBAL_UNCERTAINTY_ASSIGNED_CONTEXT ( ( #5162 ) ) GLOBAL_UNIT_ASSIGNED_CONTEXT ( ( #1922, #1421, #5826 ) ) REPRESENTATION_CONTEXT ( 'NONE', 'WORKASPACE' ) );
#3577 =( NAMED_UNIT ( * ) PLANE_ANGLE_UNIT ( ) SI_UNIT ( $, .RADIAN. ) );
#3578 = CARTESIAN_POINT ( 'NONE',  ( 2.457708813237906575, -8.964384368674721770, 0.3450000484718936389 ) ) ;
#3579 = CARTESIAN_POINT ( 'NONE',  ( -1.556607646781512422, -9.847784637673631991, -0.8426059434996353570 ) ) ;
#3580 = CARTESIAN_POINT ( 'NONE',  ( -2.247235713635001186, -8.488782353477994036, -0.7245834025345001539 ) ) ;
#3581 = AXIS2_PLACEMENT_3D ( 'NONE', #3471, #2481, #4232 ) ;
#3582 = SURFACE_STYLE_FILL_AREA ( #3995 ) ;
#3583 = CARTESIAN_POINT ( 'NONE',  ( 1.538035454582037831, -9.974984692395013397, 0.3462159428602162303 ) ) ;
#3584 = VECTOR ( 'NONE', #432, 1000.000000000000000 ) ;
#3585 = CARTESIAN_POINT ( 'NONE',  ( 2.478000000000000203, -10.00500000000000078, 0.5999999999999999778 ) ) ;
#3586 =( LENGTH_UNIT ( ) NAMED_UNIT ( * ) SI_UNIT ( .MILLI., .METRE. ) );
#3587 = CARTESIAN_POINT ( 'NONE',  ( 2.334987912713999858, -8.796365943184998315, 0.4336625890417001861 ) ) ;
#3588 =( NAMED_UNIT ( * ) PLANE_ANGLE_UNIT ( ) SI_UNIT ( $, .RADIAN. ) );
#3589 = CARTESIAN_POINT ( 'NONE',  ( -1.521111314933000003, -1.432787574628999971, -0.6595400392267996015 ) ) ;
#3590 = TOROIDAL_SURFACE ( 'NONE', #5915, 0.5999999999999999778, 0.3499999999999999778 ) ;
#3591 = UNCERTAINTY_MEASURE_WITH_UNIT (LENGTH_MEASURE( 1.000000000000000082E-05 ), #5087, 'distance_accuracy_value', 'NONE');
#3592 = SURFACE_STYLE_USAGE ( .BOTH. , #5485 ) ;
#3593 = SURFACE_STYLE_USAGE ( .BOTH. , #4622 ) ;
#3594 = CARTESIAN_POINT ( 'NONE',  ( -2.406898767256361538, -8.862785985558494062, -0.8457889767092381383 ) ) ;
#3595 = ORIENTED_EDGE ( 'NONE', *, *, #4033, .T. ) ;
#3596 = FACE_OUTER_BOUND ( 'NONE', #1337, .T. ) ;
#3597 =( NAMED_UNIT ( * ) SI_UNIT ( $, .STERADIAN. ) SOLID_ANGLE_UNIT ( ) );
#3598 = CARTESIAN_POINT ( 'NONE',  ( 1.623641692772707756, -9.713724188705176843, 0.8093507695446477967 ) ) ;
#3599 = VERTEX_POINT ( 'NONE', #2485 ) ;
#3600 = TOROIDAL_SURFACE ( 'NONE', #5715, 3.700000000000000178, 0.2500000000000000000 ) ;
#3601 = SURFACE_STYLE_USAGE ( .BOTH. , #2103 ) ;
#3602 = CARTESIAN_POINT ( 'NONE',  ( -1.963806779952000259, -1.146309595458000041, -0.6203016589175001094 ) ) ;
#3603 = CARTESIAN_POINT ( 'NONE',  ( -1.293387799988000797, -9.829018135157991054, -0.08657346307610989944 ) ) ;
#3604 = DIRECTION ( 'NONE',  ( -0.7071067811865466846, -0.7071067811865483499, 0.000000000000000000 ) ) ;
#3605 = CARTESIAN_POINT ( 'NONE',  ( -2.181565482566999226, -8.758012161964002118, -0.5233948859994004277 ) ) ;
#3606 = MECHANICAL_DESIGN_GEOMETRIC_PRESENTATION_REPRESENTATION (  '', ( #4423 ), #5430 ) ;
#3607 = PRESENTATION_STYLE_ASSIGNMENT (( #796 ) ) ;
#3608 = CARTESIAN_POINT ( 'NONE',  ( 2.329636456028126190, -8.708344452355619936, 0.3923885882394546609 ) ) ;
#3609 = CARTESIAN_POINT ( 'NONE',  ( -3.436044633539002024, -1.657120294483002354, -0.5548640120719005031 ) ) ;
#3610 = CARTESIAN_POINT ( 'NONE',  ( -2.225848759427000889, -8.483589158394005736, -0.6459575393351003614 ) ) ;
#3611 = CARTESIAN_POINT ( 'NONE',  ( 1.875121584256001173, -9.815222536568990463, 0.7717798953957001329 ) ) ;
#3612 = CARTESIAN_POINT ( 'NONE',  ( -2.457708815956977766, -8.964384372822417291, -0.3450000485411935935 ) ) ;
#3613 = DIRECTION ( 'NONE',  ( 0.000000000000000000, -1.000000000000000000, 0.000000000000000000 ) ) ;
#3614 = VERTEX_POINT ( 'NONE', #4426 ) ;
#3615 =( LENGTH_UNIT ( ) NAMED_UNIT ( * ) SI_UNIT ( .MILLI., .METRE. ) );
#3616 = CARTESIAN_POINT ( 'NONE',  ( 2.274439187185000932, -8.500921488469000309, 0.4152390119302001859 ) ) ;
#3617 = ADVANCED_FACE ( 'NONE', ( #5331 ), #1524, .T. ) ;
#3618 = CARTESIAN_POINT ( 'NONE',  ( 2.733000000000000096, -17.60500000000000043, 0.5999999999999999778 ) ) ;
#3619 = CARTESIAN_POINT ( 'NONE',  ( -1.832962770598998592, -1.369561409053999590, -1.076083471834000216 ) ) ;
#3620 =( LENGTH_UNIT ( ) NAMED_UNIT ( * ) SI_UNIT ( .MILLI., .METRE. ) );
#3621 = CARTESIAN_POINT ( 'NONE',  ( -2.477997165371999877, -9.005000000000000782, -0.8549999999841999543 ) ) ;
#3622 = VERTEX_POINT ( 'NONE', #4004 ) ;
#3623 = CARTESIAN_POINT ( 'NONE',  ( 1.731763795226997305, -9.648793079617002277, 0.6070504926385998923 ) ) ;
#3624 = DIRECTION ( 'NONE',  ( 0.000000000000000000, 1.000000000000000000, 0.000000000000000000 ) ) ;
#3625 = AXIS2_PLACEMENT_3D ( 'NONE', #1895, #403, #1926 ) ;
#3626 = EDGE_LOOP ( 'NONE', ( #5096, #96, #2387 ) ) ;
#3627 = CARTESIAN_POINT ( 'NONE',  ( 1.558065236485559835, -1.698896616729993037, 0.8374455646031652156 ) ) ;
#3628 = EDGE_CURVE ( 'NONE', #5347, #4125, #2884, .T. ) ;
#3629 = CARTESIAN_POINT ( 'NONE',  ( -1.679673997964000964, -8.845900741706000048, -1.114305180587998878 ) ) ;
#3630 = DIRECTION ( 'NONE',  ( 0.000000000000000000, -1.000000000000000000, -1.819092231754000130E-12 ) ) ;
#3631 = FILL_AREA_STYLE ('',( #1689 ) ) ;
#3632 = CARTESIAN_POINT ( 'NONE',  ( 2.973167827832314813, -2.600540962534565459, -0.006065556224135652472 ) ) ;
#3633 = CARTESIAN_POINT ( 'NONE',  ( -2.222978395392001705, -10.52613052523998860, -0.5809770143916005436 ) ) ;
#3634 = CARTESIAN_POINT ( 'NONE',  ( -1.924243112686974566, -1.087122702737255642, -0.6000001615393342203 ) ) ;
#3635 = CARTESIAN_POINT ( 'NONE',  ( -2.230200176768001086, -8.643502902230997265, -0.6065512351236994615 ) ) ;
#3636 = DIRECTION ( 'NONE',  ( 0.000000000000000000, -1.000000000000000000, 0.000000000000000000 ) ) ;
#3637 = CARTESIAN_POINT ( 'NONE',  ( 1.967567930705766521, -9.760217312214479080, 0.5261675776664763715 ) ) ;
#3638 =( NAMED_UNIT ( * ) SI_UNIT ( $, .STERADIAN. ) SOLID_ANGLE_UNIT ( ) );
#3639 = FACE_OUTER_BOUND ( 'NONE', #293, .T. ) ;
#3640 = ADVANCED_FACE ( 'NONE', ( #778 ), #4536, .T. ) ;
#3641 = CARTESIAN_POINT ( 'NONE',  ( 2.333021689284998867, -10.31543431750000472, 0.3891163857774002088 ) ) ;
#3642 = CARTESIAN_POINT ( 'NONE',  ( 2.478000000000000203, -4.918011865209999556, 0.5999999999999999778 ) ) ;
#3643 = DIRECTION ( 'NONE',  ( 1.000000000000000000, 0.000000000000000000, 0.000000000000000000 ) ) ;
#3644 = CARTESIAN_POINT ( 'NONE',  ( -1.527280832634999364, -1.669763982587000983, -0.6359984471313003818 ) ) ;
#3645 = UNCERTAINTY_MEASURE_WITH_UNIT (LENGTH_MEASURE( 1.000000000000000082E-05 ), #5424, 'distance_accuracy_value', 'NONE');
#3646 = COLOUR_RGB ( '',0.9411764705882352811, 0.9921568627450980671, 0.007843137254901960675 ) ;
#3647 = EDGE_CURVE ( 'NONE', #1025, #3415, #4530, .T. ) ;
#3648 = CARTESIAN_POINT ( 'NONE',  ( 1.477999999999999980, -10.00500000000000078, 0.5999999999999999778 ) ) ;
#3649 = SURFACE_SIDE_STYLE ('',( #3134 ) ) ;
#3650 = CARTESIAN_POINT ( 'NONE',  ( -2.379737844415585446, -8.808481980003575629, -0.8353159307770746667 ) ) ;
#3651 = ORIENTED_EDGE ( 'NONE', *, *, #1376, .F. ) ;
#3652 = CARTESIAN_POINT ( 'NONE',  ( 1.617613958125998286, -9.651573288692999242, 0.7594492775630997672 ) ) ;
#3653 = LINE ( 'NONE', #4691, #4514 ) ;
#3654 = DIRECTION ( 'NONE',  ( 1.111618823270667033E-05, 0.000000000000000000, -0.9999999999382152005 ) ) ;
#3655 = VERTEX_POINT ( 'NONE', #1736 ) ;
#3656 = ORIENTED_EDGE ( 'NONE', *, *, #4770, .F. ) ;
#3657 = CARTESIAN_POINT ( 'NONE',  ( 2.233356796526611454, -8.515765340028661257, 0.6725366423698064811 ) ) ;
#3658 = FILL_AREA_STYLE ('',( #6058 ) ) ;
#3659 = CARTESIAN_POINT ( 'NONE',  ( 1.850367492707999384, -9.828063259241991645, 0.4152057467683000769 ) ) ;
#3660 = CARTESIAN_POINT ( 'NONE',  ( -1.988000000007000168, -9.750000641426998627, -0.5999999999945999640 ) ) ;
#3661 = CARTESIAN_POINT ( 'NONE',  ( -2.599995902260997749, -8.776030123328006027, -0.2637447851602002791 ) ) ;
#3662 = ADVANCED_FACE ( 'NONE', ( #5515 ), #1702, .T. ) ;
#3663 = PRESENTATION_LAYER_ASSIGNMENT (  '', '', ( #1531 ) ) ;
#3664 = PRESENTATION_LAYER_ASSIGNMENT (  '', '', ( #1027 ) ) ;
#3665 = DIRECTION ( 'NONE',  ( -0.5833264021989500447, 8.388531289948901072E-06, -0.8122378398149532330 ) ) ;
#3666 = CARTESIAN_POINT ( 'NONE',  ( -2.402682884099000216, -10.17896184562000883, -0.3556085571282001090 ) ) ;
#3667 =( LENGTH_UNIT ( ) NAMED_UNIT ( * ) SI_UNIT ( .MILLI., .METRE. ) );
#3668 = DIRECTION ( 'NONE',  ( 1.000000000000000000, 0.000000000000000000, 3.357504626504731968E-10 ) ) ;
#3669 = VECTOR ( 'NONE', #2211, 1000.000000000000114 ) ;
#3670 = CARTESIAN_POINT ( 'NONE',  ( -2.293640444183998373, -8.511722914692995801, -0.8182606314142999437 ) ) ;
#3671 = CARTESIAN_POINT ( 'NONE',  ( -2.478000000000000203, -1.704999999999999849, -0.5999999999999999778 ) ) ;
#3672 = CARTESIAN_POINT ( 'NONE',  ( 1.477999999999999980, -10.00500000000000078, 0.3449999999999999734 ) ) ;
#3673 = STYLED_ITEM ( 'NONE', ( #3867 ), #442 ) ;
#3674 = CYLINDRICAL_SURFACE ( 'NONE', #6240, 0.2550000000000000044 ) ;
#3675 = FACE_OUTER_BOUND ( 'NONE', #4457, .T. ) ;
#3676 = CARTESIAN_POINT ( 'NONE',  ( 2.374924571424997577, -9.895767195441996122, 0.3511739158056002563 ) ) ;
#3677 = PRESENTATION_STYLE_ASSIGNMENT (( #3708 ) ) ;
#3678 = CYLINDRICAL_SURFACE ( 'NONE', #3775, 0.2550000000000000044 ) ;
#3679 = CARTESIAN_POINT ( 'NONE',  ( -1.783597435294001388, -1.053214889794999776, -0.6073329539189000759 ) ) ;
#3680 = CIRCLE ( 'NONE', #942, 3.700000000000001510 ) ;
#3681 = DIRECTION ( 'NONE',  ( -1.000000000000000000, 0.000000000000000000, 0.000000000000000000 ) ) ;
#3682 = CARTESIAN_POINT ( 'NONE',  ( -1.551420816976999850, -9.151840520248999411, -0.3555524863502999566 ) ) ;
#3683 = CARTESIAN_POINT ( 'NONE',  ( 1.938849564564471661, -9.774574131466554405, 0.7111413900695382484 ) ) ;
#3684 = CARTESIAN_POINT ( 'NONE',  ( -2.146664416362746852, -10.17066924847092935, -0.4061331501049751380 ) ) ;
#3685 = ORIENTED_EDGE ( 'NONE', *, *, #1933, .T. ) ;
#3686 = MECHANICAL_DESIGN_GEOMETRIC_PRESENTATION_REPRESENTATION (  '', ( #2072 ), #2155 ) ;
#3687 = CARTESIAN_POINT ( 'NONE',  ( 1.704827938119999553, -9.499010978417992135, 0.7299224868003003630 ) ) ;
#3688 = FILL_AREA_STYLE_COLOUR ( '', #1214 ) ;
#3689 = CARTESIAN_POINT ( 'NONE',  ( -3.536828548504392877, -1.596370705525247624, -0.5231198853596713549 ) ) ;
#3690 = STYLED_ITEM ( 'NONE', ( #4815 ), #698 ) ;
#3691 = CARTESIAN_POINT ( 'NONE',  ( 2.476440994808001950, -10.03267190634999473, 0.8556401998502000117 ) ) ;
#3692 =( BOUNDED_SURFACE ( )  B_SPLINE_SURFACE ( 3, 3, ( 
 ( #2684, #3191, #2231, #2777, #801, #4612, #2745, #4675, #3737, #365, #3611, #3120, #267, #2202, #4135, #6067, #3764, #5690 ),
 ( #1346, #4242, #1821, #6166, #4539, #2217, #4561, #2100, #4151, #752, #657, #219, #6082, #5613, #2586, #1169, #4038, #682 ),
 ( #6018, #2151, #630, #2610, #5489, #3109, #4597, #1741, #4625, #3652, #5038, #5991, #2668, #5963, #282, #3623, #4091, #1616 ),
 ( #1681, #195, #3205, #2185, #5549, #2123, #4060, #171, #2636, #3565, #5578, #5063, #3687, #1646, #715, #1260, #1197, #5097 ) ),
 .UNSPECIFIED., .F., .F., .T. ) 
 B_SPLINE_SURFACE_WITH_KNOTS ( ( 4, 4 ),
 ( 4, 1, 1, 1, 1, 1, 1, 1, 1, 1, 1, 1, 1, 1, 1, 4 ),
 ( 0.000000000000000000, 1.000000000000000000 ),
 ( -0.009770820256424998795, 0.000000000000000000, 0.1047490706685999945, 0.1851413214010000086, 0.2527194064772999571, 0.3189088142485999589, 0.3914527189615999991, 0.4677077458002000254, 0.5428255990745000092, 0.6131085707486999548, 0.6886192553922999560, 0.7649069008637999767, 0.8340661607717000381, 0.8947771060545000044, 0.9493299963424000065, 0.9832707779467999565 ),
 .UNSPECIFIED. ) 
 GEOMETRIC_REPRESENTATION_ITEM ( )  RATIONAL_B_SPLINE_SURFACE ( (
 ( 1.184501430092000041, 1.184501430092000041, 1.184501430092000041, 1.184501430092000041, 1.184501430092000041, 1.184501430092000041, 1.184501430092000041, 1.184501430092000041, 1.184501430092000041, 1.184501430092000041, 1.184501430092000041, 1.184501430092000041, 1.184501430092000041, 1.184501430092000041, 1.184501430092000041, 1.184501430092000041, 1.184501430092000041, 1.184501430092000041),
 ( 0.9384995233027999539, 0.9384995233027999539, 0.9384995233027999539, 0.9384995233027999539, 0.9384995233027999539, 0.9384995233027999539, 0.9384995233027999539, 0.9384995233027999539, 0.9384995233027999539, 0.9384995233027999539, 0.9384995233027999539, 0.9384995233027999539, 0.9384995233027999539, 0.9384995233027999539, 0.9384995233027999539, 0.9384995233027999539, 0.9384995233027999539, 0.9384995233027999539),
 ( 0.9384995233027999539, 0.9384995233027999539, 0.9384995233027999539, 0.9384995233027999539, 0.9384995233027999539, 0.9384995233027999539, 0.9384995233027999539, 0.9384995233027999539, 0.9384995233027999539, 0.9384995233027999539, 0.9384995233027999539, 0.9384995233027999539, 0.9384995233027999539, 0.9384995233027999539, 0.9384995233027999539, 0.9384995233027999539, 0.9384995233027999539, 0.9384995233027999539),
 ( 1.184501430092000041, 1.184501430092000041, 1.184501430092000041, 1.184501430092000041, 1.184501430092000041, 1.184501430092000041, 1.184501430092000041, 1.184501430092000041, 1.184501430092000041, 1.184501430092000041, 1.184501430092000041, 1.184501430092000041, 1.184501430092000041, 1.184501430092000041, 1.184501430092000041, 1.184501430092000041, 1.184501430092000041, 1.184501430092000041) ) ) 
 REPRESENTATION_ITEM ( '' )  SURFACE ( )  );
#3693 = EDGE_LOOP ( 'NONE', ( #6148, #2122, #6159 ) ) ;
#3694 = VERTEX_POINT ( 'NONE', #2119 ) ;
#3695 = CARTESIAN_POINT ( 'NONE',  ( 2.223000000001403631, -8.494999772022016060, 0.6181679323756197331 ) ) ;
#3696 = CARTESIAN_POINT ( 'NONE',  ( 3.495042302040999971, -1.214363493161999985, 0.5999999278019999549 ) ) ;
#3697 = ORIENTED_EDGE ( 'NONE', *, *, #3061, .F. ) ;
#3698 = CARTESIAN_POINT ( 'NONE',  ( 3.272659971937902590, -2.211915158866926578, 0.2388857969249175428 ) ) ;
#3699 = AXIS2_PLACEMENT_3D ( 'NONE', #2633, #309, #2181 ) ;
#3700 = CARTESIAN_POINT ( 'NONE',  ( -3.398333236816001524, -1.867984662871001733, -0.4552502985739001473 ) ) ;
#3701 = DIRECTION ( 'NONE',  ( 1.000000000000000000, 0.000000000000000000, 0.000000000000000000 ) ) ;
#3702 = FILL_AREA_STYLE ('',( #1182 ) ) ;
#3703 = FILL_AREA_STYLE ('',( #1761 ) ) ;
#3704 = AXIS2_PLACEMENT_3D ( 'NONE', #300, #4137, #1667 ) ;
#3705 = FILL_AREA_STYLE ('',( #1762 ) ) ;
#3706 = DIRECTION ( 'NONE',  ( 8.981870927728528406E-06, -0.9999999999567370512, 2.419125745642318167E-06 ) ) ;
#3707 = CARTESIAN_POINT ( 'NONE',  ( 2.190008965839001842, -9.980334366206996322, 0.3162621441234002573 ) ) ;
#3708 = SURFACE_STYLE_USAGE ( .BOTH. , #807 ) ;
#3709 = CARTESIAN_POINT ( 'NONE',  ( -1.538141837730999661, -1.713849127688999330, -0.7432147856569996103 ) ) ;
#3710 = EDGE_CURVE ( 'NONE', #2588, #6152, #5225, .T. ) ;
#3711 = UNCERTAINTY_MEASURE_WITH_UNIT (LENGTH_MEASURE( 1.000000000000000082E-05 ), #5858, 'distance_accuracy_value', 'NONE');
#3712 = SURFACE_STYLE_FILL_AREA ( #5253 ) ;
#3713 = CARTESIAN_POINT ( 'NONE',  ( 1.877999999999999892, -1.837987956972999992, 0.5999999999999999778 ) ) ;
#3714 = PRESENTATION_LAYER_ASSIGNMENT (  '', '', ( #762 ) ) ;
#3715 = FILL_AREA_STYLE_COLOUR ( '', #1113 ) ;
#3716 = ORIENTED_EDGE ( 'NONE', *, *, #540, .F. ) ;
#3717 = CARTESIAN_POINT ( 'NONE',  ( 1.920234932433002362, -1.252444817150000445, 0.6805454656077001285 ) ) ;
#3718 = DIRECTION ( 'NONE',  ( 0.000000000000000000, 0.000000000000000000, -1.000000000000000000 ) ) ;
#3719 = CARTESIAN_POINT ( 'NONE',  ( 2.233852653257999865, -10.50571013269999199, 0.6770346765001999945 ) ) ;
#3720 = UNCERTAINTY_MEASURE_WITH_UNIT (LENGTH_MEASURE( 1.000000000000000082E-05 ), #4638, 'distance_accuracy_value', 'NONE');
#3721 = COLOUR_RGB ( '',0.8039215686274510109, 0.8039215686274510109, 0.8039215686274510109 ) ;
#3722 = ORIENTED_EDGE ( 'NONE', *, *, #2858, .F. ) ;
#3723 = ORIENTED_EDGE ( 'NONE', *, *, #2680, .T. ) ;
#3724 = CARTESIAN_POINT ( 'NONE',  ( 2.379737844008403602, -8.808481979200795564, 0.8353159306071936685 ) ) ;
#3725 = CARTESIAN_POINT ( 'NONE',  ( 1.726318802732000002, -9.508395311017000751, 0.5413152629569000229 ) ) ;
#3726 = EDGE_CURVE ( 'NONE', #5360, #3694, #745, .T. ) ;
#3727 = CARTESIAN_POINT ( 'NONE',  ( 1.733083640330001618, -9.493083728427002654, 0.5991178329181002793 ) ) ;
#3728 = AXIS2_PLACEMENT_3D ( 'NONE', #5156, #1966, #495 ) ;
#3729 = CARTESIAN_POINT ( 'NONE',  ( -2.274439187185000932, -8.500921488469000309, -0.4152390119298997040 ) ) ;
#3730 = VERTEX_POINT ( 'NONE', #3077 ) ;
#3731 = CARTESIAN_POINT ( 'NONE',  ( -2.414220235963606243, -8.973108297238404418, -0.3463766429033424132 ) ) ;
#3732 = EDGE_CURVE ( 'NONE', #5771, #2035, #4565, .T. ) ;
#3733 = CARTESIAN_POINT ( 'NONE',  ( 1.477999999999999980, -9.005000000000000782, 0.5999999999999999778 ) ) ;
#3734 = PRESENTATION_STYLE_ASSIGNMENT (( #6199 ) ) ;
#3735 =( NAMED_UNIT ( * ) PLANE_ANGLE_UNIT ( ) SI_UNIT ( $, .RADIAN. ) );
#3736 = CARTESIAN_POINT ( 'NONE',  ( -1.980953312086160878, -9.753522447472407819, -0.6461500369009385292 ) ) ;
#3737 = CARTESIAN_POINT ( 'NONE',  ( 1.788434317497999082, -9.860021689288002378, 0.8108836142247001222 ) ) ;
#3738 = DIRECTION ( 'NONE',  ( -1.000000000000000000, 0.000000000000000000, 0.000000000000000000 ) ) ;
#3739 =( NAMED_UNIT ( * ) SI_UNIT ( $, .STERADIAN. ) SOLID_ANGLE_UNIT ( ) );
#3740 = SURFACE_SIDE_STYLE ('',( #4588 ) ) ;
#3741 = CARTESIAN_POINT ( 'NONE',  ( 1.726015710654000834, -9.366119423262006194, 0.5934282391270996326 ) ) ;
#3742 = DIRECTION ( 'NONE',  ( 0.000000000000000000, 0.000000000000000000, -1.000000000000000000 ) ) ;
#3743 = SURFACE_SIDE_STYLE ('',( #3712 ) ) ;
#3744 = CARTESIAN_POINT ( 'NONE',  ( 1.967234659945185316, -9.249643203460790275, 0.5274633575868337143 ) ) ;
#3745 = CARTESIAN_POINT ( 'NONE',  ( 1.501065051704290276, -9.993465645195755087, 0.8549982917972998031 ) ) ;
#3746 = ORIENTED_EDGE ( 'NONE', *, *, #2189, .F. ) ;
#3747 = CARTESIAN_POINT ( 'NONE',  ( 1.912048555775999636, -1.366205242296997913, 0.8567662212918999431 ) ) ;
#3748 = CARTESIAN_POINT ( 'NONE',  ( 0.000000000000000000, 0.000000000000000000, 0.5999999999999999778 ) ) ;
#3749 = CARTESIAN_POINT ( 'NONE',  ( -2.454899904882903439, -1.916979210374000209, -1.540686180606032130 ) ) ;
#3750 = CARTESIAN_POINT ( 'NONE',  ( 2.026361483306001965, -10.12697270809999672, 0.9054007105346995044 ) ) ;
#3751 = AXIS2_PLACEMENT_3D ( 'NONE', #3046, #6050, #6080 ) ;
#3752 = CARTESIAN_POINT ( 'NONE',  ( 3.512819740691000892, -1.460403442586999168, 0.5306863656231002313 ) ) ;
#3753 = VERTEX_POINT ( 'NONE', #4684 ) ;
#3754 = CARTESIAN_POINT ( 'NONE',  ( -2.446108298200225573, -10.06877976501277416, -0.3463766427819836569 ) ) ;
#3755 = CARTESIAN_POINT ( 'NONE',  ( 1.811349935329002792, -9.755884980414002428, 0.5487071602573998508 ) ) ;
#3756 = SURFACE_SIDE_STYLE ('',( #2738 ) ) ;
#3757 = CARTESIAN_POINT ( 'NONE',  ( 3.424066992073999671, -1.862051849418999927, 0.5183280820221000118 ) ) ;
#3758 = MANIFOLD_SOLID_BREP ( 'Imported1', #2747 ) ;
#3759 = ORIENTED_EDGE ( 'NONE', *, *, #1540, .T. ) ;
#3760 = CARTESIAN_POINT ( 'NONE',  ( 2.985672295931496301, -2.586198341662228284, -4.640742860574755067E-05 ) ) ;
#3761 = CARTESIAN_POINT ( 'NONE',  ( 3.426938267710000208, -1.829343069039000014, 0.5539801370831000105 ) ) ;
#3762 = CARTESIAN_POINT ( 'NONE',  ( -3.738452620490000378, -1.776159629346998781, -0.3404997901269001259 ) ) ;
#3763 = DIRECTION ( 'NONE',  ( 0.000000000000000000, 1.000000000000000000, 0.000000000000000000 ) ) ;
#3764 = CARTESIAN_POINT ( 'NONE',  ( 1.999740886309000487, -9.749651980749005631, 0.6012391495491000715 ) ) ;
#3765 = AXIS2_PLACEMENT_3D ( 'NONE', #3421, #3455, #4928 ) ;
#3766 = AXIS2_PLACEMENT_3D ( 'NONE', #3748, #5134, #1776 ) ;
#3767 = AXIS2_PLACEMENT_3D ( 'NONE', #5148, #696, #3701 ) ;
#3768 = COLOUR_RGB ( '',0.9411764705882352811, 0.9921568627450980671, 0.007843137254901960675 ) ;
#3769 = CARTESIAN_POINT ( 'NONE',  ( 1.967999908354415073, -8.750001099357801237, 0.6044031534893796742 ) ) ;
#3770 =( NAMED_UNIT ( * ) SI_UNIT ( $, .STERADIAN. ) SOLID_ANGLE_UNIT ( ) );
#3771 = PLANE ( 'NONE',  #4908 ) ;
#3772 = CARTESIAN_POINT ( 'NONE',  ( -2.278848377363000832, -9.839232561294004142, -0.9543905573132004383 ) ) ;
#3773 = FACE_OUTER_BOUND ( 'NONE', #1050, .T. ) ;
#3774 = CARTESIAN_POINT ( 'NONE',  ( -1.919159886958082151, -3.452566256177937998, -0.4133040193212885738 ) ) ;
#3775 = AXIS2_PLACEMENT_3D ( 'NONE', #706, #276, #3163 ) ;
#3776 = PRODUCT_DEFINITION_CONTEXT ( 'detailed design', #2920, 'design' ) ;
#3777 = TOROIDAL_SURFACE ( 'NONE', #3377, 3.700000000000000178, 0.2500000000000000000 ) ;
#3778 = CARTESIAN_POINT ( 'NONE',  ( 1.835589215108304861, -9.183807150919724549, 0.4180889502774347566 ) ) ;
#3779 = FILL_AREA_STYLE_COLOUR ( '', #4733 ) ;
#3780 = ORIENTED_EDGE ( 'NONE', *, *, #5582, .T. ) ;
#3781 = CARTESIAN_POINT ( 'NONE',  ( 1.724591006268000326, -1.182155061048999256, 0.6393960911634002375 ) ) ;
#3782 =( NAMED_UNIT ( * ) PLANE_ANGLE_UNIT ( ) SI_UNIT ( $, .RADIAN. ) );
#3783 =( NAMED_UNIT ( * ) PLANE_ANGLE_UNIT ( ) SI_UNIT ( $, .RADIAN. ) );
#3784 = CARTESIAN_POINT ( 'NONE',  ( 2.456083155956999331, -10.07324302660999926, 0.8550098340538995201 ) ) ;
#3785 = UNCERTAINTY_MEASURE_WITH_UNIT (LENGTH_MEASURE( 1.000000000000000082E-05 ), #3830, 'distance_accuracy_value', 'NONE');
#3786 = CIRCLE ( 'NONE', #1848, 0.2499999999999998612 ) ;
#3787 = CARTESIAN_POINT ( 'NONE',  ( -2.236547793842000864, -10.26803313251000382, -0.4999483023481006150 ) ) ;
#3788 = MECHANICAL_DESIGN_GEOMETRIC_PRESENTATION_REPRESENTATION (  '', ( #2263 ), #1557 ) ;
#3789 = ORIENTED_EDGE ( 'NONE', *, *, #4183, .T. ) ;
#3790 = CARTESIAN_POINT ( 'NONE',  ( -2.959773817255998640, -1.377759548880000517, -0.9635571225653990490 ) ) ;
#3791 = CARTESIAN_POINT ( 'NONE',  ( 1.599770504975001284, -9.559364226352011329, 0.3021963947719999988 ) ) ;
#3792 = CARTESIAN_POINT ( 'NONE',  ( -1.498778963552999555, -9.700886172518000450, -0.8539696936682998896 ) ) ;
#3793 = CARTESIAN_POINT ( 'NONE',  ( 3.165795660565999814, -1.048659379962999960, 0.5999999744684000325 ) ) ;
#3794 = MECHANICAL_DESIGN_GEOMETRIC_PRESENTATION_REPRESENTATION (  '', ( #1854 ), #732 ) ;
#3795 = EDGE_LOOP ( 'NONE', ( #1946, #3967, #5847, #4520, #4479, #3723 ) ) ;
#3796 = ADVANCED_FACE ( 'NONE', ( #6241 ), #4750, .T. ) ;
#3797 = SURFACE_STYLE_FILL_AREA ( #4268 ) ;
#3798 = FILL_AREA_STYLE_COLOUR ( '', #466 ) ;
#3799 = CARTESIAN_POINT ( 'NONE',  ( 2.478000000000000203, -9.005000000000000782, 0.5999999999999999778 ) ) ;
#3800 = FILL_AREA_STYLE ('',( #1851 ) ) ;
#3801 = ORIENTED_EDGE ( 'NONE', *, *, #4764, .F. ) ;
#3802 = CARTESIAN_POINT ( 'NONE',  ( 2.389727919232998321, -8.815902431805007211, 0.7898711300799002855 ) ) ;
#3803 = CARTESIAN_POINT ( 'NONE',  ( 2.478000000000000203, -10.00500000000000078, 0.5999999999999999778 ) ) ;
#3804 = EDGE_CURVE ( 'NONE', #3456, #3940, #4023, .T. ) ;
#3805 = CARTESIAN_POINT ( 'NONE',  ( -1.984722914693000106, -10.18935955581999941, -0.8182606314142999437 ) ) ;
#3806 = CARTESIAN_POINT ( 'NONE',  ( -3.411569841447999796, -1.916979016982999884, -0.4822226230020999482 ) ) ;
#3807 = CARTESIAN_POINT ( 'NONE',  ( -3.949943727452581044, -0.02108435339328074837, -0.3499999999999999778 ) ) ;
#3808 =( GEOMETRIC_REPRESENTATION_CONTEXT ( 3 ) GLOBAL_UNCERTAINTY_ASSIGNED_CONTEXT ( ( #2701 ) ) GLOBAL_UNIT_ASSIGNED_CONTEXT ( ( #5998, #4672, #692 ) ) REPRESENTATION_CONTEXT ( 'NONE', 'WORKASPACE' ) );
#3809 = AXIS2_PLACEMENT_3D ( 'NONE', #4642, #5025, #299 ) ;
#3810 = MECHANICAL_DESIGN_GEOMETRIC_PRESENTATION_REPRESENTATION (  '', ( #6230 ), #3519 ) ;
#3811 = CARTESIAN_POINT ( 'NONE',  ( -3.038358584341230628, -1.380875443987337636, -0.9255884128558790058 ) ) ;
#3812 =( NAMED_UNIT ( * ) PLANE_ANGLE_UNIT ( ) SI_UNIT ( $, .RADIAN. ) );
#3813 = EDGE_CURVE ( 'NONE', #3694, #348, #3186, .T. ) ;
#3814 = ORIENTED_EDGE ( 'NONE', *, *, #5413, .T. ) ;
#3815 = CARTESIAN_POINT ( 'NONE',  ( 1.627520521598000425, -1.079220852944998921, 0.4545175275585996988 ) ) ;
#3816 = CARTESIAN_POINT ( 'NONE',  ( -2.296549597152759414, -10.36790453707183524, -0.7798419945245741447 ) ) ;
#3817 = CARTESIAN_POINT ( 'NONE',  ( 2.295664908950000527, -9.815578508450998996, 0.9628740043350997313 ) ) ;
#3818 = SURFACE_STYLE_FILL_AREA ( #4726 ) ;
#3819 = CARTESIAN_POINT ( 'NONE',  ( -2.040120093703000403, -10.10842548055999046, -0.2729477885892998557 ) ) ;
#3820 = ORIENTED_EDGE ( 'NONE', *, *, #3804, .T. ) ;
#3821 = CARTESIAN_POINT ( 'NONE',  ( -2.973278595023998605, -1.229745935145999836, -0.5916356596701002335 ) ) ;
#3822 = CARTESIAN_POINT ( 'NONE',  ( 1.729898381029997934, -9.493129054508987252, 0.5557255668613003685 ) ) ;
#3823 = CARTESIAN_POINT ( 'NONE',  ( -1.439775417423000414, -9.873053784830000623, -0.8341321295260003543 ) ) ;
#3824 = CARTESIAN_POINT ( 'NONE',  ( 2.461052231234050147, -3.089691816052687834, -0.06929273061553381519 ) ) ;
#3825 = ORIENTED_EDGE ( 'NONE', *, *, #4586, .F. ) ;
#3826 = EDGE_CURVE ( 'NONE', #3108, #4252, #3241, .T. ) ;
#3827 = FACE_OUTER_BOUND ( 'NONE', #2703, .T. ) ;
#3828 = FACE_OUTER_BOUND ( 'NONE', #6245, .T. ) ;
#3829 =( NAMED_UNIT ( * ) PLANE_ANGLE_UNIT ( ) SI_UNIT ( $, .RADIAN. ) );
#3830 =( LENGTH_UNIT ( ) NAMED_UNIT ( * ) SI_UNIT ( .MILLI., .METRE. ) );
#3831 = CARTESIAN_POINT ( 'NONE',  ( 1.983821108289417490, -10.25211982809113742, 0.6635782352480062984 ) ) ;
#3832 = CARTESIAN_POINT ( 'NONE',  ( 2.272192541614999062, -8.777198796237996703, 0.7344776855937996674 ) ) ;
#3833 = CARTESIAN_POINT ( 'NONE',  ( 1.968731257483130603, -8.750366778910533938, 0.6186114790006531639 ) ) ;
#3834 = CARTESIAN_POINT ( 'NONE',  ( -2.489298782606999882, -10.00697643445998963, -0.8551449269233003525 ) ) ;
#3835 = CARTESIAN_POINT ( 'NONE',  ( -1.675464650239058439, -9.906269950765400623, -0.3645528500172910413 ) ) ;
#3836 = CARTESIAN_POINT ( 'NONE',  ( -2.463270454442016089, -1.837987956972999992, -1.199819173157756769 ) ) ;
#3837 = CARTESIAN_POINT ( 'NONE',  ( 1.718233991051999032, -8.884478238564996744, 0.1021094938646001371 ) ) ;
#3838 = CARTESIAN_POINT ( 'NONE',  ( 1.477999999999999980, -10.00500000000000078, 0.3449999999999999734 ) ) ;
#3839 = SURFACE_STYLE_FILL_AREA ( #400 ) ;
#3840 = EDGE_CURVE ( 'NONE', #4155, #4797, #5144, .T. ) ;
#3841 = CARTESIAN_POINT ( 'NONE',  ( 1.477999999999999980, -9.005000000000000782, 0.5999999999999999778 ) ) ;
#3842 = ORIENTED_EDGE ( 'NONE', *, *, #5913, .T. ) ;
#3843 = CARTESIAN_POINT ( 'NONE',  ( 1.975347364587001220, -1.148199953496001013, 0.6207239360877999657 ) ) ;
#3844 = SURFACE_SIDE_STYLE ('',( #5738 ) ) ;
#3845 = CARTESIAN_POINT ( 'NONE',  ( 0.005869540589296279656, -3.949995639047373608, 0.3499999999999999778 ) ) ;
#3846 = UNCERTAINTY_MEASURE_WITH_UNIT (LENGTH_MEASURE( 1.000000000000000082E-05 ), #849, 'distance_accuracy_value', 'NONE');
#3847 = EDGE_CURVE ( 'NONE', #1530, #825, #1684, .T. ) ;
#3848 = CARTESIAN_POINT ( 'NONE',  ( 3.543777856677999161, -1.521527564955000189, 0.4901963386237000453 ) ) ;
#3849 = DIRECTION ( 'NONE',  ( 0.000000000000000000, 1.000000000000000000, 0.000000000000000000 ) ) ;
#3850 = ORIENTED_EDGE ( 'NONE', *, *, #4055, .F. ) ;
#3851 = CARTESIAN_POINT ( 'NONE',  ( 1.317122338611000254, -9.805146260005994208, 0.09480758677860005867 ) ) ;
#3852 = CARTESIAN_POINT ( 'NONE',  ( -1.580427787260998862, -9.664290727695002303, -0.7926395450238998830 ) ) ;
#3853 = CARTESIAN_POINT ( 'NONE',  ( 3.421581599236000137, -1.727999999999999980, 0.7102441686503000451 ) ) ;
#3854 = ORIENTED_EDGE ( 'NONE', *, *, #4396, .T. ) ;
#3855 = VECTOR ( 'NONE', #3203, 1000.000000000000227 ) ;
#3856 =( NAMED_UNIT ( * ) SI_UNIT ( $, .STERADIAN. ) SOLID_ANGLE_UNIT ( ) );
#3857 = CARTESIAN_POINT ( 'NONE',  ( 1.706682074877998057, -9.476481401457993670, 0.7154854442347999832 ) ) ;
#3858 = CARTESIAN_POINT ( 'NONE',  ( -3.562278896335000056, -1.742277337486997535, -0.3635784169484998496 ) ) ;
#3859 =( NAMED_UNIT ( * ) PLANE_ANGLE_UNIT ( ) SI_UNIT ( $, .RADIAN. ) );
#3860 = CARTESIAN_POINT ( 'NONE',  ( -1.988000000007000390, -9.750000641426998627, -0.5999999999945999640 ) ) ;
#3861 = EDGE_LOOP ( 'NONE', ( #1408, #5886, #4629, #2395, #3022, #1780 ) ) ;
#3862 = CIRCLE ( 'NONE', #4664, 0.9500000000000006217 ) ;
#3863 = CARTESIAN_POINT ( 'NONE',  ( -2.274705634677997690, -10.13248459025999892, -0.7733259410300995507 ) ) ;
#3864 = PRESENTATION_STYLE_ASSIGNMENT (( #141 ) ) ;
#3865 = CARTESIAN_POINT ( 'NONE',  ( -1.956589158393999828, -10.25715124057000693, -0.6459575393349998862 ) ) ;
#3866 = CARTESIAN_POINT ( 'NONE',  ( 1.689862394729200856, -9.110926951059960643, 0.8325345392199702266 ) ) ;
#3867 = PRESENTATION_STYLE_ASSIGNMENT (( #4866 ) ) ;
#3868 = CIRCLE ( 'NONE', #22, 0.9499999999999998446 ) ;
#3869 = CARTESIAN_POINT ( 'NONE',  ( -1.875937865198076260, -9.204002022616485590, -0.4402991543927506357 ) ) ;
#3870 = CARTESIAN_POINT ( 'NONE',  ( 1.858411621001530012, -9.195233531870128374, 0.4297442591966275649 ) ) ;
#3871 = DIRECTION ( 'NONE',  ( 1.000000000000000000, 0.000000000000000000, 0.000000000000000000 ) ) ;
#3872 = ORIENTED_EDGE ( 'NONE', *, *, #1664, .F. ) ;
#3873 = FILL_AREA_STYLE_COLOUR ( '', #2478 ) ;
#3874 = CARTESIAN_POINT ( 'NONE',  ( -2.478000000000000203, -17.60500000000000043, -0.5999999999999999778 ) ) ;
#3875 = PRESENTATION_LAYER_ASSIGNMENT (  '', '', ( #6092 ) ) ;
#3876 = FILL_AREA_STYLE_COLOUR ( '', #5341 ) ;
#3877 = CARTESIAN_POINT ( 'NONE',  ( -2.300688820903999510, -10.06265833432000001, -0.3983272416925997539 ) ) ;
#3878 =( GEOMETRIC_REPRESENTATION_CONTEXT ( 3 ) GLOBAL_UNCERTAINTY_ASSIGNED_CONTEXT ( ( #6118 ) ) GLOBAL_UNIT_ASSIGNED_CONTEXT ( ( #4583, #5532, #2269 ) ) REPRESENTATION_CONTEXT ( 'NONE', 'WORKASPACE' ) );
#3879 = ORIENTED_EDGE ( 'NONE', *, *, #3068, .F. ) ;
#3880 = CARTESIAN_POINT ( 'NONE',  ( 1.671646020508426256, -1.295556279380384535, 0.5999954437316727951 ) ) ;
#3881 = PRESENTATION_LAYER_ASSIGNMENT (  '', '', ( #328 ) ) ;
#3882 = CARTESIAN_POINT ( 'NONE',  ( -3.279575071179978707, -1.478939808145377288, -0.8711003560110721633 ) ) ;
#3883 = CARTESIAN_POINT ( 'NONE',  ( 1.728051831764999990, -9.504934365040000444, 0.5500105306246000358 ) ) ;
#3884 = SURFACE_STYLE_USAGE ( .BOTH. , #2897 ) ;
#3885 = ORIENTED_EDGE ( 'NONE', *, *, #947, .F. ) ;
#3886 = STYLED_ITEM ( 'NONE', ( #6169 ), #5691 ) ;
#3887 = CARTESIAN_POINT ( 'NONE',  ( 3.295119948663002063, -1.495687986949999715, 0.8788199482320004918 ) ) ;
#3888 = CARTESIAN_POINT ( 'NONE',  ( -1.729418543460000457, -9.519378746633996968, -0.6482575644752003319 ) ) ;
#3889 = CARTESIAN_POINT ( 'NONE',  ( 1.580061218740999029, -8.893694424195999204, 0.8492404170030001254 ) ) ;
#3890 = SURFACE_STYLE_FILL_AREA ( #5719 ) ;
#3891 = CARTESIAN_POINT ( 'NONE',  ( 1.956617247040000507, -10.25671747777999343, 0.5508987371541999023 ) ) ;
#3892 = STYLED_ITEM ( 'NONE', ( #1617 ), #6155 ) ;
#3893 =( BOUNDED_SURFACE ( )  B_SPLINE_SURFACE ( 3, 3, ( 
 ( #3509, #5870, #500, #3943, #137, #1492, #3969, #5429, #2071, #1108, #2094, #3560, #5481, #2450, #1970, #3910, #5836, #1019, #2951, #1219, #2212 ),
 ( #6045, #5542, #4534, #3679, #2692, #1673, #6075, #1253, #5002, #677, #4650, #707, #189, #305, #3199, #3102, #2661, #2242, #1767, #652, #3619 ),
 ( #5057, #2179, #4591, #3075, #5033, #1638, #1190, #744, #4181, #777, #1732, #3129, #2144, #3589, #2603, #5125, #2118, #242, #4053, #5573, #4111 ),
 ( #4619, #2630, #4555, #213, #4083, #5982, #1701, #5513, #5608, #3164, #6108, #6009, #5090, #2725, #3644, #3709, #4143, #277, #5636, #1163, #4682 ) ),
 .UNSPECIFIED., .F., .F., .T. ) 
 B_SPLINE_SURFACE_WITH_KNOTS ( ( 4, 4 ),
 ( 4, 1, 1, 1, 1, 1, 1, 1, 1, 1, 1, 1, 1, 1, 1, 1, 1, 1, 4 ),
 ( 0.000000000000000000, 1.000000000000000000 ),
 ( 0.3531198617979999788, 0.3591652034898999979, 0.3654918444897999885, 0.3717538198298999674, 0.3778898281151999994, 0.3842183321705999743, 0.3913186303291000256, 0.3993615436226000126, 0.4080540473185999550, 0.4170240256518000233, 0.4261306525938000078, 0.4359125906379999749, 0.4468146433435000175, 0.4581887173041000461, 0.4694697857700999566, 0.4809786472412999614, 0.4933692519907000307, 0.5067417577425999964, 0.5150456944099000012 ),
 .UNSPECIFIED. ) 
 GEOMETRIC_REPRESENTATION_ITEM ( )  RATIONAL_B_SPLINE_SURFACE ( (
 ( 1.188128923252000035, 1.188128923252000035, 1.188128923252000035, 1.188128923252000035, 1.188128923252000035, 1.188128923252000035, 1.188128923252000035, 1.188128923252000035, 1.188128923252000035, 1.188128923252000035, 1.188128923252000035, 1.188128923252000035, 1.188128923252000035, 1.188128923252000035, 1.188128923252000035, 1.188128923252000035, 1.188128923252000035, 1.188128923252000035, 1.188128923252000035, 1.188128923252000035, 1.188128923252000035),
 ( 0.9372903589158000370, 0.9372903589158000370, 0.9372903589158000370, 0.9372903589158000370, 0.9372903589158000370, 0.9372903589158000370, 0.9372903589158000370, 0.9372903589158000370, 0.9372903589158000370, 0.9372903589158000370, 0.9372903589158000370, 0.9372903589158000370, 0.9372903589158000370, 0.9372903589158000370, 0.9372903589158000370, 0.9372903589158000370, 0.9372903589158000370, 0.9372903589158000370, 0.9372903589158000370, 0.9372903589158000370, 0.9372903589158000370),
 ( 0.9372903589158000370, 0.9372903589158000370, 0.9372903589158000370, 0.9372903589158000370, 0.9372903589158000370, 0.9372903589158000370, 0.9372903589158000370, 0.9372903589158000370, 0.9372903589158000370, 0.9372903589158000370, 0.9372903589158000370, 0.9372903589158000370, 0.9372903589158000370, 0.9372903589158000370, 0.9372903589158000370, 0.9372903589158000370, 0.9372903589158000370, 0.9372903589158000370, 0.9372903589158000370, 0.9372903589158000370, 0.9372903589158000370),
 ( 1.188128923252000035, 1.188128923252000035, 1.188128923252000035, 1.188128923252000035, 1.188128923252000035, 1.188128923252000035, 1.188128923252000035, 1.188128923252000035, 1.188128923252000035, 1.188128923252000035, 1.188128923252000035, 1.188128923252000035, 1.188128923252000035, 1.188128923252000035, 1.188128923252000035, 1.188128923252000035, 1.188128923252000035, 1.188128923252000035, 1.188128923252000035, 1.188128923252000035, 1.188128923252000035) ) ) 
 REPRESENTATION_ITEM ( '' )  SURFACE ( )  );
#3894 = DIRECTION ( 'NONE',  ( 0.000000000000000000, -1.959828628748999989E-13, 1.000000000000000000 ) ) ;
#3895 = CARTESIAN_POINT ( 'NONE',  ( -2.300559736580139791, -10.09371778896544924, -0.3609218981613744881 ) ) ;
#3896 = CARTESIAN_POINT ( 'NONE',  ( -2.233852653257999865, -10.50571013269999199, -0.6770346765001999945 ) ) ;
#3897 = SURFACE_STYLE_USAGE ( .BOTH. , #5381 ) ;
#3898 = CARTESIAN_POINT ( 'NONE',  ( -2.053751510129998348, -10.09085602112000579, -0.9458093396773010753 ) ) ;
#3899 = CARTESIAN_POINT ( 'NONE',  ( 1.774655547636857067, -9.153363543968191962, 0.8076114117632962053 ) ) ;
#3900 = CARTESIAN_POINT ( 'NONE',  ( 2.223000000000000309, -4.918011790920000514, 0.5999999999999999778 ) ) ;
#3901 = CARTESIAN_POINT ( 'NONE',  ( -1.590706317824998051, -9.252430710493992905, -0.3704163183393001102 ) ) ;
#3902 = PRESENTATION_LAYER_ASSIGNMENT (  '', '', ( #3512 ) ) ;
#3903 = CARTESIAN_POINT ( 'NONE',  ( -1.710462772579926405, -9.121255087768046721, -0.3728085063388707487 ) ) ;
#3904 = EDGE_CURVE ( 'NONE', #4814, #2492, #4923, .T. ) ;
#3905 = DIRECTION ( 'NONE',  ( 0.9999999999975470732, -2.214912850381105098E-06, 2.398912597098674697E-16 ) ) ;
#3906 = CARTESIAN_POINT ( 'NONE',  ( 1.551523923391999960, -9.857952930919999801, 0.3555828402666000310 ) ) ;
#3907 =( GEOMETRIC_REPRESENTATION_CONTEXT ( 3 ) GLOBAL_UNCERTAINTY_ASSIGNED_CONTEXT ( ( #4845 ) ) GLOBAL_UNIT_ASSIGNED_CONTEXT ( ( #4249, #2444, #5191 ) ) REPRESENTATION_CONTEXT ( 'NONE', 'WORKASPACE' ) );
#3908 = ORIENTED_EDGE ( 'NONE', *, *, #4832, .F. ) ;
#3909 = CARTESIAN_POINT ( 'NONE',  ( -2.223000641427000268, -10.51500000001000146, -0.6000000000053998805 ) ) ;
#3910 = CARTESIAN_POINT ( 'NONE',  ( -1.896173344286998352, -1.354788982179001344, -0.8224203287025998454 ) ) ;
#3911 = AXIS2_PLACEMENT_3D ( 'NONE', #3874, #1398, #4255 ) ;
#3912 = UNCERTAINTY_MEASURE_WITH_UNIT (LENGTH_MEASURE( 1.000000000000000082E-05 ), #4659, 'distance_accuracy_value', 'NONE');
#3913 = MECHANICAL_DESIGN_GEOMETRIC_PRESENTATION_REPRESENTATION (  '', ( #2279 ), #163 ) ;
#3914 = CARTESIAN_POINT ( 'NONE',  ( -2.116476615148999318, -10.25276035427999588, -0.5929723415902998784 ) ) ;
#3915 = EDGE_LOOP ( 'NONE', ( #4493, #2256, #1801, #196, #1396, #1834, #3270 ) ) ;
#3916 = CARTESIAN_POINT ( 'NONE',  ( 1.853188380407693847, -1.141444653660119712, 0.6000322472564129095 ) ) ;
#3917 = MECHANICAL_DESIGN_GEOMETRIC_PRESENTATION_REPRESENTATION (  '', ( #564 ), #2902 ) ;
#3918 = ORIENTED_EDGE ( 'NONE', *, *, #4195, .T. ) ;
#3919 = EDGE_CURVE ( 'NONE', #5736, #5242, #1822, .T. ) ;
#3920 =( LENGTH_UNIT ( ) NAMED_UNIT ( * ) SI_UNIT ( .MILLI., .METRE. ) );
#3921 = CARTESIAN_POINT ( 'NONE',  ( -1.655311012492998390, -9.062658453761997635, -0.8016726215639998765 ) ) ;
#3922 = CARTESIAN_POINT ( 'NONE',  ( 1.719452006424002422, -9.268033271478001822, 0.7000516461393005985 ) ) ;
#3923 = SURFACE_SIDE_STYLE ('',( #2903 ) ) ;
#3924 = ORIENTED_EDGE ( 'NONE', *, *, #6091, .T. ) ;
#3925 = EDGE_CURVE ( 'NONE', #1471, #2501, #1587, .T. ) ;
#3926 = AXIS2_PLACEMENT_3D ( 'NONE', #4813, #1356, #6274 ) ;
#3927 = CARTESIAN_POINT ( 'NONE',  ( -2.807970497245944497, -2.778334045140020248, 0.06445186940863006919 ) ) ;
#3928 = CARTESIAN_POINT ( 'NONE',  ( -2.478000000000000203, -9.005000000000000782, -0.5999999999999999778 ) ) ;
#3929 = CARTESIAN_POINT ( 'NONE',  ( -2.363395374634003065, -9.919406228055994035, -0.8440268275309995571 ) ) ;
#3930 = CARTESIAN_POINT ( 'NONE',  ( -2.313056245838998493, -8.934253337049007371, -0.8457088205675002968 ) ) ;
#3931 = FACE_OUTER_BOUND ( 'NONE', #1090, .T. ) ;
#3932 = CARTESIAN_POINT ( 'NONE',  ( 1.929638516694000661, -9.126972708100002052, 0.2945992894652000316 ) ) ;
#3933 = DIRECTION ( 'NONE',  ( 0.9999999999566878683, -8.981870519556481828E-06, -2.439339373061324000E-06 ) ) ;
#3934 = CARTESIAN_POINT ( 'NONE',  ( -1.725987545690002012, -9.366306561615997950, -0.6019862330476002388 ) ) ;
#3935 = CIRCLE ( 'NONE', #373, 3.700000000000000178 ) ;
#3936 =( BOUNDED_CURVE ( )  B_SPLINE_CURVE ( 3, ( #2289, #4230, #6151, #748, #1738, #310, #1772, #2280, #4116, #6014, #5610, #1257, #1320, #6146, #848, #2246, #5130, #1677 ),
 .UNSPECIFIED., .F., .T. ) 
 B_SPLINE_CURVE_WITH_KNOTS ( ( 4, 1, 1, 1, 1, 1, 1, 1, 1, 1, 1, 1, 1, 1, 1, 4 ),
 ( 0.000000000000000000, 0.02368774471094606260, 0.07641476000000624325, 0.1345515681149834775, 0.2001193693230499671, 0.2725184892293404659, 0.3455511353525891893, 0.4128029741101182926, 0.4821742529999766824, 0.5543306432577205234, 0.6252724679464222168, 0.6915050791347222559, 0.7538957520656154321, 0.8203691531219747812, 0.8995135994561603843, 1.000000000000000000 ),
 .UNSPECIFIED. ) 
 CURVE ( )  GEOMETRIC_REPRESENTATION_ITEM ( )  RATIONAL_B_SPLINE_CURVE ( ( 1.171577234023819525, 1.171577234023819525, 1.171577234023819525, 1.171577234023819525, 1.171577234023819525, 1.171577234023819525, 1.171577234023819525, 1.171577234023819525, 1.171577234023819525, 1.171577234023819525, 1.171577234023819525, 1.171577234023819525, 1.171577234023819525, 1.171577234023819525, 1.171577234023819525, 1.171577234023819525, 1.171577234023819525, 1.171577234023819525 ) ) 
 REPRESENTATION_ITEM ( '' )  );
#3937 = CARTESIAN_POINT ( 'NONE',  ( 2.327283496389526363, -10.30642992008563041, 0.3936504761148211795 ) ) ;
#3938 = LINE ( 'NONE', #160, #3419 ) ;
#3939 = CARTESIAN_POINT ( 'NONE',  ( 1.477999999999999980, -10.00500000000000078, 0.3449999999999999734 ) ) ;
#3940 = VERTEX_POINT ( 'NONE', #360 ) ;
#3941 = CARTESIAN_POINT ( 'NONE',  ( 1.640942542111999414, -1.029765918020999926, 0.2383589983595000295 ) ) ;
#3942 = SPHERICAL_SURFACE ( 'NONE', #931, 0.2550000000000000044 ) ;
#3943 = CARTESIAN_POINT ( 'NONE',  ( -1.998663915467001395, -1.073208628886999527, -0.6024007803023005980 ) ) ;
#3944 = VERTEX_POINT ( 'NONE', #232 ) ;
#3945 = CARTESIAN_POINT ( 'NONE',  ( -3.358417870214002399, -1.038317541713999370, -0.6075136189421004307 ) ) ;
#3946 = CARTESIAN_POINT ( 'NONE',  ( 1.710575555351000032, -9.470124333707998332, 0.4939254708808998862 ) ) ;
#3947 = CARTESIAN_POINT ( 'NONE',  ( -1.731763823185998641, -9.648793103991998521, -0.6070504927694001518 ) ) ;
#3948 = ORIENTED_EDGE ( 'NONE', *, *, #1944, .T. ) ;
#3949 = CARTESIAN_POINT ( 'NONE',  ( -1.720632227470001441, -9.502858873052000277, -0.6820095328472001173 ) ) ;
#3950 = CARTESIAN_POINT ( 'NONE',  ( 1.992892121394999272, -9.232064393880003550, 0.7343320719164999621 ) ) ;
#3951 = CARTESIAN_POINT ( 'NONE',  ( -1.687472919785999226, -9.779270244474005835, -0.4635505966249998666 ) ) ;
#3952 = CARTESIAN_POINT ( 'NONE',  ( 3.950000000000000178, 0.000000000000000000, -0.3499999999999999778 ) ) ;
#3953 = CARTESIAN_POINT ( 'NONE',  ( 1.987997709643999800, -9.514997709643997936, 0.5999995748845000643 ) ) ;
#3954 = EDGE_LOOP ( 'NONE', ( #4261, #2702, #4848, #1591, #3924, #4165, #1403, #1427 ) ) ;
#3955 = AXIS2_PLACEMENT_3D ( 'NONE', #1023, #5988, #2584 ) ;
#3956 = CARTESIAN_POINT ( 'NONE',  ( -2.647744622293304317, -2.931821025188744212, 0.08663278929636862580 ) ) ;
#3957 = CARTESIAN_POINT ( 'NONE',  ( -1.967999772022018146, -10.25999999999859824, -0.6181679323875364229 ) ) ;
#3958 = CARTESIAN_POINT ( 'NONE',  ( 2.965339094278999887, -1.028001466812000109, 0.9499999999999999556 ) ) ;
#3959 =( NAMED_UNIT ( * ) SI_UNIT ( $, .STERADIAN. ) SOLID_ANGLE_UNIT ( ) );
#3960 = CARTESIAN_POINT ( 'NONE',  ( 1.985405460868999050, -9.215270487639001473, 0.4286139852343995860 ) ) ;
#3961 = CARTESIAN_POINT ( 'NONE',  ( -1.990662427853999938, -1.727999878926999910, -0.9500009706811000099 ) ) ;
#3962 = CARTESIAN_POINT ( 'NONE',  ( -1.725877221296001851, -9.309315830067996345, -0.5295189551316002996 ) ) ;
#3963 = CARTESIAN_POINT ( 'NONE',  ( 2.477996351267000019, -10.00500000000000078, 0.3450000000260999844 ) ) ;
#3964 = CARTESIAN_POINT ( 'NONE',  ( 1.537542917611395721, -9.124082259170974041, 0.8483682523852220658 ) ) ;
#3965 = CARTESIAN_POINT ( 'NONE',  ( -1.631904894684630847, -9.081986507673777353, -0.8431227468566343530 ) ) ;
#3966 = FILL_AREA_STYLE ('',( #4942 ) ) ;
#3967 = ORIENTED_EDGE ( 'NONE', *, *, #1357, .T. ) ;
#3968 = CARTESIAN_POINT ( 'NONE',  ( 2.259614960537001949, -8.907106180661003236, 0.3637015893699002689 ) ) ;
#3969 = CARTESIAN_POINT ( 'NONE',  ( -1.975347364587001220, -1.148199953494999148, -0.6207239360876004586 ) ) ;
#3970 = AXIS2_PLACEMENT_3D ( 'NONE', #5885, #4830, #1953 ) ;
#3971 = MECHANICAL_DESIGN_GEOMETRIC_PRESENTATION_REPRESENTATION (  '', ( #2046 ), #3567 ) ;
#3972 = UNCERTAINTY_MEASURE_WITH_UNIT (LENGTH_MEASURE( 1.000000000000000082E-05 ), #5040, 'distance_accuracy_value', 'NONE');
#3973 = CARTESIAN_POINT ( 'NONE',  ( 2.603684530384000606, -8.778510564899002944, 0.9378440584461996687 ) ) ;
#3974 = CARTESIAN_POINT ( 'NONE',  ( 2.975210728366999291, -1.013931499819000770, 0.6002535207383004057 ) ) ;
#3975 = ORIENTED_EDGE ( 'NONE', *, *, #1357, .F. ) ;
#3976 = CARTESIAN_POINT ( 'NONE',  ( 1.773488855248448903, -1.201910263899265807, 0.5999624651249224616 ) ) ;
#3977 = CARTESIAN_POINT ( 'NONE',  ( 1.679355537928999942, -9.407714555313999583, 0.4427682846214999746 ) ) ;
#3978 = CARTESIAN_POINT ( 'NONE',  ( -1.651142840413000190, -9.643082335506996117, -0.7258513994819000281 ) ) ;
#3979 = COLOUR_RGB ( '',0.8039215686274510109, 0.8039215686274510109, 0.8039215686274510109 ) ;
#3980 = ORIENTED_EDGE ( 'NONE', *, *, #5672, .F. ) ;
#3981 = PRESENTATION_LAYER_ASSIGNMENT (  '', '', ( #719 ) ) ;
#3982 =( NAMED_UNIT ( * ) PLANE_ANGLE_UNIT ( ) SI_UNIT ( $, .RADIAN. ) );
#3983 = CARTESIAN_POINT ( 'NONE',  ( 1.765990990488998325, -8.980334361325004622, 0.8837377141264995961 ) ) ;
#3984 = CARTESIAN_POINT ( 'NONE',  ( -1.721078543203998779, -9.643430861823004463, -0.5660223066843999007 ) ) ;
#3985 = FILL_AREA_STYLE ('',( #3549 ) ) ;
#3986 = COLOUR_RGB ( '',0.8039215686274510109, 0.8039215686274510109, 0.8039215686274510109 ) ;
#3987 = EDGE_CURVE ( 'NONE', #5307, #218, #5126, .T. ) ;
#3988 = COLOUR_RGB ( '',0.8039215686274510109, 0.8039215686274510109, 0.8039215686274510109 ) ;
#3989 = CARTESIAN_POINT ( 'NONE',  ( -1.988432069293630811, -8.760217312214750862, -0.6738324223336826790 ) ) ;
#3990 =( GEOMETRIC_REPRESENTATION_CONTEXT ( 3 ) GLOBAL_UNCERTAINTY_ASSIGNED_CONTEXT ( ( #4535 ) ) GLOBAL_UNIT_ASSIGNED_CONTEXT ( ( #3317, #417, #5624 ) ) REPRESENTATION_CONTEXT ( 'NONE', 'WORKASPACE' ) );
#3991 = CARTESIAN_POINT ( 'NONE',  ( -1.708652029317656140, -9.543851493954313980, -0.7141699101928522531 ) ) ;
#3992 = DIRECTION ( 'NONE',  ( -9.242378229126896800E-12, 4.190888902950703588E-06, -0.9999999999912181359 ) ) ;
#3993 = CYLINDRICAL_SURFACE ( 'NONE', #3390, 3.950000000000000178 ) ;
#3994 = DIRECTION ( 'NONE',  ( 8.659560562354940254E-17, 8.659560562354940254E-17, 1.000000000000000000 ) ) ;
#3995 = FILL_AREA_STYLE ('',( #1631 ) ) ;
#3996 = CARTESIAN_POINT ( 'NONE',  ( -1.611529557153997372, -8.959691887407004174, -0.3655750735639999305 ) ) ;
#3997 = CARTESIAN_POINT ( 'NONE',  ( -3.404205669610999685, -1.941808874565999821, -0.4704544481226000108 ) ) ;
#3998 = CARTESIAN_POINT ( 'NONE',  ( 1.650785601977432071, -9.350568308266080209, 0.7882734984650714427 ) ) ;
#3999 = EDGE_CURVE ( 'NONE', #1644, #5195, #13, .T. ) ;
#4000 = ORIENTED_EDGE ( 'NONE', *, *, #934, .T. ) ;
#4001 = FACE_OUTER_BOUND ( 'NONE', #14, .T. ) ;
#4002 = SURFACE_SIDE_STYLE ('',( #1189 ) ) ;
#4003 = EDGE_CURVE ( 'NONE', #3, #1879, #2138, .T. ) ;
#4004 = CARTESIAN_POINT ( 'NONE',  ( -1.537030228176999858, -1.916979188782999888, -0.5999999999999999778 ) ) ;
#4005 = CARTESIAN_POINT ( 'NONE',  ( 3.300532347170999525, -1.446047339638002027, 0.6712646045797004968 ) ) ;
#4006 = CIRCLE ( 'NONE', #2889, 0.2550000000000000044 ) ;
#4007 = CARTESIAN_POINT ( 'NONE',  ( -3.153012766193000083, -0.9976312770556994280, -0.6031455125049002275 ) ) ;
#4008 = VERTEX_POINT ( 'NONE', #4671 ) ;
#4009 = SURFACE_STYLE_USAGE ( .BOTH. , #2926 ) ;
#4010 = CARTESIAN_POINT ( 'NONE',  ( 1.601689149280725477, -9.757653437304687927, 0.8230818410994089618 ) ) ;
#4011 = TOROIDAL_SURFACE ( 'NONE', #2084, 3.700000000000000178, 0.2500000000000000000 ) ;
#4012 = ORIENTED_EDGE ( 'NONE', *, *, #2773, .T. ) ;
#4013 = CARTESIAN_POINT ( 'NONE',  ( -1.719452008271999954, -9.268033270202996832, -0.7000516466093995582 ) ) ;
#4014 = CARTESIAN_POINT ( 'NONE',  ( 1.999382752956998965, -9.256717477783995562, 0.6491012628457004663 ) ) ;
#4015 = CARTESIAN_POINT ( 'NONE',  ( -1.505591916793998841, -10.00348113171999920, -0.3443585572984000365 ) ) ;
#4016 = CARTESIAN_POINT ( 'NONE',  ( 3.209894801699671785, -1.430211099490031001, 0.8832074651636412366 ) ) ;
#4017 = COLOUR_RGB ( '',0.8039215686274510109, 0.8039215686274510109, 0.8039215686274510109 ) ;
#4018 = CARTESIAN_POINT ( 'NONE',  ( -1.967999908354417293, -8.750001099357801237, -0.6044031534893780089 ) ) ;
#4019 = CARTESIAN_POINT ( 'NONE',  ( 3.950000000000000178, 0.000000000000000000, 0.3499999999999999778 ) ) ;
#4020 = CARTESIAN_POINT ( 'NONE',  ( -1.956524166860999836, -8.749793329978992062, -0.5946691783069002479 ) ) ;
#4021 = CARTESIAN_POINT ( 'NONE',  ( 3.495037647498000055, -1.214363088788000145, 0.9499965504816999529 ) ) ;
#4022 = CARTESIAN_POINT ( 'NONE',  ( -1.678119438084999526, -8.844382334468997797, -0.08516821992263998164 ) ) ;
#4023 = CIRCLE ( 'NONE', #468, 0.3500000000000000888 ) ;
#4024 = CARTESIAN_POINT ( 'NONE',  ( 1.691256335975809044, -9.431510245673695891, 0.7411960293174717496 ) ) ;
#4025 = CARTESIAN_POINT ( 'NONE',  ( -1.640795608980070819, -9.086414392225513836, -0.8416851105784320941 ) ) ;
#4026 = CIRCLE ( 'NONE', #5949, 3.950000000000000178 ) ;
#4027 = CARTESIAN_POINT ( 'NONE',  ( -2.264743664024589709, -10.43151024566466667, -0.4588039706821824271 ) ) ;
#4028 = ORIENTED_EDGE ( 'NONE', *, *, #1640, .F. ) ;
#4029 = CARTESIAN_POINT ( 'NONE',  ( 2.250935606121999388, -8.490107878604991498, 0.4656679280789995934 ) ) ;
#4030 = CARTESIAN_POINT ( 'NONE',  ( -2.478000000000000203, -1.837987956972999992, -0.5999999999999999778 ) ) ;
#4031 = FILL_AREA_STYLE ('',( #531 ) ) ;
#4032 = UNCERTAINTY_MEASURE_WITH_UNIT (LENGTH_MEASURE( 1.000000000000000082E-05 ), #5150, 'distance_accuracy_value', 'NONE');
#4033 = EDGE_CURVE ( 'NONE', #3242, #1649, #4822, .T. ) ;
#4034 = CARTESIAN_POINT ( 'NONE',  ( 3.540363939593528464, -1.573903080094223528, 0.5291245168906666407 ) ) ;
#4035 = CARTESIAN_POINT ( 'NONE',  ( 3.343454667398999991, -2.103307452527999999, 0.3608753721561999694 ) ) ;
#4036 = CARTESIAN_POINT ( 'NONE',  ( 2.161662209804834589, -10.16318596685852427, 0.3999411895045688614 ) ) ;
#4037 = ORIENTED_EDGE ( 'NONE', *, *, #5106, .T. ) ;
#4038 = CARTESIAN_POINT ( 'NONE',  ( 1.844245345137998981, -9.756819041003003790, 0.6004876288593001821 ) ) ;
#4039 = CARTESIAN_POINT ( 'NONE',  ( 1.532623107794671258, -9.895877654860939288, 0.8491777384412522167 ) ) ;
#4040 = ORIENTED_EDGE ( 'NONE', *, *, #5193, .F. ) ;
#4041 = CARTESIAN_POINT ( 'NONE',  ( 1.706379233078000102, -1.727999999991999935, 1.154165176144999805 ) ) ;
#4042 = CARTESIAN_POINT ( 'NONE',  ( -1.945637059664999891, -1.376895557460000141, -0.9153181118338000744 ) ) ;
#4043 = CARTESIAN_POINT ( 'NONE',  ( -1.829022381948002041, -9.755713148316003114, -0.5670096501384999099 ) ) ;
#4044 = CARTESIAN_POINT ( 'NONE',  ( 2.478000000000000203, -10.00500000000000078, 0.5999999999999999778 ) ) ;
#4045 = CARTESIAN_POINT ( 'NONE',  ( -1.956869474763000216, -8.749978395392009389, -0.5809770143912004192 ) ) ;
#4046 = CARTESIAN_POINT ( 'NONE',  ( -2.875634622582037725, -2.708984500478770041, 0.04682089198324340673 ) ) ;
#4047 = CARTESIAN_POINT ( 'NONE',  ( -2.142295509341320958, -10.17285551357781870, -0.7919695293264809033 ) ) ;
#4048 = CARTESIAN_POINT ( 'NONE',  ( -2.523308516655998091, -8.871469967903999887, -0.8344255107620996981 ) ) ;
#4049 = CARTESIAN_POINT ( 'NONE',  ( 1.477999999999999980, -10.25999999999999979, 0.5999999999999999778 ) ) ;
#4050 =( LENGTH_UNIT ( ) NAMED_UNIT ( * ) SI_UNIT ( .MILLI., .METRE. ) );
#4051 = CARTESIAN_POINT ( 'NONE',  ( 2.121625595013997945, -8.756359548319997188, 0.5815473894253005982 ) ) ;
#4052 = FILL_AREA_STYLE_COLOUR ( '', #613 ) ;
#4053 = CARTESIAN_POINT ( 'NONE',  ( -1.653422819303002278, -1.535541479495999617, -1.102112881393000565 ) ) ;
#4054 = MECHANICAL_DESIGN_GEOMETRIC_PRESENTATION_REPRESENTATION (  '', ( #5473 ), #4149 ) ;
#4055 = EDGE_CURVE ( 'NONE', #1936, #2102, #2305, .T. ) ;
#4056 =( NAMED_UNIT ( * ) SI_UNIT ( $, .STERADIAN. ) SOLID_ANGLE_UNIT ( ) );
#4057 = CARTESIAN_POINT ( 'NONE',  ( 3.421153425780000035, -1.064624226290999953, 0.6088146652386001723 ) ) ;
#4058 = CARTESIAN_POINT ( 'NONE',  ( 2.153577593436684978, -10.16721982748219233, 0.4032445402222999409 ) ) ;
#4059 = ORIENTED_EDGE ( 'NONE', *, *, #4465, .F. ) ;
#4060 = CARTESIAN_POINT ( 'NONE',  ( 1.499536519724000927, -9.637494573274993925, 0.9963406344133991510 ) ) ;
#4061 = MECHANICAL_DESIGN_GEOMETRIC_PRESENTATION_REPRESENTATION (  '', ( #1531 ), #4861 ) ;
#4062 = SPHERICAL_SURFACE ( 'NONE', #236, 0.2550000000000000044 ) ;
#4063 = ORIENTED_EDGE ( 'NONE', *, *, #2080, .F. ) ;
#4064 = MECHANICAL_DESIGN_GEOMETRIC_PRESENTATION_REPRESENTATION (  '', ( #512 ), #2957 ) ;
#4065 = MECHANICAL_DESIGN_GEOMETRIC_PRESENTATION_REPRESENTATION (  '', ( #618 ), #5278 ) ;
#4066 = CARTESIAN_POINT ( 'NONE',  ( -1.999582566976001452, -9.260344530592004020, -0.6013850873440997891 ) ) ;
#4067 = CARTESIAN_POINT ( 'NONE',  ( 1.477999999999999980, -10.25999999999999979, 0.5999999999999999778 ) ) ;
#4068 = CARTESIAN_POINT ( 'NONE',  ( -1.688043658847998563, -9.505794624650995672, -0.4337790202849003407 ) ) ;
#4069 = CARTESIAN_POINT ( 'NONE',  ( -2.123112720678001608, -8.837110873217007168, -0.4068513625611002715 ) ) ;
#4070 = ADVANCED_FACE ( 'NONE', ( #330 ), #6128, .T. ) ;
#4071 = CARTESIAN_POINT ( 'NONE',  ( 2.478000000000000203, -9.005000000000000782, 0.5999999999999999778 ) ) ;
#4072 =( NAMED_UNIT ( * ) SI_UNIT ( $, .STERADIAN. ) SOLID_ANGLE_UNIT ( ) );
#4073 = CARTESIAN_POINT ( 'NONE',  ( -3.416098683149997761, -1.694256221142999452, -0.7510796430145000313 ) ) ;
#4074 = CARTESIAN_POINT ( 'NONE',  ( -2.299825720903000192, -8.635197603117001464, -0.7155383729680006022 ) ) ;
#4075 = VECTOR ( 'NONE', #4842, 1000.000000000000114 ) ;
#4076 = FILL_AREA_STYLE_COLOUR ( '', #5076 ) ;
#4077 = CARTESIAN_POINT ( 'NONE',  ( -2.392517689964910765, -8.834045145348197181, -0.3597506820151968321 ) ) ;
#4078 = SURFACE_SIDE_STYLE ('',( #2237 ) ) ;
#4079 = FILL_AREA_STYLE_COLOUR ( '', #5442 ) ;
#4080 = CARTESIAN_POINT ( 'NONE',  ( 2.268169133961829065, -8.900082871165878373, 0.3671615906407895147 ) ) ;
#4081 = CARTESIAN_POINT ( 'NONE',  ( 2.587232800946002165, -8.901924569662998721, 0.3511739165390003192 ) ) ;
#4082 =( LENGTH_UNIT ( ) NAMED_UNIT ( * ) SI_UNIT ( .MILLI., .METRE. ) );
#4083 = CARTESIAN_POINT ( 'NONE',  ( -1.634604693547001997, -1.122894363804999962, -0.2429495059727997952 ) ) ;
#4084 =( GEOMETRIC_REPRESENTATION_CONTEXT ( 3 ) GLOBAL_UNCERTAINTY_ASSIGNED_CONTEXT ( ( #921 ) ) GLOBAL_UNIT_ASSIGNED_CONTEXT ( ( #1316, #6106, #2723 ) ) REPRESENTATION_CONTEXT ( 'NONE', 'WORKASPACE' ) );
#4085 = UNCERTAINTY_MEASURE_WITH_UNIT (LENGTH_MEASURE( 1.000000000000000082E-05 ), #3920, 'distance_accuracy_value', 'NONE');
#4086 = EDGE_CURVE ( 'NONE', #5360, #2150, #4332, .T. ) ;
#4087 =( BOUNDED_SURFACE ( )  B_SPLINE_SURFACE ( 3, 3, ( 
 ( #4178, #1698, #2273, #741, #4680, #1250, #2311, #2690, #3641, #4215, #1795, #3196, #1187, #1217, #1826, #4246, #704, #5663 ),
 ( #1315, #3676, #4617, #5570, #5055, #3264, #2658, #3161, #6170, #2208, #6105, #5187, #840, #4140, #370, #6072, #2781, #5605 ),
 ( #4712, #5122, #774, #2722, #1764, #3707, #4801, #1064, #1884, #2499, #4335, #2533, #2932, #484, #510, #57, #938, #5884 ),
 ( #6263, #5410, #4462, #2019, #1536, #5312, #2870, #1476, #965, #3388, #1412, #5274, #3352, #579, #3891, #4927, #1912, #5345 ) ),
 .UNSPECIFIED., .F., .F., .F. ) 
 B_SPLINE_SURFACE_WITH_KNOTS ( ( 4, 4 ),
 ( 4, 1, 1, 1, 1, 1, 1, 1, 1, 1, 1, 1, 1, 1, 1, 4 ),
 ( 0.000000000000000000, 1.000000000000000000 ),
 ( -0.009398514891101999655, 0.000000000000000000, 0.1047490706755999923, 0.1851413214109000061, 0.2527194064876999713, 0.3189088142589999730, 0.3914527189716999755, 0.4677077458091999929, 0.5428255990819000898, 0.6131085707549999153, 0.6886192553979000319, 0.7649069008680999815, 0.8340661607746000517, 0.8947771060562000889, 0.9493299963432000332, 0.9829193381745999769 ),
 .UNSPECIFIED. ) 
 GEOMETRIC_REPRESENTATION_ITEM ( )  RATIONAL_B_SPLINE_SURFACE ( (
 ( 1.194558344367000036, 1.194558344367000036, 1.194558344367000036, 1.194558344367000036, 1.194558344367000036, 1.194558344367000036, 1.194558344367000036, 1.194558344367000036, 1.194558344367000036, 1.194558344367000036, 1.194558344367000036, 1.194558344367000036, 1.194558344367000036, 1.194558344367000036, 1.194558344367000036, 1.194558344367000036, 1.194558344367000036, 1.194558344367000036),
 ( 0.9351472185445000029, 0.9351472185445000029, 0.9351472185445000029, 0.9351472185445000029, 0.9351472185445000029, 0.9351472185445000029, 0.9351472185445000029, 0.9351472185445000029, 0.9351472185445000029, 0.9351472185445000029, 0.9351472185445000029, 0.9351472185445000029, 0.9351472185445000029, 0.9351472185445000029, 0.9351472185445000029, 0.9351472185445000029, 0.9351472185445000029, 0.9351472185445000029),
 ( 0.9351472185445000029, 0.9351472185445000029, 0.9351472185445000029, 0.9351472185445000029, 0.9351472185445000029, 0.9351472185445000029, 0.9351472185445000029, 0.9351472185445000029, 0.9351472185445000029, 0.9351472185445000029, 0.9351472185445000029, 0.9351472185445000029, 0.9351472185445000029, 0.9351472185445000029, 0.9351472185445000029, 0.9351472185445000029, 0.9351472185445000029, 0.9351472185445000029),
 ( 1.194558344367000036, 1.194558344367000036, 1.194558344367000036, 1.194558344367000036, 1.194558344367000036, 1.194558344367000036, 1.194558344367000036, 1.194558344367000036, 1.194558344367000036, 1.194558344367000036, 1.194558344367000036, 1.194558344367000036, 1.194558344367000036, 1.194558344367000036, 1.194558344367000036, 1.194558344367000036, 1.194558344367000036, 1.194558344367000036) ) ) 
 REPRESENTATION_ITEM ( '' )  SURFACE ( )  );
#4088 = SURFACE_STYLE_FILL_AREA ( #1165 ) ;
#4089 = CARTESIAN_POINT ( 'NONE',  ( -2.239304706917071286, -8.527631541853597952, -0.6902020983811574251 ) ) ;
#4090 = ORIENTED_EDGE ( 'NONE', *, *, #5412, .T. ) ;
#4091 = CARTESIAN_POINT ( 'NONE',  ( 1.732062967966997657, -9.648979033046996889, 0.6004701758936998868 ) ) ;
#4092 = CARTESIAN_POINT ( 'NONE',  ( -3.539883504011096971, -1.577192938091413810, -0.5282426396382964295 ) ) ;
#4093 = CARTESIAN_POINT ( 'NONE',  ( 1.547372626936357021, -9.866306974389887685, 0.8453998129761534086 ) ) ;
#4094 = ORIENTED_EDGE ( 'NONE', *, *, #1207, .T. ) ;
#4095 = CARTESIAN_POINT ( 'NONE',  ( 1.548948578018470412, -1.691580368674299617, 0.8000309566228079872 ) ) ;
#4096 = CARTESIAN_POINT ( 'NONE',  ( 2.243151775718788432, -8.535304228847410357, 0.6997179806767099830 ) ) ;
#4097 = SURFACE_SIDE_STYLE ('',( #1654 ) ) ;
#4098 =( NAMED_UNIT ( * ) SI_UNIT ( $, .STERADIAN. ) SOLID_ANGLE_UNIT ( ) );
#4099 = FACE_OUTER_BOUND ( 'NONE', #3861, .T. ) ;
#4100 = PRESENTATION_STYLE_ASSIGNMENT (( #5591 ) ) ;
#4101 = ADVANCED_FACE ( 'NONE', ( #3827 ), #3036, .F. ) ;
#4102 = CARTESIAN_POINT ( 'NONE',  ( 3.034281300321211017, -2.529078178186130454, 0.02590849863232487504 ) ) ;
#4103 = CARTESIAN_POINT ( 'NONE',  ( 2.262064411801982811, -8.573154299544839319, 0.4631592596891564440 ) ) ;
#4104 = CARTESIAN_POINT ( 'NONE',  ( -1.501065053448659592, -9.993465646940833835, -0.8549982918761589445 ) ) ;
#4105 = CARTESIAN_POINT ( 'NONE',  ( -2.319814033161991862, -8.688662209844549622, -0.3999411894881754748 ) ) ;
#4106 = EDGE_CURVE ( 'NONE', #4737, #4266, #2514, .T. ) ;
#4107 =( NAMED_UNIT ( * ) PLANE_ANGLE_UNIT ( ) SI_UNIT ( $, .RADIAN. ) );
#4108 = CARTESIAN_POINT ( 'NONE',  ( -1.729097173418000066, -9.504896358572000992, -0.6447916697302999989 ) ) ;
#4109 = CARTESIAN_POINT ( 'NONE',  ( 3.420353033816392774, -1.714330313058532118, 0.7207596149834645249 ) ) ;
#4110 = CARTESIAN_POINT ( 'NONE',  ( 2.222785183637002060, -8.483422259515007724, 0.6053246449227999149 ) ) ;
#4111 = CARTESIAN_POINT ( 'NONE',  ( -1.710487128298999293, -1.521161875217999171, -1.169104602206000543 ) ) ;
#4112 = MECHANICAL_DESIGN_GEOMETRIC_PRESENTATION_REPRESENTATION (  '', ( #5528 ), #978 ) ;
#4113 = AXIS2_PLACEMENT_3D ( 'NONE', #4817, #4259, #3312 ) ;
#4114 = FILL_AREA_STYLE ('',( #5003 ) ) ;
#4115 = FILL_AREA_STYLE_COLOUR ( '', #1977 ) ;
#4116 = CARTESIAN_POINT ( 'NONE',  ( 2.296549597152760303, -10.36790453707183701, 0.7798419945245745888 ) ) ;
#4117 = ADVANCED_FACE ( 'NONE', ( #3339 ), #3432, .T. ) ;
#4118 = CARTESIAN_POINT ( 'NONE',  ( 2.266137605214759709, -10.11092695108594874, 0.3674654607904040970 ) ) ;
#4119 = ORIENTED_EDGE ( 'NONE', *, *, #4917, .T. ) ;
#4120 = PRESENTATION_STYLE_ASSIGNMENT (( #252 ) ) ;
#4121 = FILL_AREA_STYLE ('',( #753 ) ) ;
#4122 = CARTESIAN_POINT ( 'NONE',  ( -2.223000000000000309, -4.918011823016000150, -0.6000000000122999166 ) ) ;
#4123 = CARTESIAN_POINT ( 'NONE',  ( 1.622019943052883661, -9.716969771453372928, 0.8104561744412652757 ) ) ;
#4124 =( BOUNDED_SURFACE ( )  B_SPLINE_SURFACE ( 3, 3, ( 
 ( #1866, #1897, #2250, #4755, #5197, #4225, #3843, #1775, #6181, #379, #3717, #5764, #1802, #818, #1835, #886, #3747, #2729, #349, #405, #3236 ),
 ( #4721, #5227, #2283, #2825, #5669, #1291, #5737, #4319, #1323, #3781, #5706, #3271, #5133, #2757, #2355, #4690, #851, #1360, #2792, #2319, #3308 ),
 ( #4286, #4253, #6215, #918, #3815, #313, #1397, #3334, #5257, #2854, #4789, #1428, #4191, #783, #4658, #6114, #108, #1556, #5292, #981, #4944 ),
 ( #4844, #3941, #4351, #4385, #2069, #498, #471, #1522, #2419, #3017, #4480, #591, #4, #1929, #2547, #4873, #3507, #2918, #2448, #136, #41 ) ),
 .UNSPECIFIED., .F., .F., .F. ) 
 B_SPLINE_SURFACE_WITH_KNOTS ( ( 4, 4 ),
 ( 4, 1, 1, 1, 1, 1, 1, 1, 1, 1, 1, 1, 1, 1, 1, 1, 1, 1, 4 ),
 ( 0.000000000000000000, 1.000000000000000000 ),
 ( 0.3531198617977999721, 0.3591652034897999668, 0.3654918444897000129, 0.3717538198298999674, 0.3778898281150999683, 0.3842183321704999988, 0.3913186303289999945, 0.3993615436224999815, 0.4080540473185999550, 0.4170240256518000233, 0.4261306525938000078, 0.4359125906378999993, 0.4468146433433000109, 0.4581887173039000394, 0.4694697857698999499, 0.4809786472410999547, 0.4933692519905000240, 0.5067417577424999653, 0.5150456944096000189 ),
 .UNSPECIFIED. ) 
 GEOMETRIC_REPRESENTATION_ITEM ( )  RATIONAL_B_SPLINE_SURFACE ( (
 ( 1.188128923252000035, 1.188128923252000035, 1.188128923252000035, 1.188128923252000035, 1.188128923252000035, 1.188128923252000035, 1.188128923252000035, 1.188128923252000035, 1.188128923252000035, 1.188128923252000035, 1.188128923252000035, 1.188128923252000035, 1.188128923252000035, 1.188128923252000035, 1.188128923252000035, 1.188128923252000035, 1.188128923252000035, 1.188128923252000035, 1.188128923252000035, 1.188128923252000035, 1.188128923252000035),
 ( 0.9372903589158000370, 0.9372903589158000370, 0.9372903589158000370, 0.9372903589158000370, 0.9372903589158000370, 0.9372903589158000370, 0.9372903589158000370, 0.9372903589158000370, 0.9372903589158000370, 0.9372903589158000370, 0.9372903589158000370, 0.9372903589158000370, 0.9372903589158000370, 0.9372903589158000370, 0.9372903589158000370, 0.9372903589158000370, 0.9372903589158000370, 0.9372903589158000370, 0.9372903589158000370, 0.9372903589158000370, 0.9372903589158000370),
 ( 0.9372903589158000370, 0.9372903589158000370, 0.9372903589158000370, 0.9372903589158000370, 0.9372903589158000370, 0.9372903589158000370, 0.9372903589158000370, 0.9372903589158000370, 0.9372903589158000370, 0.9372903589158000370, 0.9372903589158000370, 0.9372903589158000370, 0.9372903589158000370, 0.9372903589158000370, 0.9372903589158000370, 0.9372903589158000370, 0.9372903589158000370, 0.9372903589158000370, 0.9372903589158000370, 0.9372903589158000370, 0.9372903589158000370),
 ( 1.188128923252000035, 1.188128923252000035, 1.188128923252000035, 1.188128923252000035, 1.188128923252000035, 1.188128923252000035, 1.188128923252000035, 1.188128923252000035, 1.188128923252000035, 1.188128923252000035, 1.188128923252000035, 1.188128923252000035, 1.188128923252000035, 1.188128923252000035, 1.188128923252000035, 1.188128923252000035, 1.188128923252000035, 1.188128923252000035, 1.188128923252000035, 1.188128923252000035, 1.188128923252000035) ) ) 
 REPRESENTATION_ITEM ( '' )  SURFACE ( )  );
#4125 = VERTEX_POINT ( 'NONE', #1327 ) ;
#4126 = ORIENTED_EDGE ( 'NONE', *, *, #4953, .T. ) ;
#4127 = CARTESIAN_POINT ( 'NONE',  ( 2.278997977456077351, -8.607062134948336052, 0.7597008456979107427 ) ) ;
#4128 = LINE ( 'NONE', #4067, #624 ) ;
#4129 = CARTESIAN_POINT ( 'NONE',  ( 1.546243026755000027, -9.983083156009998405, 0.3449901659583001212 ) ) ;
#4130 = LINE ( 'NONE', #3660, #6209 ) ;
#4131 = CARTESIAN_POINT ( 'NONE',  ( -2.090574238184406131, -8.811285781685480600, -0.4332343611648867276 ) ) ;
#4132 = CARTESIAN_POINT ( 'NONE',  ( -1.882610253386387322, -1.119776718364047019, -0.6001266305980028637 ) ) ;
#4133 = CARTESIAN_POINT ( 'NONE',  ( -3.312869103286001593, -1.461925808111998570, -0.7010250341489996373 ) ) ;
#4134 = CARTESIAN_POINT ( 'NONE',  ( -1.733247162437277389, -9.877374789329838478, -0.8213079392851841964 ) ) ;
#4135 = CARTESIAN_POINT ( 'NONE',  ( 1.992378448825001591, -9.753581462572000760, 0.6482575083685000461 ) ) ;
#4136 = CARTESIAN_POINT ( 'NONE',  ( -1.653883620580002045, -8.820729072722988562, -0.07696743346325003732 ) ) ;
#4137 = DIRECTION ( 'NONE',  ( -0.000000000000000000, 0.000000000000000000, 1.000000000000000000 ) ) ;
#4138 = CARTESIAN_POINT ( 'NONE',  ( 1.731082299000000102, -9.504903828359999807, 0.5668017887180000214 ) ) ;
#4139 = DIRECTION ( 'NONE',  ( 0.000000000000000000, 0.000000000000000000, 1.000000000000000000 ) ) ;
#4140 = CARTESIAN_POINT ( 'NONE',  ( 2.228437243574001414, -10.34947953770999618, 0.5658571811770997106 ) ) ;
#4141 = DIRECTION ( 'NONE',  ( 8.298890773929823721E-05, 0.000000000000000000, 0.9999999965564205784 ) ) ;
#4142 = SURFACE_SIDE_STYLE ('',( #1766 ) ) ;
#4143 = CARTESIAN_POINT ( 'NONE',  ( -1.563392122089999114, -1.743145644201999023, -0.8590264637101990841 ) ) ;
#4144 = MECHANICAL_DESIGN_GEOMETRIC_PRESENTATION_REPRESENTATION (  '', ( #2031 ), #4651 ) ;
#4145 = CARTESIAN_POINT ( 'NONE',  ( 3.506905904238556193, -1.746370060830154447, 0.4837275734090928925 ) ) ;
#4146 = CARTESIAN_POINT ( 'NONE',  ( -1.721432809441999945, -9.491947192987000292, -0.5221414699366000445 ) ) ;
#4147 = CARTESIAN_POINT ( 'NONE',  ( 1.964767874460897845, -9.761615087880782582, 0.6786295094934073902 ) ) ;
#4148 = CARTESIAN_POINT ( 'NONE',  ( 2.342851818341650461, -10.07264138844761447, 0.3540487605638048541 ) ) ;
#4149 =( GEOMETRIC_REPRESENTATION_CONTEXT ( 3 ) GLOBAL_UNCERTAINTY_ASSIGNED_CONTEXT ( ( #4593 ) ) GLOBAL_UNIT_ASSIGNED_CONTEXT ( ( #2617, #2592, #1655 ) ) REPRESENTATION_CONTEXT ( 'NONE', 'WORKASPACE' ) );
#4150 = ORIENTED_EDGE ( 'NONE', *, *, #6039, .T. ) ;
#4151 = CARTESIAN_POINT ( 'NONE',  ( 1.667602193710997938, -9.785109718732002193, 0.7471778402685000930 ) ) ;
#4152 = CARTESIAN_POINT ( 'NONE',  ( -1.606720393862999918, -9.747558470977001122, -0.3794756932630999890 ) ) ;
#4153 = CARTESIAN_POINT ( 'NONE',  ( 2.116502902231000238, -10.25279982323000283, 0.6065512351236994615 ) ) ;
#4154 = UNCERTAINTY_MEASURE_WITH_UNIT (LENGTH_MEASURE( 1.000000000000000082E-05 ), #943, 'distance_accuracy_value', 'NONE');
#4155 = VERTEX_POINT ( 'NONE', #5233 ) ;
#4156 = VERTEX_POINT ( 'NONE', #2421 ) ;
#4157 = PRESENTATION_LAYER_ASSIGNMENT (  '', '', ( #3149 ) ) ;
#4158 = DIRECTION ( 'NONE',  ( -0.02454924252403933513, 0.000000000000000000, 0.9996986219313778177 ) ) ;
#4159 =( NAMED_UNIT ( * ) PLANE_ANGLE_UNIT ( ) SI_UNIT ( $, .RADIAN. ) );
#4160 = CARTESIAN_POINT ( 'NONE',  ( -1.662142218306001507, -9.519230909357002446, -0.3878589480573000348 ) ) ;
#4161 = B_SPLINE_CURVE_WITH_KNOTS ( 'NONE', 3,
 ( #1107, #5000, #2602, #187, #4279, #3806 ),
 .UNSPECIFIED., .F., .F.,
 ( 4, 1, 1, 4 ),
 ( 0.000000000000000000, 0.3333333333333000081, 0.6666666666667000474, 1.000000000000000000 ),
 .UNSPECIFIED. ) ;
#4162 = CARTESIAN_POINT ( 'NONE',  ( -1.999740886331001555, -9.749651980736993906, -0.6012391488827995012 ) ) ;
#4163 = PRESENTATION_LAYER_ASSIGNMENT (  '', '', ( #2350 ) ) ;
#4164 = MECHANICAL_DESIGN_GEOMETRIC_PRESENTATION_REPRESENTATION (  '', ( #1733 ), #1435 ) ;
#4165 = ORIENTED_EDGE ( 'NONE', *, *, #3413, .F. ) ;
#4166 = CARTESIAN_POINT ( 'NONE',  ( -1.968004493423523682, -8.750001384533238280, -0.5952852655022443651 ) ) ;
#4167 = CARTESIAN_POINT ( 'NONE',  ( 2.389282211032045300, -8.827559736571705784, 0.3609218981623079081 ) ) ;
#4168 = EDGE_CURVE ( 'NONE', #3, #2853, #985, .T. ) ;
#4169 = CARTESIAN_POINT ( 'NONE',  ( -3.288085125708998468, -1.445460570800999323, -0.7074175194270001521 ) ) ;
#4170 = CARTESIAN_POINT ( 'NONE',  ( -2.356027291899998488, -8.553361483305998547, -0.9054007105346995044 ) ) ;
#4171 = FACE_OUTER_BOUND ( 'NONE', #3915, .T. ) ;
#4172 = SURFACE_SIDE_STYLE ('',( #2232 ) ) ;
#4173 = EDGE_CURVE ( 'NONE', #4252, #4596, #3936, .T. ) ;
#4174 = MECHANICAL_DESIGN_GEOMETRIC_PRESENTATION_REPRESENTATION (  '', ( #3673 ), #1945 ) ;
#4175 = SPHERICAL_SURFACE ( 'NONE', #3704, 0.2550000000000000044 ) ;
#4176 = FILL_AREA_STYLE ('',( #5121 ) ) ;
#4177 = LINE ( 'NONE', #5086, #4182 ) ;
#4178 = CARTESIAN_POINT ( 'NONE',  ( 2.489297190095001167, -10.00698092175000298, 0.3448548382939998769 ) ) ;
#4179 = CARTESIAN_POINT ( 'NONE',  ( 1.634274028473001295, -9.337375960238995631, 0.3974388350879002330 ) ) ;
#4180 = PRESENTATION_STYLE_ASSIGNMENT (( #5572 ) ) ;
#4181 = CARTESIAN_POINT ( 'NONE',  ( -1.591094776445001191, -1.196351283178999081, -0.4757910498945002731 ) ) ;
#4182 = VECTOR ( 'NONE', #4679, 1000.000000000000000 ) ;
#4183 = EDGE_CURVE ( 'NONE', #3518, #980, #4728, .T. ) ;
#4184 = COLOUR_RGB ( '',0.8039215686274510109, 0.8039215686274510109, 0.8039215686274510109 ) ;
#4185 = PRESENTATION_STYLE_ASSIGNMENT (( #3592 ) ) ;
#4186 = CARTESIAN_POINT ( 'NONE',  ( -1.508726933931999747, -9.066445838681000069, -0.3463991381562999683 ) ) ;
#4187 = CARTESIAN_POINT ( 'NONE',  ( 1.779429916685091762, -9.854283494167722424, 0.8063495222564404097 ) ) ;
#4188 = CARTESIAN_POINT ( 'NONE',  ( -1.967999563725856493, -10.26000000000276557, -0.5642239562199669045 ) ) ;
#4189 = ORIENTED_EDGE ( 'NONE', *, *, #5674, .T. ) ;
#4190 = STYLED_ITEM ( 'NONE', ( #6193 ), #6044 ) ;
#4191 = CARTESIAN_POINT ( 'NONE',  ( 1.530562501179999035, -1.382899743361998723, 0.5986078733617997694 ) ) ;
#4192 = CARTESIAN_POINT ( 'NONE',  ( 0.000000000000000000, 0.000000000000000000, -0.3499999999999999778 ) ) ;
#4193 = STYLED_ITEM ( 'NONE', ( #3677 ), #726 ) ;
#4194 = CARTESIAN_POINT ( 'NONE',  ( 1.956589158393999828, -10.25715124057000693, 0.6459575393349998862 ) ) ;
#4195 = EDGE_CURVE ( 'NONE', #6122, #2554, #4337, .T. ) ;
#4196 = ORIENTED_EDGE ( 'NONE', *, *, #2676, .T. ) ;
#4197 = EDGE_LOOP ( 'NONE', ( #1843, #2904, #1914, #4843 ) ) ;
#4198 = CARTESIAN_POINT ( 'NONE',  ( -3.038296268371000863, -1.381489640645999994, -0.9371598664589002592 ) ) ;
#4199 = CARTESIAN_POINT ( 'NONE',  ( 0.000000000000000000, 0.000000000000000000, 0.3499999999999999778 ) ) ;
#4200 = CARTESIAN_POINT ( 'NONE',  ( 1.924297450864001835, -9.789553406486994902, 0.4616345719587998109 ) ) ;
#4201 = CARTESIAN_POINT ( 'NONE',  ( -1.975858583234001875, -9.762367759191992178, -0.6820094424103996245 ) ) ;
#4202 = CARTESIAN_POINT ( 'NONE',  ( 2.376861981918041433, -3.155184990723507443, -0.04743579468001162674 ) ) ;
#4203 = ORIENTED_EDGE ( 'NONE', *, *, #3999, .T. ) ;
#4204 = FILL_AREA_STYLE ('',( #2265 ) ) ;
#4205 = STYLED_ITEM ( 'NONE', ( #1863 ), #3376 ) ;
#4206 = CARTESIAN_POINT ( 'NONE',  ( -2.489297185848000638, -10.00698093023000901, -0.3448548381071002700 ) ) ;
#4207 = CARTESIAN_POINT ( 'NONE',  ( -1.890997850310683237, -1.113469457546420349, -0.6001266839778592876 ) ) ;
#4208 = CARTESIAN_POINT ( 'NONE',  ( -3.516053242140998680, -1.465814095850000776, -0.5271303568241000326 ) ) ;
#4209 = CARTESIAN_POINT ( 'NONE',  ( -1.823568309137313159, -9.832214398504506292, -0.7882734989101812806 ) ) ;
#4210 = B_SPLINE_CURVE_WITH_KNOTS ( 'NONE', 3,
 ( #273, #4108, #2173, #210, #5603, #5660 ),
 .UNSPECIFIED., .F., .F.,
 ( 4, 1, 1, 4 ),
 ( 0.000000000000000000, 0.3333333333333000081, 0.6666666666667000474, 1.000000000000000000 ),
 .UNSPECIFIED. ) ;
#4211 = PRESENTATION_STYLE_ASSIGNMENT (( #1279 ) ) ;
#4212 = COLOUR_RGB ( '',0.8039215686274510109, 0.8039215686274510109, 0.8039215686274510109 ) ;
#4213 = SURFACE_SIDE_STYLE ('',( #2875 ) ) ;
#4214 = DIRECTION ( 'NONE',  ( 0.7071067811865466846, -0.7071067811865483499, 0.000000000000000000 ) ) ;
#4215 = CARTESIAN_POINT ( 'NONE',  ( 2.310110873215000193, -10.35988727933000852, 0.4068513625629997521 ) ) ;
#4216 = CARTESIAN_POINT ( 'NONE',  ( 1.580058861928999470, -8.893690725196000457, 0.3507589663503002386 ) ) ;
#4217 = CARTESIAN_POINT ( 'NONE',  ( -1.628716503619459077, -9.306429920109733800, -0.8063495238785484132 ) ) ;
#4218 = LINE ( 'NONE', #5760, #6010 ) ;
#4219 = UNCERTAINTY_MEASURE_WITH_UNIT (LENGTH_MEASURE( 1.000000000000000082E-05 ), #1908, 'distance_accuracy_value', 'NONE');
#4220 =( NAMED_UNIT ( * ) SI_UNIT ( $, .STERADIAN. ) SOLID_ANGLE_UNIT ( ) );
#4221 = CARTESIAN_POINT ( 'NONE',  ( 1.919545804772023301, -3.452347910098391814, 0.4123623010120928689 ) ) ;
#4222 =( GEOMETRIC_REPRESENTATION_CONTEXT ( 3 ) GLOBAL_UNCERTAINTY_ASSIGNED_CONTEXT ( ( #5431 ) ) GLOBAL_UNIT_ASSIGNED_CONTEXT ( ( #6134, #2749, #3159 ) ) REPRESENTATION_CONTEXT ( 'NONE', 'WORKASPACE' ) );
#4223 = CARTESIAN_POINT ( 'NONE',  ( -2.324095112655748085, -10.08198650390644779, -0.3568772519440668312 ) ) ;
#4224 = VERTEX_POINT ( 'NONE', #2317 ) ;
#4225 = CARTESIAN_POINT ( 'NONE',  ( 1.985049233059001939, -1.123553491994000231, 0.6127803053786001763 ) ) ;
#4226 = CARTESIAN_POINT ( 'NONE',  ( -1.663099949750000084, -9.634801388982999981, -0.4240558931591000280 ) ) ;
#4227 = CARTESIAN_POINT ( 'NONE',  ( 1.956423229796999674, -10.26007861126000265, 0.6176760617165003575 ) ) ;
#4228 = UNCERTAINTY_MEASURE_WITH_UNIT (LENGTH_MEASURE( 1.000000000000000082E-05 ), #4321, 'distance_accuracy_value', 'NONE');
#4229 = PRESENTATION_LAYER_ASSIGNMENT (  '', '', ( #81 ) ) ;
#4230 = CARTESIAN_POINT ( 'NONE',  ( 2.223001099357797550, -10.51500009164883132, 0.6044031534894378499 ) ) ;
#4231 = VERTEX_POINT ( 'NONE', #815 ) ;
#4232 = DIRECTION ( 'NONE',  ( 8.298935713238872653E-05, 0.000000000000000000, 0.9999999965563833859 ) ) ;
#4233 = CARTESIAN_POINT ( 'NONE',  ( 1.290402643026998808, -9.828392866118001336, 0.2415380334063002565 ) ) ;
#4234 = COLOUR_RGB ( '',0.9411764705882352811, 0.9921568627450980671, 0.007843137254901960675 ) ;
#4235 = CARTESIAN_POINT ( 'NONE',  ( -1.413684860231999574, -9.747875079125998710, -0.9050286178093998046 ) ) ;
#4236 = CARTESIAN_POINT ( 'NONE',  ( -2.456273228483001336, -8.633579409348998368, -0.1945468772647000189 ) ) ;
#4237 = ORIENTED_EDGE ( 'NONE', *, *, #1657, .F. ) ;
#4238 = CARTESIAN_POINT ( 'NONE',  ( 2.906264865769709882, -2.676106303650856777, -0.03614421936262895291 ) ) ;
#4239 = CARTESIAN_POINT ( 'NONE',  ( -1.671645303909018665, -1.295557059105303166, -0.5999954459770312498 ) ) ;
#4240 = CARTESIAN_POINT ( 'NONE',  ( -3.722929052341000578, -1.489990302157000457, -0.4835729828553997911 ) ) ;
#4241 = CARTESIAN_POINT ( 'NONE',  ( 2.137673861636953720, -10.17516753569828580, 0.7899304867664208585 ) ) ;
#4242 = CARTESIAN_POINT ( 'NONE',  ( 1.371963861230999671, -9.905367023649999325, 0.8490471348671005947 ) ) ;
#4243 = DIRECTION ( 'NONE',  ( 0.000000000000000000, -1.000000000000000000, 0.000000000000000000 ) ) ;
#4244 = CARTESIAN_POINT ( 'NONE',  ( 3.297440754375976724, -1.494538819830689036, 0.8669686763350407110 ) ) ;
#4245 = SURFACE_SIDE_STYLE ('',( #4777 ) ) ;
#4246 = CARTESIAN_POINT ( 'NONE',  ( 2.222978395392001705, -10.52613052523998860, 0.5809770143917002416 ) ) ;
#4247 = DIRECTION ( 'NONE',  ( 0.000000000000000000, 1.434516482317202167E-05, 0.9999999998971081938 ) ) ;
#4248 = DIRECTION ( 'NONE',  ( 0.000000000000000000, 0.000000000000000000, -1.000000000000000000 ) ) ;
#4249 =( LENGTH_UNIT ( ) NAMED_UNIT ( * ) SI_UNIT ( .MILLI., .METRE. ) );
#4250 = SURFACE_STYLE_FILL_AREA ( #527 ) ;
#4251 = CARTESIAN_POINT ( 'NONE',  ( -2.181344452346848595, -10.15336354397651952, -0.3923885882427909366 ) ) ;
#4252 = VERTEX_POINT ( 'NONE', #5546 ) ;
#4253 = CARTESIAN_POINT ( 'NONE',  ( 1.633795099438001719, -1.028924532118999702, 0.4542575064024998999 ) ) ;
#4254 = CARTESIAN_POINT ( 'NONE',  ( -1.587306480476999848, -9.786386856938001699, -0.3693020380229000144 ) ) ;
#4255 = DIRECTION ( 'NONE',  ( 0.000000000000000000, 0.000000000000000000, -1.000000000000000000 ) ) ;
#4256 = CARTESIAN_POINT ( 'NONE',  ( 2.261543940057999968, -10.17225419316999790, 0.7546534876388004687 ) ) ;
#4257 = MECHANICAL_DESIGN_GEOMETRIC_PRESENTATION_REPRESENTATION (  '', ( #1816 ), #3555 ) ;
#4258 = EDGE_CURVE ( 'NONE', #2797, #3730, #1392, .T. ) ;
#4259 = DIRECTION ( 'NONE',  ( 0.000000000000000000, 1.000000000000000000, 0.000000000000000000 ) ) ;
#4260 = CARTESIAN_POINT ( 'NONE',  ( -2.142749263190999454, -9.985622532814000252, -0.1628772064325001712 ) ) ;
#4261 = ORIENTED_EDGE ( 'NONE', *, *, #899, .F. ) ;
#4262 = FILL_AREA_STYLE_COLOUR ( '', #4550 ) ;
#4263 = CARTESIAN_POINT ( 'NONE',  ( 1.598844850228999581, -9.657499265870995941, 0.4234698377324997431 ) ) ;
#4264 = CARTESIAN_POINT ( 'NONE',  ( -1.832887279319998397, -9.837110873215003437, -0.7931486374386997884 ) ) ;
#4265 = CARTESIAN_POINT ( 'NONE',  ( 3.107315100605999802, -1.037667974953000005, 0.6000000948869000927 ) ) ;
#4266 = VERTEX_POINT ( 'NONE', #2665 ) ;
#4267 = CARTESIAN_POINT ( 'NONE',  ( 3.405220531468999834, -1.851709362513999313, 0.6442323793103000851 ) ) ;
#4268 = FILL_AREA_STYLE ('',( #6162 ) ) ;
#4269 = SURFACE_SIDE_STYLE ('',( #1818 ) ) ;
#4270 = CARTESIAN_POINT ( 'NONE',  ( -3.585154136936001379, -1.270775657359000999, -0.5893603142963003139 ) ) ;
#4271 = CARTESIAN_POINT ( 'NONE',  ( -1.865425763882974319, -9.811285782568008429, -0.7667656398677075158 ) ) ;
#4272 = PRESENTATION_LAYER_ASSIGNMENT (  '', '', ( #2046 ) ) ;
#4273 = ORIENTED_EDGE ( 'NONE', *, *, #2710, .F. ) ;
#4274 = EDGE_CURVE ( 'NONE', #3518, #2797, #1194, .T. ) ;
#4275 = FILL_AREA_STYLE ('',( #941 ) ) ;
#4276 = COLOUR_RGB ( '',0.8039215686274510109, 0.8039215686274510109, 0.8039215686274510109 ) ;
#4277 = CARTESIAN_POINT ( 'NONE',  ( -1.878676876160430220, -9.804663285187901423, -0.4413313175792358822 ) ) ;
#4278 = CARTESIAN_POINT ( 'NONE',  ( 1.223000000000000087, -9.005000000000000782, 0.5999999999999999778 ) ) ;
#4279 = CARTESIAN_POINT ( 'NONE',  ( -3.414346716578000152, -1.907579141173999959, -0.4868357100323000286 ) ) ;
#4280 = FILL_AREA_STYLE ('',( #31 ) ) ;
#4281 = CARTESIAN_POINT ( 'NONE',  ( 2.478000000000000203, -9.750000000000000000, 0.5999999999999999778 ) ) ;
#4282 = AXIS2_PLACEMENT_3D ( 'NONE', #5587, #688, #1653 ) ;
#4283 = CARTESIAN_POINT ( 'NONE',  ( -3.112399435421992155, -1.393306627994984170, -0.9048394020246555147 ) ) ;
#4284 =( NAMED_UNIT ( * ) PLANE_ANGLE_UNIT ( ) SI_UNIT ( $, .RADIAN. ) );
#4285 = ORIENTED_EDGE ( 'NONE', *, *, #4899, .T. ) ;
#4286 = CARTESIAN_POINT ( 'NONE',  ( 1.633640863979998192, -1.023171863852999630, 0.4542496042759998076 ) ) ;
#4287 = CYLINDRICAL_SURFACE ( 'NONE', #5315, 0.2550000000000000044 ) ;
#4288 = CARTESIAN_POINT ( 'NONE',  ( 2.386420574312999143, -10.21097207470999280, 0.8387359972034996725 ) ) ;
#4289 = MECHANICAL_DESIGN_GEOMETRIC_PRESENTATION_REPRESENTATION (  '', ( #4582 ), #2573 ) ;
#4290 = EDGE_CURVE ( 'NONE', #817, #1875, #5127, .T. ) ;
#4291 = UNCERTAINTY_MEASURE_WITH_UNIT (LENGTH_MEASURE( 1.000000000000000082E-05 ), #2886, 'distance_accuracy_value', 'NONE');
#4292 = CARTESIAN_POINT ( 'NONE',  ( 3.749106934738002384, -1.670482381330998356, 0.3873234711901000771 ) ) ;
#4293 = CARTESIAN_POINT ( 'NONE',  ( -2.110376736397000741, -10.24091212192999656, -0.5631821803953999117 ) ) ;
#4294 = STYLED_ITEM ( 'NONE', ( #4505 ), #5969 ) ;
#4295 = ORIENTED_EDGE ( 'NONE', *, *, #1823, .F. ) ;
#4296 = CARTESIAN_POINT ( 'NONE',  ( -2.958665414916002767, -1.234290507728000419, -0.5942042656199999495 ) ) ;
#4297 = CARTESIAN_POINT ( 'NONE',  ( 2.477996351267000019, -10.00500000000000078, 0.3450000000260999844 ) ) ;
#4298 = FACE_OUTER_BOUND ( 'NONE', #1618, .T. ) ;
#4299 = CARTESIAN_POINT ( 'NONE',  ( -2.257620828888997622, -8.633627617079001837, -0.5381527163830003291 ) ) ;
#4300 = ORIENTED_EDGE ( 'NONE', *, *, #3483, .T. ) ;
#4301 =( BOUNDED_CURVE ( )  B_SPLINE_CURVE ( 3, ( #183, #5051, #2170, #1695, #3637, #3554, #1632, #2111, #5566, #1212, #5599, #1722, #6068, #3156, #3095, #3583, #1155, #3672 ),
 .UNSPECIFIED., .F., .T. ) 
 B_SPLINE_CURVE_WITH_KNOTS ( ( 4, 1, 1, 1, 1, 1, 1, 1, 1, 1, 1, 1, 1, 1, 1, 4 ),
 ( 0.000000000000000000, 0.02368774453369736077, 0.07641475942793808651, 0.1345515671076191744, 0.2001193678247272789, 0.2725184871889078098, 0.3455511327653029152, 0.4128029710192638868, 0.4821742493896841730, 0.5543306391071356476, 0.6252724632646391445, 0.6915050739569003069, 0.7538957464207274306, 0.8203691469792446789, 0.8995135927208128823, 1.000000000000000000 ),
 .UNSPECIFIED. ) 
 CURVE ( )  GEOMETRIC_REPRESENTATION_ITEM ( )  RATIONAL_B_SPLINE_CURVE ( ( 1.162536354344143819, 1.162536354344143597, 1.162536354344143819, 1.162536354344143819, 1.162536354344143819, 1.162536354344143819, 1.162536354344143819, 1.162536354344143819, 1.162536354344143819, 1.162536354344143819, 1.162536354344143819, 1.162536354344143819, 1.162536354344143819, 1.162536354344143819, 1.162536354344143819, 1.162536354344143819, 1.162536354344143819, 1.162536354344143819 ) ) 
 REPRESENTATION_ITEM ( '' )  );
#4302 = CARTESIAN_POINT ( 'NONE',  ( 1.529731871235999296, -9.132380798605000294, 0.8505152495741997720 ) ) ;
#4303 = ADVANCED_FACE ( 'NONE', ( #1288 ), #270, .T. ) ;
#4304 = CARTESIAN_POINT ( 'NONE',  ( 2.313056245838998493, -8.934253337049007371, 0.8457088205675002968 ) ) ;
#4305 = VECTOR ( 'NONE', #3273, 999.9999999999998863 ) ;
#4306 = CARTESIAN_POINT ( 'NONE',  ( 2.365470854322020422, -8.948737809755654027, 0.8490966195460496468 ) ) ;
#4307 = CARTESIAN_POINT ( 'NONE',  ( -2.301063259243999681, -10.37736749271000036, -0.7847942532320004716 ) ) ;
#4308 = CARTESIAN_POINT ( 'NONE',  ( -1.914034899678874524, -9.786984117797100424, -0.4664033296393864658 ) ) ;
#4309 = CARTESIAN_POINT ( 'NONE',  ( -2.478000000000000203, -4.918011865209999556, -0.5999999999999999778 ) ) ;
#4310 = CARTESIAN_POINT ( 'NONE',  ( 1.971277085306999188, -9.189359555815988401, 0.3817393685856997898 ) ) ;
#4311 = EDGE_CURVE ( 'NONE', #470, #5771, #374, .T. ) ;
#4312 = CARTESIAN_POINT ( 'NONE',  ( -1.733064845277999089, -9.526211823705990511, -0.5822756501140005092 ) ) ;
#4313 = AXIS2_PLACEMENT_3D ( 'NONE', #2695, #6110, #779 ) ;
#4314 = CIRCLE ( 'NONE', #3302, 0.2500000000000000555 ) ;
#4315 = AXIS2_PLACEMENT_3D ( 'NONE', #2460, #2526, #2555 ) ;
#4316 =( NAMED_UNIT ( * ) PLANE_ANGLE_UNIT ( ) SI_UNIT ( $, .RADIAN. ) );
#4317 = CARTESIAN_POINT ( 'NONE',  ( 0.000000000000000000, 0.000000000000000000, -0.3499999999999999778 ) ) ;
#4318 = ORIENTED_EDGE ( 'NONE', *, *, #1076, .F. ) ;
#4319 = CARTESIAN_POINT ( 'NONE',  ( 1.752989311095001668, -1.127237187466998636, 0.6182220094216004380 ) ) ;
#4320 = CARTESIAN_POINT ( 'NONE',  ( -2.259984117798089720, -10.44103489968357401, -0.7335966703614577034 ) ) ;
#4321 =( LENGTH_UNIT ( ) NAMED_UNIT ( * ) SI_UNIT ( .MILLI., .METRE. ) );
#4322 = EDGE_CURVE ( 'NONE', #598, #3518, #3935, .T. ) ;
#4323 = CIRCLE ( 'NONE', #2402, 0.5999999999999999778 ) ;
#4324 = CARTESIAN_POINT ( 'NONE',  ( -2.183101097281998637, -9.941604318748998637, -0.1335555274705000905 ) ) ;
#4325 = VERTEX_POINT ( 'NONE', #1832 ) ;
#4326 = CARTESIAN_POINT ( 'NONE',  ( -3.271126909594998633, -1.475057818033998380, -0.8835486802330995149 ) ) ;
#4327 = CARTESIAN_POINT ( 'NONE',  ( 1.839567757504997791, -9.756340794556001228, 0.5819372378730002238 ) ) ;
#4328 = CARTESIAN_POINT ( 'NONE',  ( -1.318637706378001928, -9.803630660522003382, -1.104428111590999517 ) ) ;
#4329 = CARTESIAN_POINT ( 'NONE',  ( 3.396907467007000303, -1.141265166329000103, 0.5999999775612000485 ) ) ;
#4330 = AXIS2_PLACEMENT_3D ( 'NONE', #5700, #1894, #4248 ) ;
#4331 = ORIENTED_EDGE ( 'NONE', *, *, #1014, .F. ) ;
#4332 = CIRCLE ( 'NONE', #1595, 0.2550000000000000044 ) ;
#4333 = FACE_OUTER_BOUND ( 'NONE', #3954, .T. ) ;
#4334 = CARTESIAN_POINT ( 'NONE',  ( 1.688389481008000459, -9.441649304982005830, 0.7460734230517003240 ) ) ;
#4335 = CARTESIAN_POINT ( 'NONE',  ( 2.109908846558002260, -10.17312031946000417, 0.4731869190929001712 ) ) ;
#4336 = CARTESIAN_POINT ( 'NONE',  ( 2.281481978839258851, -10.10326215617133627, 0.8353159305321986583 ) ) ;
#4337 =( BOUNDED_CURVE ( )  B_SPLINE_CURVE ( 3, ( #4686, #3745, #5667, #3268, #5060, #4654, #2789, #4187, #6111, #2182, #5192, #3683, #4147, #4719, #5575, #6049, #376 ),
 .UNSPECIFIED., .F., .T. ) 
 B_SPLINE_CURVE_WITH_KNOTS ( ( 4, 1, 1, 1, 1, 1, 1, 1, 1, 1, 1, 1, 1, 1, 4 ),
 ( 0.000000000000000000, 0.1075390270337327203, 0.1900746803673981633, 0.2594545192448602378, 0.3274086561722758248, 0.4018867124067375118, 0.4801748359853389436, 0.5572954668985626858, 0.6294523095359303433, 0.7069762454122539008, 0.7852978572954211200, 0.8563010279812593994, 0.9186306367155603336, 0.9746380055867114311, 1.000000000000000000 ),
 .UNSPECIFIED. ) 
 CURVE ( )  GEOMETRIC_REPRESENTATION_ITEM ( )  RATIONAL_B_SPLINE_CURVE ( ( 1.162310336694263091, 1.162310336694262869, 1.162310336694262647, 1.162310336694262647, 1.162310336694262647, 1.162310336694262647, 1.162310336694262647, 1.162310336694262647, 1.162310336694262647, 1.162310336694262647, 1.162310336694262647, 1.162310336694262647, 1.162310336694262647, 1.162310336694262647, 1.162310336694262647, 1.162310336694262647, 1.162310336694262647 ) ) 
 REPRESENTATION_ITEM ( '' )  );
#4338 = CARTESIAN_POINT ( 'NONE',  ( 2.589309676791001102, -8.902940740884998760, 0.8492416743281998581 ) ) ;
#4339 = CARTESIAN_POINT ( 'NONE',  ( 2.077323123839136088, -8.804663285187553257, 0.7586686824208803692 ) ) ;
#4340 = CARTESIAN_POINT ( 'NONE',  ( -2.261543940057999968, -10.17225419316999790, -0.7546534876388004687 ) ) ;
#4341 =( NAMED_UNIT ( * ) SI_UNIT ( $, .STERADIAN. ) SOLID_ANGLE_UNIT ( ) );
#4342 = CARTESIAN_POINT ( 'NONE',  ( -1.956423229796999674, -10.26007861126000265, -0.6176760617165999445 ) ) ;
#4343 = CARTESIAN_POINT ( 'NONE',  ( 1.613148171357617011, -9.072641383060927822, 0.8459512409438720848 ) ) ;
#4344 = SURFACE_SIDE_STYLE ('',( #3396 ) ) ;
#4345 = DIRECTION ( 'NONE',  ( 1.000000000000000000, 0.000000000000000000, 0.000000000000000000 ) ) ;
#4346 = CARTESIAN_POINT ( 'NONE',  ( 2.305214399337476738, -10.35056831067791805, 0.4117265003222710940 ) ) ;
#4347 = CARTESIAN_POINT ( 'NONE',  ( 1.685552832167337645, -9.108784745320789966, 0.3670162044936413626 ) ) ;
#4348 = CARTESIAN_POINT ( 'NONE',  ( 1.986025555026000200, -1.077736143802999980, 0.6032554254651999459 ) ) ;
#4349 = DIRECTION ( 'NONE',  ( 0.000000000000000000, 1.000000000000000000, 0.000000000000000000 ) ) ;
#4350 = ORIENTED_EDGE ( 'NONE', *, *, #3628, .F. ) ;
#4351 = CARTESIAN_POINT ( 'NONE',  ( 1.640692727932998363, -1.052294002622999658, 0.2385158599904002030 ) ) ;
#4352 = SURFACE_SIDE_STYLE ('',( #2420 ) ) ;
#4353 = CARTESIAN_POINT ( 'NONE',  ( 2.478078083506999985, -1.916979293243999960, 1.540969745425999848 ) ) ;
#4354 = UNCERTAINTY_MEASURE_WITH_UNIT (LENGTH_MEASURE( 1.000000000000000082E-05 ), #2719, 'distance_accuracy_value', 'NONE');
#4355 =( LENGTH_UNIT ( ) NAMED_UNIT ( * ) SI_UNIT ( .MILLI., .METRE. ) );
#4356 = CARTESIAN_POINT ( 'NONE',  ( -2.319098806506998844, -10.01761887559999842, -0.3827256466251999778 ) ) ;
#4357 = VERTEX_POINT ( 'NONE', #916 ) ;
#4358 = CARTESIAN_POINT ( 'NONE',  ( 1.803697554746570342, -1.178306940688581328, 0.5999601912849567009 ) ) ;
#4359 = CARTESIAN_POINT ( 'NONE',  ( 1.843765504211999362, -9.756780627907000181, 0.5931327060063000811 ) ) ;
#4360 = FILL_AREA_STYLE_COLOUR ( '', #1577 ) ;
#4361 = CARTESIAN_POINT ( 'NONE',  ( -1.719657210405998171, -9.642960924705997527, -0.6368905424621000844 ) ) ;
#4362 = VERTEX_POINT ( 'NONE', #2353 ) ;
#4363 = CIRCLE ( 'NONE', #3955, 0.9409697611113002624 ) ;
#4364 = CARTESIAN_POINT ( 'NONE',  ( 3.399994314652001748, -1.556057103870000846, 0.6342871828125000722 ) ) ;
#4365 = CARTESIAN_POINT ( 'NONE',  ( 1.839408331360998794, -9.252932096386999206, 0.5980159376437997887 ) ) ;
#4366 = CARTESIAN_POINT ( 'NONE',  ( -3.743897092238000379, -1.581984397468999770, -0.4330167227314001277 ) ) ;
#4367 =( NAMED_UNIT ( * ) SI_UNIT ( $, .STERADIAN. ) SOLID_ANGLE_UNIT ( ) );
#4368 = EDGE_CURVE ( 'NONE', #2949, #5939, #1893, .T. ) ;
#4369 = CARTESIAN_POINT ( 'NONE',  ( 2.253982391097000271, -8.634276619989002199, 0.6563075478823003905 ) ) ;
#4370 = CARTESIAN_POINT ( 'NONE',  ( -1.222999999999999643, -10.00500000000000078, -0.5999999999999999778 ) ) ;
#4371 = PRESENTATION_LAYER_ASSIGNMENT (  '', '', ( #4482 ) ) ;
#4372 = MECHANICAL_DESIGN_GEOMETRIC_PRESENTATION_REPRESENTATION (  '', ( #5380 ), #3364 ) ;
#4373 = DIRECTION ( 'NONE',  ( 2.459760437384958787E-06, 2.459760437205508505E-06, 0.9999999999939496176 ) ) ;
#4374 = CARTESIAN_POINT ( 'NONE',  ( -2.295664911134003283, -9.815578505379995988, -0.9628740054368005730 ) ) ;
#4375 = CARTESIAN_POINT ( 'NONE',  ( 1.999577604600999425, -9.260214139800991617, 0.6053331844326002020 ) ) ;
#4376 = CYLINDRICAL_SURFACE ( 'NONE', #5395, 0.2550000000000000044 ) ;
#4377 = CARTESIAN_POINT ( 'NONE',  ( -1.971277085307000743, -9.189359555815991953, -0.3817393685856998453 ) ) ;
#4378 = AXIS2_PLACEMENT_3D ( 'NONE', #3958, #1039, #3992 ) ;
#4379 = AXIS2_PLACEMENT_3D ( 'NONE', #4030, #1672, #2629 ) ;
#4380 = CARTESIAN_POINT ( 'NONE',  ( -1.813704491016945974, -9.172855513756680068, -0.4080304708300665495 ) ) ;
#4381 = CARTESIAN_POINT ( 'NONE',  ( 1.988000227977982703, -9.260000000000003340, 0.5818320676257613400 ) ) ;
#4382 = CARTESIAN_POINT ( 'NONE',  ( 1.990659757351000092, -1.028000000000000025, 0.6000000574253999686 ) ) ;
#4383 = CARTESIAN_POINT ( 'NONE',  ( 1.679675914318000007, -9.601659489693000538, 0.4431688465170000035 ) ) ;
#4384 = ORIENTED_EDGE ( 'NONE', *, *, #2680, .F. ) ;
#4385 = CARTESIAN_POINT ( 'NONE',  ( 1.638559966139998103, -1.086838269192999640, 0.2399422032563001683 ) ) ;
#4386 = MECHANICAL_DESIGN_GEOMETRIC_PRESENTATION_REPRESENTATION (  '', ( #1224 ), #3576 ) ;
#4387 = EDGE_CURVE ( 'NONE', #218, #2020, #486, .T. ) ;
#4388 = SURFACE_STYLE_FILL_AREA ( #3442 ) ;
#4389 = ORIENTED_EDGE ( 'NONE', *, *, #4924, .F. ) ;
#4390 = CARTESIAN_POINT ( 'NONE',  ( -3.319095190972000786, -1.248484173734999647, -0.5604481832443002354 ) ) ;
#4391 = CIRCLE ( 'NONE', #4282, 0.2550000000000000044 ) ;
#4392 = CARTESIAN_POINT ( 'NONE',  ( -3.421581666159999813, -1.727999999999999980, -0.7102435859283999786 ) ) ;
#4393 = CARTESIAN_POINT ( 'NONE',  ( 1.477999999999999980, -9.005002837309001862, 0.3450000000158000013 ) ) ;
#4394 = CARTESIAN_POINT ( 'NONE',  ( -1.581225215089998803, -9.572841162281989114, -0.9189437172065001436 ) ) ;
#4395 =( GEOMETRIC_REPRESENTATION_CONTEXT ( 3 ) GLOBAL_UNCERTAINTY_ASSIGNED_CONTEXT ( ( #2953 ) ) GLOBAL_UNIT_ASSIGNED_CONTEXT ( ( #695, #3735, #2229 ) ) REPRESENTATION_CONTEXT ( 'NONE', 'WORKASPACE' ) );
#4396 = EDGE_CURVE ( 'NONE', #2501, #6253, #4026, .T. ) ;
#4397 = EDGE_LOOP ( 'NONE', ( #3801, #2081, #4670, #6127, #4919, #8 ) ) ;
#4398 = PRESENTATION_LAYER_ASSIGNMENT (  '', '', ( #1044 ) ) ;
#4399 = FILL_AREA_STYLE_COLOUR ( '', #3532 ) ;
#4400 = CARTESIAN_POINT ( 'NONE',  ( -1.706682075247997643, -9.476481398871989370, -0.7154854431422000838 ) ) ;
#4401 = CARTESIAN_POINT ( 'NONE',  ( 1.845623122880999167, -9.240912115483004285, 0.6368177720351995141 ) ) ;
#4402 = CARTESIAN_POINT ( 'NONE',  ( -1.786427196509002169, -9.758061325106998751, -0.5275528887249998355 ) ) ;
#4403 = FILL_AREA_STYLE ('',( #5815 ) ) ;
#4404 = FILL_AREA_STYLE ('',( #2466 ) ) ;
#4405 = MECHANICAL_DESIGN_GEOMETRIC_PRESENTATION_REPRESENTATION (  '', ( #4190 ), #3990 ) ;
#4406 = AXIS2_PLACEMENT_3D ( 'NONE', #1491, #5797, #5327 ) ;
#4407 = ORIENTED_EDGE ( 'NONE', *, *, #5451, .T. ) ;
#4408 = CARTESIAN_POINT ( 'NONE',  ( -2.092077042118204666, -3.350614749886132060, -0.1275343195786871331 ) ) ;
#4409 = DIRECTION ( 'NONE',  ( 0.000000000000000000, 0.000000000000000000, 1.000000000000000000 ) ) ;
#4410 = CARTESIAN_POINT ( 'NONE',  ( -2.228559863977999989, -10.35155806104000042, -0.6316767620523003890 ) ) ;
#4411 = CARTESIAN_POINT ( 'NONE',  ( -2.310745806834999971, -8.788543940058007209, -0.7546534876388004687 ) ) ;
#4412 = CARTESIAN_POINT ( 'NONE',  ( -1.477999999999999980, -10.00500000000000078, -0.5999999999999999778 ) ) ;
#4413 = CARTESIAN_POINT ( 'NONE',  ( 1.999576770193999931, -9.260078611081992150, 0.5823239366105001924 ) ) ;
#4414 = CARTESIAN_POINT ( 'NONE',  ( -1.844990246236998477, -9.242443458133005052, -0.5661036173632996160 ) ) ;
#4415 = CARTESIAN_POINT ( 'NONE',  ( -3.220121392680999950, -1.062818448495999935, -0.6000000076549000250 ) ) ;
#4416 = DIRECTION ( 'NONE',  ( -1.000000000000000000, 0.000000000000000000, 0.000000000000000000 ) ) ;
#4417 = PRESENTATION_STYLE_ASSIGNMENT (( #4447 ) ) ;
#4418 = CARTESIAN_POINT ( 'NONE',  ( 2.733000000000000096, -4.918011800817000179, 0.5999999999925998972 ) ) ;
#4419 = MECHANICAL_DESIGN_GEOMETRIC_PRESENTATION_REPRESENTATION (  '', ( #3516 ), #1573 ) ;
#4420 = ORIENTED_EDGE ( 'NONE', *, *, #4474, .F. ) ;
#4421 = CARTESIAN_POINT ( 'NONE',  ( 2.473949223924001739, -9.015261673853999014, 0.3448092481244001140 ) ) ;
#4422 = CARTESIAN_POINT ( 'NONE',  ( 3.699947289006215279, 0.01974990064687110608, -0.5999999999999999778 ) ) ;
#4423 = STYLED_ITEM ( 'NONE', ( #6270 ), #1472 ) ;
#4424 = UNCERTAINTY_MEASURE_WITH_UNIT (LENGTH_MEASURE( 1.000000000000000082E-05 ), #635, 'distance_accuracy_value', 'NONE');
#4425 =( GEOMETRIC_REPRESENTATION_CONTEXT ( 3 ) GLOBAL_UNCERTAINTY_ASSIGNED_CONTEXT ( ( #2453 ) ) GLOBAL_UNIT_ASSIGNED_CONTEXT ( ( #5931, #1012, #2114 ) ) REPRESENTATION_CONTEXT ( 'NONE', 'WORKASPACE' ) );
#4426 = CARTESIAN_POINT ( 'NONE',  ( -2.733000000000000096, -17.60500000000000043, -0.5999999999999999778 ) ) ;
#4427 = CARTESIAN_POINT ( 'NONE',  ( 3.266108242562999475, -1.229107146184001298, 0.5630464194531004107 ) ) ;
#4428 = EDGE_LOOP ( 'NONE', ( #327, #1490, #1322 ) ) ;
#4429 = CARTESIAN_POINT ( 'NONE',  ( -3.535346303706001336, -1.133357526006999683, -0.6110684899009999338 ) ) ;
#4430 = PRESENTATION_STYLE_ASSIGNMENT (( #3884 ) ) ;
#4431 = ORIENTED_EDGE ( 'NONE', *, *, #5499, .T. ) ;
#4432 = CARTESIAN_POINT ( 'NONE',  ( -1.678230331444002132, -8.840750745266003463, -0.9538453882143002049 ) ) ;
#4433 = CARTESIAN_POINT ( 'NONE',  ( 1.915879906299000179, -9.108425480566999966, 0.9270522114072002884 ) ) ;
#4434 = CARTESIAN_POINT ( 'NONE',  ( -1.435979989552000013, -9.874702339516000293, -0.3649783570601997651 ) ) ;
#4435 = FACE_OUTER_BOUND ( 'NONE', #1140, .T. ) ;
#4436 = CARTESIAN_POINT ( 'NONE',  ( 2.965340001885000021, -1.378000183351999919, 0.9499999999999999556 ) ) ;
#4437 = ORIENTED_EDGE ( 'NONE', *, *, #1572, .T. ) ;
#4438 = CARTESIAN_POINT ( 'NONE',  ( -2.183733156701016753, -3.291682003558986214, -0.04997818277968747031 ) ) ;
#4439 = CARTESIAN_POINT ( 'NONE',  ( -2.335785958877040436, -10.07610124605525925, -0.8457889716598155916 ) ) ;
#4440 = CARTESIAN_POINT ( 'NONE',  ( 3.411569593198000128, -1.916979274093000063, 0.4822211713867999849 ) ) ;
#4441 = CARTESIAN_POINT ( 'NONE',  ( 1.518615629485204455, -9.025291185556968188, 0.8549999514975540338 ) ) ;
#4442 = CARTESIAN_POINT ( 'NONE',  ( 1.477999999999999980, -9.005000000000000782, 0.5999999999999999778 ) ) ;
#4443 = CARTESIAN_POINT ( 'NONE',  ( -1.580058865055998796, -8.893690728915002452, -0.3507589658599000737 ) ) ;
#4444 = AXIS2_PLACEMENT_3D ( 'NONE', #105, #5510, #5458 ) ;
#4445 = CARTESIAN_POINT ( 'NONE',  ( -3.279772077362999916, -1.083255197476999943, -0.5999999950176999608 ) ) ;
#4446 = FACE_OUTER_BOUND ( 'NONE', #1988, .T. ) ;
#4447 = SURFACE_STYLE_USAGE ( .BOTH. , #3504 ) ;
#4448 = CARTESIAN_POINT ( 'NONE',  ( -2.284285782175208279, -10.39242576297313647, -0.4332343605923035246 ) ) ;
#4449 = ORIENTED_EDGE ( 'NONE', *, *, #4572, .T. ) ;
#4450 = CARTESIAN_POINT ( 'NONE',  ( 2.041350962267000302, -8.794610449239003813, 0.4539267093496999195 ) ) ;
#4451 = FACE_OUTER_BOUND ( 'NONE', #5548, .T. ) ;
#4452 = CARTESIAN_POINT ( 'NONE',  ( 2.638617666381001037, -8.804880562766001617, 1.114831780437000708 ) ) ;
#4453 = CARTESIAN_POINT ( 'NONE',  ( 3.057870203728998426, -1.211576101199000943, 0.5796241237091002141 ) ) ;
#4454 = CARTESIAN_POINT ( 'NONE',  ( 2.090574236122989316, -8.811285782564992175, 0.4332343601355234664 ) ) ;
#4455 = CARTESIAN_POINT ( 'NONE',  ( 1.528001778227970675, -1.576460994555455075, 0.6000000000286874746 ) ) ;
#4456 = CARTESIAN_POINT ( 'NONE',  ( -1.499536519499999443, -9.637494592037002761, -0.9963405922768986400 ) ) ;
#4457 = EDGE_LOOP ( 'NONE', ( #3443, #4420, #3204 ) ) ;
#4458 = DIRECTION ( 'NONE',  ( -0.000000000000000000, 0.000000000000000000, 1.000000000000000000 ) ) ;
#4459 = CARTESIAN_POINT ( 'NONE',  ( -1.824898181633997751, -9.102763423520002561, -0.7946946281534996714 ) ) ;
#4460 = CARTESIAN_POINT ( 'NONE',  ( 1.999582566976001230, -9.260344530591996914, 0.6013850873446001666 ) ) ;
#4461 = CARTESIAN_POINT ( 'NONE',  ( -1.661147280974000662, -9.641186953630001000, -0.4852414344586006290 ) ) ;
#4462 = CARTESIAN_POINT ( 'NONE',  ( 2.276326002045002017, -9.845900741697011682, 0.08569481940906989448 ) ) ;
#4463 = CARTESIAN_POINT ( 'NONE',  ( 3.268364883254605058, -1.469669555691229590, 0.8729163390202174799 ) ) ;
#4464 = PRESENTATION_LAYER_ASSIGNMENT (  '', '', ( #908 ) ) ;
#4465 = EDGE_CURVE ( 'NONE', #3052, #5158, #6250, .T. ) ;
#4466 = PRESENTATION_LAYER_ASSIGNMENT (  '', '', ( #4556 ) ) ;
#4467 = CARTESIAN_POINT ( 'NONE',  ( -2.489876780275399604, -3.066467476004535175, 0.07465944421055095703 ) ) ;
#4468 = DIRECTION ( 'NONE',  ( 0.9999999999991432409, 1.309035104366056249E-06, 1.108546361296048309E-11 ) ) ;
#4469 = CARTESIAN_POINT ( 'NONE',  ( 3.410146912881000247, -1.921794835452000028, 0.4798572041938999888 ) ) ;
#4470 =( LENGTH_UNIT ( ) NAMED_UNIT ( * ) SI_UNIT ( .MILLI., .METRE. ) );
#4471 = DIRECTION ( 'NONE',  ( 1.000000000000000000, 0.000000000000000000, 0.000000000000000000 ) ) ;
#4472 = SURFACE_STYLE_USAGE ( .BOTH. , #2060 ) ;
#4473 = CARTESIAN_POINT ( 'NONE',  ( -1.848722918343999266, -9.229017587494999120, -0.5436926687633998334 ) ) ;
#4474 = EDGE_CURVE ( 'NONE', #628, #1502, #2101, .T. ) ;
#4475 = CARTESIAN_POINT ( 'NONE',  ( -1.825299229806444545, -9.178656890636702315, -0.4132545466594992334 ) ) ;
#4476 = PRESENTATION_STYLE_ASSIGNMENT (( #3468 ) ) ;
#4477 = CARTESIAN_POINT ( 'NONE',  ( -1.648954859761125435, -9.090482312602059523, -0.8402493170677409751 ) ) ;
#4478 = DIRECTION ( 'NONE',  ( -0.000000000000000000, 0.000000000000000000, -1.000000000000000000 ) ) ;
#4479 = ORIENTED_EDGE ( 'NONE', *, *, #5913, .F. ) ;
#4480 = CARTESIAN_POINT ( 'NONE',  ( 1.566928293869998656, -1.423332353549001450, 0.3522234914570000486 ) ) ;
#4481 =( NAMED_UNIT ( * ) SI_UNIT ( $, .STERADIAN. ) SOLID_ANGLE_UNIT ( ) );
#4482 = STYLED_ITEM ( 'NONE', ( #5943 ), #2349 ) ;
#4483 = UNCERTAINTY_MEASURE_WITH_UNIT (LENGTH_MEASURE( 1.000000000000000082E-05 ), #3615, 'distance_accuracy_value', 'NONE');
#4484 = CARTESIAN_POINT ( 'NONE',  ( 2.323269685389000916, -8.530442015164002356, 0.8629901472938988904 ) ) ;
#4485 = CARTESIAN_POINT ( 'NONE',  ( 3.269720793838000183, -1.473847481329999987, 0.8837775180200996283 ) ) ;
#4486 = DIRECTION ( 'NONE',  ( 0.000000000000000000, 1.000000000000000000, 0.000000000000000000 ) ) ;
#4487 = CARTESIAN_POINT ( 'NONE',  ( -3.083451096646000700, -0.9979734309430005057, -0.6017788654875997345 ) ) ;
#4488 = COLOUR_RGB ( '',0.8039215686274510109, 0.8039215686274510109, 0.8039215686274510109 ) ;
#4489 = ORIENTED_EDGE ( 'NONE', *, *, #2240, .F. ) ;
#4490 = DIRECTION ( 'NONE',  ( 0.000000000000000000, 1.000000000000000000, 0.000000000000000000 ) ) ;
#4491 = EDGE_CURVE ( 'NONE', #1530, #4224, #180, .T. ) ;
#4492 = PRESENTATION_LAYER_ASSIGNMENT (  '', '', ( #2053 ) ) ;
#4493 = ORIENTED_EDGE ( 'NONE', *, *, #2335, .T. ) ;
#4494 = SURFACE_STYLE_USAGE ( .BOTH. , #4541 ) ;
#4495 = CARTESIAN_POINT ( 'NONE',  ( -1.688389481656999980, -9.441649302519000031, -0.7460734218212997648 ) ) ;
#4496 = CARTESIAN_POINT ( 'NONE',  ( 1.711135262290000680, -9.231010614827996008, 0.7230368909807003419 ) ) ;
#4497 = CARTESIAN_POINT ( 'NONE',  ( -1.356466365628999915, -9.783231711917004247, -0.2668238328031000139 ) ) ;
#4498 = SPHERICAL_SURFACE ( 'NONE', #5883, 0.2550000000000000044 ) ;
#4499 = CARTESIAN_POINT ( 'NONE',  ( -1.477999999999999980, -10.25999999999999979, -0.5999999999999999778 ) ) ;
#4500 = COLOUR_RGB ( '',0.8039215686274510109, 0.8039215686274510109, 0.8039215686274510109 ) ;
#4501 =( GEOMETRIC_REPRESENTATION_CONTEXT ( 3 ) GLOBAL_UNCERTAINTY_ASSIGNED_CONTEXT ( ( #3785 ) ) GLOBAL_UNIT_ASSIGNED_CONTEXT ( ( #3830, #4800, #2901 ) ) REPRESENTATION_CONTEXT ( 'NONE', 'WORKASPACE' ) );
#4502 = CARTESIAN_POINT ( 'NONE',  ( -2.286693404026769016, -3.221078161746401047, 0.01083523260172801483 ) ) ;
#4503 = CARTESIAN_POINT ( 'NONE',  ( -1.988765340054815534, -10.24964320346014013, -0.6725366424152348088 ) ) ;
#4504 = MECHANICAL_DESIGN_GEOMETRIC_PRESENTATION_REPRESENTATION (  '', ( #3690 ), #5504 ) ;
#4505 = PRESENTATION_STYLE_ASSIGNMENT (( #3147 ) ) ;
#4506 = CARTESIAN_POINT ( 'NONE',  ( -1.660335111526001217, -8.815578492116003417, -0.2371265038658998958 ) ) ;
#4507 = CARTESIAN_POINT ( 'NONE',  ( -1.866811035217575521, -9.199407798439887429, -0.7660095610649211295 ) ) ;
#4508 =( NAMED_UNIT ( * ) SI_UNIT ( $, .STERADIAN. ) SOLID_ANGLE_UNIT ( ) );
#4509 = EDGE_LOOP ( 'NONE', ( #394, #1022, #2423, #1016 ) ) ;
#4510 = CARTESIAN_POINT ( 'NONE',  ( 1.956869474763000216, -8.749978395392009389, 0.5809770143912004192 ) ) ;
#4511 = PRESENTATION_STYLE_ASSIGNMENT (( #5032 ) ) ;
#4512 = CARTESIAN_POINT ( 'NONE',  ( 2.233547794724001001, -8.484782562342001455, 0.6822478632537003485 ) ) ;
#4513 = MECHANICAL_DESIGN_GEOMETRIC_PRESENTATION_REPRESENTATION (  '', ( #4205 ), #3907 ) ;
#4514 = VECTOR ( 'NONE', #220, 1000.000000000000000 ) ;
#4515 = CARTESIAN_POINT ( 'NONE',  ( -2.307832464634652414, -8.664673862301913942, -0.7899304870647636534 ) ) ;
#4516 = ORIENTED_EDGE ( 'NONE', *, *, #3628, .T. ) ;
#4517 = SURFACE_STYLE_FILL_AREA ( #1142 ) ;
#4518 = FACE_OUTER_BOUND ( 'NONE', #2188, .T. ) ;
#4519 = MECHANICAL_DESIGN_GEOMETRIC_PRESENTATION_REPRESENTATION (  '', ( #963 ), #3406 ) ;
#4520 = ORIENTED_EDGE ( 'NONE', *, *, #2535, .F. ) ;
#4521 = CARTESIAN_POINT ( 'NONE',  ( 1.543891458600659128, -1.686060375703412273, 0.7749003154609137578 ) ) ;
#4522 = CARTESIAN_POINT ( 'NONE',  ( -1.974323768124999878, -1.378000065311000055, -0.9386276436058998973 ) ) ;
#4523 = SURFACE_STYLE_USAGE ( .BOTH. , #2222 ) ;
#4524 = CARTESIAN_POINT ( 'NONE',  ( -1.487262185714000928, -9.706646848036003306, -0.3384961492335999966 ) ) ;
#4525 =( NAMED_UNIT ( * ) PLANE_ANGLE_UNIT ( ) SI_UNIT ( $, .RADIAN. ) );
#4526 = CARTESIAN_POINT ( 'NONE',  ( -2.080878415747998922, -8.815222536562997036, -0.4282201046057003135 ) ) ;
#4527 = CARTESIAN_POINT ( 'NONE',  ( -2.429513922148863525, -3.114857501060756206, 0.06280418872453935597 ) ) ;
#4528 = CARTESIAN_POINT ( 'NONE',  ( -1.547372645588098727, -9.866306937296810631, -0.8453998077054928340 ) ) ;
#4529 = CARTESIAN_POINT ( 'NONE',  ( -2.274184914820001957, -8.632806063748002856, -0.6845413095142999227 ) ) ;
#4530 = CIRCLE ( 'NONE', #3528, 0.2550000000000000044 ) ;
#4531 = CARTESIAN_POINT ( 'NONE',  ( -1.972678162367435650, -9.252348940592266757, -0.6721751977132058853 ) ) ;
#4532 = SPHERICAL_SURFACE ( 'NONE', #6098, 0.2550000000000000044 ) ;
#4533 = CARTESIAN_POINT ( 'NONE',  ( 2.465381124409001590, -8.846098806508997825, 0.3827256466238002641 ) ) ;
#4534 = CARTESIAN_POINT ( 'NONE',  ( -1.786209634196999074, -1.038350044407000183, -0.6069762608570001827 ) ) ;
#4535 = UNCERTAINTY_MEASURE_WITH_UNIT (LENGTH_MEASURE( 1.000000000000000082E-05 ), #3317, 'distance_accuracy_value', 'NONE');
#4536 = CYLINDRICAL_SURFACE ( 'NONE', #5839, 0.2550000000000000044 ) ;
#4537 = CARTESIAN_POINT ( 'NONE',  ( 2.029289313791433624, -10.22934909519454649, 0.4773871014951839298 ) ) ;
#4538 = ORIENTED_EDGE ( 'NONE', *, *, #3547, .T. ) ;
#4539 = CARTESIAN_POINT ( 'NONE',  ( 1.494023494579998390, -9.849278177090996067, 0.8182605042215996827 ) ) ;
#4540 = ORIENTED_EDGE ( 'NONE', *, *, #4491, .T. ) ;
#4541 = SURFACE_SIDE_STYLE ('',( #660 ) ) ;
#4542 = DIRECTION ( 'NONE',  ( -1.000000000000000000, 0.000000000000000000, 0.000000000000000000 ) ) ;
#4543 =( LENGTH_UNIT ( ) NAMED_UNIT ( * ) SI_UNIT ( .MILLI., .METRE. ) );
#4544 = CARTESIAN_POINT ( 'NONE',  ( 1.505591914926999397, -10.00348113266000638, 0.3443585572693999008 ) ) ;
#4545 = CARTESIAN_POINT ( 'NONE',  ( -2.519594381460001031, -8.869747310166005150, -0.3665031209904001108 ) ) ;
#4546 = SURFACE_STYLE_FILL_AREA ( #5560 ) ;
#4547 = FILL_AREA_STYLE ('',( #1692 ) ) ;
#4548 = CARTESIAN_POINT ( 'NONE',  ( 1.872999999999999998, -4.918011772346000399, 0.5999999997968998855 ) ) ;
#4549 = CARTESIAN_POINT ( 'NONE',  ( -2.222921388744001803, -8.483423229797004694, -0.6176760617165999445 ) ) ;
#4550 = COLOUR_RGB ( '',0.9411764705882352811, 0.9921568627450980671, 0.007843137254901960675 ) ;
#4551 = CARTESIAN_POINT ( 'NONE',  ( 2.477999994423999652, -4.839020546151999724, 0.3359697516107000292 ) ) ;
#4552 = EDGE_CURVE ( 'NONE', #4155, #5771, #2813, .T. ) ;
#4553 = CARTESIAN_POINT ( 'NONE',  ( 2.478000000000000203, -4.918011772346000399, 0.5999999999999999778 ) ) ;
#4554 = CARTESIAN_POINT ( 'NONE',  ( 2.214966867489002844, -8.763547793842999312, 0.4999483023464003639 ) ) ;
#4555 = CARTESIAN_POINT ( 'NONE',  ( -1.640692727932998363, -1.052294002621999791, -0.2385158599904002030 ) ) ;
#4556 = STYLED_ITEM ( 'NONE', ( #639 ), #6271 ) ;
#4557 = DIRECTION ( 'NONE',  ( 0.000000000000000000, -1.000000000000000000, 0.000000000000000000 ) ) ;
#4558 = CARTESIAN_POINT ( 'NONE',  ( -1.568969137946000014, -9.186938200053999637, -0.3615325432461000132 ) ) ;
#4559 = CARTESIAN_POINT ( 'NONE',  ( -2.224949342674613639, -8.498955020612307010, -0.6364961718695557602 ) ) ;
#4560 = ORIENTED_EDGE ( 'NONE', *, *, #3919, .T. ) ;
#4561 = CARTESIAN_POINT ( 'NONE',  ( 1.581594596111999484, -9.814313776891001595, 0.7866387405274001265 ) ) ;
#4562 = CARTESIAN_POINT ( 'NONE',  ( -3.534803624048582282, -1.607648741672331516, -0.5201253227529198941 ) ) ;
#4563 = COLOUR_RGB ( '',0.9411764705882352811, 0.9921568627450980671, 0.007843137254901960675 ) ;
#4564 = ADVANCED_FACE ( 'NONE', ( #2947 ), #1635, .T. ) ;
#4565 =( BOUNDED_CURVE ( )  B_SPLINE_CURVE ( 3, ( #678, #914, #1862, #3811, #5732, #4283, #345, #846, #1770, #4812, #5287, #6210, #2788 ),
 .UNSPECIFIED., .F., .T. ) 
 B_SPLINE_CURVE_WITH_KNOTS ( ( 4, 1, 1, 1, 1, 1, 1, 1, 1, 1, 4 ),
 ( 0.000000000000000000, 0.08310271231136916181, 0.2086744961273389876, 0.3196688869214584505, 0.4275357350933261524, 0.5400013831202321590, 0.6545796211944771015, 0.7683810355405501502, 0.8810029967658639105, 0.9950181903378416681, 1.000000000000000000 ),
 .UNSPECIFIED. ) 
 CURVE ( )  GEOMETRIC_REPRESENTATION_ITEM ( )  RATIONAL_B_SPLINE_CURVE ( ( 1.171572034659815964, 1.171572034659815964, 1.171572034659815964, 1.171572034659815964, 1.171572034659815964, 1.171572034659815964, 1.171572034659815964, 1.171572034659815964, 1.171572034659815964, 1.171572034659815964, 1.171572034659816186, 1.171572034659816186, 1.171572034659816186 ) ) 
 REPRESENTATION_ITEM ( '' )  );
#4566 = ORIENTED_EDGE ( 'NONE', *, *, #2112, .F. ) ;
#4567 =( GEOMETRIC_REPRESENTATION_CONTEXT ( 3 ) GLOBAL_UNCERTAINTY_ASSIGNED_CONTEXT ( ( #1054 ) ) GLOBAL_UNIT_ASSIGNED_CONTEXT ( ( #2057, #28, #1993 ) ) REPRESENTATION_CONTEXT ( 'NONE', 'WORKASPACE' ) );
#4568 = AXIS2_PLACEMENT_3D ( 'NONE', #5765, #2388, #1898 ) ;
#4569 = DIRECTION ( 'NONE',  ( 0.000000000000000000, 0.000000000000000000, -1.000000000000000000 ) ) ;
#4570 = CARTESIAN_POINT ( 'NONE',  ( 2.478000000000000203, -4.918011865209999556, 0.5999999999999999778 ) ) ;
#4571 = CARTESIAN_POINT ( 'NONE',  ( -3.353649268719999910, -2.084443889910999825, -0.3819708764838999904 ) ) ;
#4572 = EDGE_CURVE ( 'NONE', #3242, #3694, #5948, .T. ) ;
#4573 = CARTESIAN_POINT ( 'NONE',  ( 1.479736285462000200, -10.01641892371000608, 0.3448603970567000743 ) ) ;
#4574 = CARTESIAN_POINT ( 'NONE',  ( -2.041350962268000391, -8.794610449239003813, -0.4539267093496003325 ) ) ;
#4575 = AXIS2_PLACEMENT_3D ( 'NONE', #3671, #3636, #2304 ) ;
#4576 = CIRCLE ( 'NONE', #5396, 3.950000000000000178 ) ;
#4577 = CARTESIAN_POINT ( 'NONE',  ( 0.000000000000000000, 0.000000000000000000, -0.3499999999999999778 ) ) ;
#4578 = CARTESIAN_POINT ( 'NONE',  ( -2.235367759445000324, -10.50285858341999123, -0.5179905575361996029 ) ) ;
#4579 = PRESENTATION_STYLE_ASSIGNMENT (( #6095 ) ) ;
#4580 = SURFACE_STYLE_USAGE ( .BOTH. , #5530 ) ;
#4581 = CARTESIAN_POINT ( 'NONE',  ( -2.552902671074998242, -8.746413390265001198, -0.9125485091134003524 ) ) ;
#4582 = STYLED_ITEM ( 'NONE', ( #3040 ), #5600 ) ;
#4583 =( LENGTH_UNIT ( ) NAMED_UNIT ( * ) SI_UNIT ( .MILLI., .METRE. ) );
#4584 = CARTESIAN_POINT ( 'NONE',  ( -2.223001145167000203, -8.494999999989000017, -0.5999997926836999618 ) ) ;
#4585 = PRESENTATION_LAYER_ASSIGNMENT (  '', '', ( #2469 ) ) ;
#4586 = EDGE_CURVE ( 'NONE', #3730, #3940, #1883, .T. ) ;
#4587 = DIRECTION ( 'NONE',  ( 1.433371447474117190E-05, 0.000000000000000000, 0.9999999998972723958 ) ) ;
#4588 = SURFACE_STYLE_FILL_AREA ( #6042 ) ;
#4589 = CARTESIAN_POINT ( 'NONE',  ( 2.669494198541999541, -8.824142742882003176, 0.2363923621143001474 ) ) ;
#4590 = FILL_AREA_STYLE_COLOUR ( '', #4276 ) ;
#4591 = CARTESIAN_POINT ( 'NONE',  ( -1.633548217567001082, -1.040594858134000100, -0.4542382004536998918 ) ) ;
#4592 =( GEOMETRIC_REPRESENTATION_CONTEXT ( 3 ) GLOBAL_UNCERTAINTY_ASSIGNED_CONTEXT ( ( #3591 ) ) GLOBAL_UNIT_ASSIGNED_CONTEXT ( ( #5087, #3227, #2175 ) ) REPRESENTATION_CONTEXT ( 'NONE', 'WORKASPACE' ) );
#4593 = UNCERTAINTY_MEASURE_WITH_UNIT (LENGTH_MEASURE( 1.000000000000000082E-05 ), #2617, 'distance_accuracy_value', 'NONE');
#4594 = CARTESIAN_POINT ( 'NONE',  ( -1.872999999999999998, -4.918011772346000399, -0.5999999997968998855 ) ) ;
#4595 = DIRECTION ( 'NONE',  ( 0.000000000000000000, -1.000000000000000000, 0.000000000000000000 ) ) ;
#4596 = VERTEX_POINT ( 'NONE', #2513 ) ;
#4597 = CARTESIAN_POINT ( 'NONE',  ( 1.498778942917001089, -9.700886145306002462, 0.8539697081123002187 ) ) ;
#4598 = CARTESIAN_POINT ( 'NONE',  ( 1.945101985046000070, -3.437888635161000295, 0.3499999999999999778 ) ) ;
#4599 = ORIENTED_EDGE ( 'NONE', *, *, #1255, .T. ) ;
#4600 = MECHANICAL_DESIGN_GEOMETRIC_PRESENTATION_REPRESENTATION (  '', ( #6223 ), #548 ) ;
#4601 = ORIENTED_EDGE ( 'NONE', *, *, #927, .T. ) ;
#4602 = CARTESIAN_POINT ( 'NONE',  ( 2.224949342667545071, -8.498955020598579324, 0.6364961718040692551 ) ) ;
#4603 = AXIS2_PLACEMENT_3D ( 'NONE', #5457, #2982, #589 ) ;
#4604 = PRODUCT_CONTEXT ( 'NONE', #940, 'mechanical' ) ;
#4605 =( NAMED_UNIT ( * ) PLANE_ANGLE_UNIT ( ) SI_UNIT ( $, .RADIAN. ) );
#4606 = CARTESIAN_POINT ( 'NONE',  ( -2.546613743939998287, -8.742558259890996553, -0.2907828574227002139 ) ) ;
#4607 =( GEOMETRIC_REPRESENTATION_CONTEXT ( 3 ) GLOBAL_UNCERTAINTY_ASSIGNED_CONTEXT ( ( #4154 ) ) GLOBAL_UNIT_ASSIGNED_CONTEXT ( ( #943, #2817, #3739 ) ) REPRESENTATION_CONTEXT ( 'NONE', 'WORKASPACE' ) );
#4608 = CARTESIAN_POINT ( 'NONE',  ( -2.176570083316787585, -8.854283494166724111, -0.3936504777447362158 ) ) ;
#4609 = CARTESIAN_POINT ( 'NONE',  ( -1.937107475765262654, -1.076638478203807425, -0.6000055042007933492 ) ) ;
#4610 = CARTESIAN_POINT ( 'NONE',  ( -3.373792649428997592, -1.914392212657999970, -0.6369189441828000398 ) ) ;
#4611 = CARTESIAN_POINT ( 'NONE',  ( -2.230068190953997664, -8.643591122041998531, -0.5980127556390001375 ) ) ;
#4612 = CARTESIAN_POINT ( 'NONE',  ( 1.651961845623001413, -9.929682884105988094, 0.8443914428719988541 ) ) ;
#4613 = CARTESIAN_POINT ( 'NONE',  ( -2.313129727107440026, -8.675265767077918966, -0.4054600902204653079 ) ) ;
#4614 = TOROIDAL_SURFACE ( 'NONE', #173, 0.5999999999999999778, 0.3499999999999999778 ) ;
#4615 = CARTESIAN_POINT ( 'NONE',  ( 1.733196843034000123, -9.504947501584998903, 0.6000000168814000334 ) ) ;
#4616 = FACE_OUTER_BOUND ( 'NONE', #5062, .T. ) ;
#4617 = CARTESIAN_POINT ( 'NONE',  ( 2.362655882205002555, -9.920923669259000377, 0.3562820292082998219 ) ) ;
#4618 = CARTESIAN_POINT ( 'NONE',  ( 2.456273228483001336, -8.633579409348998368, 0.1945468772650001121 ) ) ;
#4619 = CARTESIAN_POINT ( 'NONE',  ( -1.640786543148000209, -1.018719683002998533, -0.2384602014354998689 ) ) ;
#4620 =( GEOMETRIC_REPRESENTATION_CONTEXT ( 3 ) GLOBAL_UNCERTAINTY_ASSIGNED_CONTEXT ( ( #3276 ) ) GLOBAL_UNIT_ASSIGNED_CONTEXT ( ( #1311, #2270, #4803 ) ) REPRESENTATION_CONTEXT ( 'NONE', 'WORKASPACE' ) );
#4621 =( NAMED_UNIT ( * ) PLANE_ANGLE_UNIT ( ) SI_UNIT ( $, .RADIAN. ) );
#4622 = SURFACE_SIDE_STYLE ('',( #4088 ) ) ;
#4623 = CARTESIAN_POINT ( 'NONE',  ( 2.146664416362482175, -10.17066924847087250, 0.4061331501049230686 ) ) ;
#4624 = ORIENTED_EDGE ( 'NONE', *, *, #1095, .T. ) ;
#4625 = CARTESIAN_POINT ( 'NONE',  ( 1.580427765538999330, -9.664290699099993276, 0.7926395542838999830 ) ) ;
#4626 = B_SPLINE_CURVE_WITH_KNOTS ( 'NONE', 3,
 ( #4835, #4441, #100, #5859, #4343, #1961, #1921, #3360, #1514, #2941, #3866, #5788, #2410, #3899, #6269, #5892, #1546, #5418, #2911, #3500, #1074, #1452, #3008, #4934, #1484 ),
 .UNSPECIFIED., .F., .F.,
 ( 4, 2, 2, 1, 2, 2, 2, 1, 1, 2, 2, 2, 2, 4 ),
 ( 0.000000000000000000, 0.1249999999999902855, 0.1874999999999840128, 0.2187499999999804323, 0.2343749999999805156, 0.2499999999999805711, 0.3749999999999880651, 0.4374999999999914513, 0.4687499999999920064, 0.4843749999999922284, 0.4999999999999924505, 0.6249999999999953371, 0.7499999999999983347, 1.000000000000000000 ),
 .UNSPECIFIED. ) ;
#4627 = CARTESIAN_POINT ( 'NONE',  ( -3.459283200087903687, -1.852326244896079999, -0.4641817799850939119 ) ) ;
#4628 = CARTESIAN_POINT ( 'NONE',  ( 2.116669473165999626, -10.25305183792999841, 0.6003953118956001367 ) ) ;
#4629 = ORIENTED_EDGE ( 'NONE', *, *, #5890, .F. ) ;
#4630 = ORIENTED_EDGE ( 'NONE', *, *, #4709, .T. ) ;
#4631 = CARTESIAN_POINT ( 'NONE',  ( -1.913780724985000070, -1.371428992757000032, -0.8793418083244000094 ) ) ;
#4632 = CARTESIAN_POINT ( 'NONE',  ( -2.733000000000000096, -4.918011800817000179, -0.5999999999925998972 ) ) ;
#4633 = FILL_AREA_STYLE ('',( #1149 ) ) ;
#4634 =( NAMED_UNIT ( * ) PLANE_ANGLE_UNIT ( ) SI_UNIT ( $, .RADIAN. ) );
#4635 = CARTESIAN_POINT ( 'NONE',  ( -2.589305689315998027, -8.902938664218996934, -0.3507593974781000323 ) ) ;
#4636 = EDGE_LOOP ( 'NONE', ( #4389, #2635, #5899, #1368, #1060, #5552 ) ) ;
#4637 = CARTESIAN_POINT ( 'NONE',  ( -1.968838023615482991, -8.750418145342948151, -0.5801539583738887229 ) ) ;
#4638 =( LENGTH_UNIT ( ) NAMED_UNIT ( * ) SI_UNIT ( .MILLI., .METRE. ) );
#4639 = CARTESIAN_POINT ( 'NONE',  ( 2.283592201568315438, -8.616188964798007888, 0.4339904389253778638 ) ) ;
#4640 = CARTESIAN_POINT ( 'NONE',  ( -3.402405374258000492, -1.560371173765000119, -0.6308335279970004317 ) ) ;
#4641 = CARTESIAN_POINT ( 'NONE',  ( -2.361781856098002397, -8.651432848578000545, -0.7782669362687003600 ) ) ;
#4642 = CARTESIAN_POINT ( 'NONE',  ( 2.478000015587000338, -4.839020455812000243, 0.6000000089710000317 ) ) ;
#4643 = EDGE_CURVE ( 'NONE', #4224, #2805, #658, .T. ) ;
#4644 = SURFACE_SIDE_STYLE ('',( #2720 ) ) ;
#4645 = DIRECTION ( 'NONE',  ( -0.9446060446782177378, -0.3282063685509059026, 0.000000000000000000 ) ) ;
#4646 = PRESENTATION_STYLE_ASSIGNMENT (( #3126 ) ) ;
#4647 = CARTESIAN_POINT ( 'NONE',  ( 1.612563317646999339, -9.295144100442001900, 0.3824373665963997082 ) ) ;
#4648 = EDGE_CURVE ( 'NONE', #2613, #5333, #1678, .T. ) ;
#4649 = LINE ( 'NONE', #2312, #3669 ) ;
#4650 = CARTESIAN_POINT ( 'NONE',  ( -1.709228040340999399, -1.212791135594999625, -0.6570259401855998993 ) ) ;
#4651 =( GEOMETRIC_REPRESENTATION_CONTEXT ( 3 ) GLOBAL_UNCERTAINTY_ASSIGNED_CONTEXT ( ( #2762 ) ) GLOBAL_UNIT_ASSIGNED_CONTEXT ( ( #6153, #322, #5265 ) ) REPRESENTATION_CONTEXT ( 'NONE', 'WORKASPACE' ) );
#4652 = DIRECTION ( 'NONE',  ( -1.000000000000000000, 0.000000000000000000, 0.000000000000000000 ) ) ;
#4653 = CARTESIAN_POINT ( 'NONE',  ( -1.606499691547000008, -9.261999677690999633, -0.3793492035991999911 ) ) ;
#4654 = CARTESIAN_POINT ( 'NONE',  ( 1.687830864219891813, -9.900082869651164685, 0.8328384086756047688 ) ) ;
#4655 = CARTESIAN_POINT ( 'NONE',  ( 1.967999999989000326, -10.25999885483000007, 0.5999997926836999618 ) ) ;
#4656 = AXIS2_PLACEMENT_3D ( 'NONE', #5680, #896, #1334 ) ;
#4657 = ORIENTED_EDGE ( 'NONE', *, *, #6056, .T. ) ;
#4658 = CARTESIAN_POINT ( 'NONE',  ( 1.520127676574998921, -1.477627078250000281, 0.7352033186862003689 ) ) ;
#4659 =( LENGTH_UNIT ( ) NAMED_UNIT ( * ) SI_UNIT ( .MILLI., .METRE. ) );
#4660 = CARTESIAN_POINT ( 'NONE',  ( 2.297146096434002249, -9.813502193295999376, 0.9636088616336001555 ) ) ;
#4661 = UNCERTAINTY_MEASURE_WITH_UNIT (LENGTH_MEASURE( 1.000000000000000082E-05 ), #5544, 'distance_accuracy_value', 'NONE');
#4662 = ORIENTED_EDGE ( 'NONE', *, *, #5412, .F. ) ;
#4663 = EDGE_LOOP ( 'NONE', ( #6224, #5704, #5012, #2667 ) ) ;
#4664 = AXIS2_PLACEMENT_3D ( 'NONE', #1438, #3380, #1906 ) ;
#4665 = CARTESIAN_POINT ( 'NONE',  ( 3.949943727452580156, 0.02108435339328120633, -0.3499999999999999778 ) ) ;
#4666 = CARTESIAN_POINT ( 'NONE',  ( 1.728051831764999990, -9.504934365040000444, 0.5500105306246000358 ) ) ;
#4667 = CARTESIAN_POINT ( 'NONE',  ( 1.955441051076999504, -9.773171402659992069, 0.4912202877499997067 ) ) ;
#4668 = CARTESIAN_POINT ( 'NONE',  ( -1.549993184976000693, -9.981200328721003601, -0.8549095779039993515 ) ) ;
#4669 = CARTESIAN_POINT ( 'NONE',  ( 2.419136021376955270, -3.122596265680556815, -0.05923453286784026439 ) ) ;
#4670 = ORIENTED_EDGE ( 'NONE', *, *, #2497, .T. ) ;
#4671 = CARTESIAN_POINT ( 'NONE',  ( 3.270193164251999907, -1.471182229312000045, 0.8726214909838999612 ) ) ;
#4672 =( NAMED_UNIT ( * ) PLANE_ANGLE_UNIT ( ) SI_UNIT ( $, .RADIAN. ) );
#4673 = CARTESIAN_POINT ( 'NONE',  ( -1.921201756581420783, -1.089558815991638063, -0.5999995102345186959 ) ) ;
#4674 = SURFACE_STYLE_FILL_AREA ( #5116 ) ;
#4675 = CARTESIAN_POINT ( 'NONE',  ( 1.741995358498998225, -9.883831224718999664, 0.8253460894733998243 ) ) ;
#4676 = CONICAL_SURFACE ( 'NONE', #2248, 0.6024999966272999163, 0.2276507215286134034 ) ;
#4677 = CARTESIAN_POINT ( 'NONE',  ( 2.233044678069999733, -8.641673268731992152, 0.6175459078803005042 ) ) ;
#4678 = EDGE_CURVE ( 'NONE', #1497, #529, #6132, .T. ) ;
#4679 = DIRECTION ( 'NONE',  ( 0.000000000000000000, 0.9741992903163100292, -0.2256894830230199989 ) ) ;
#4680 = CARTESIAN_POINT ( 'NONE',  ( 2.426267924504999396, -10.13238057986999152, 0.3494848137817001543 ) ) ;
#4681 = CARTESIAN_POINT ( 'NONE',  ( 1.479558262979999927, -9.032672647708011482, 0.3443597239538997989 ) ) ;
#4682 = CARTESIAN_POINT ( 'NONE',  ( -1.716218953113001433, -1.737032722595999612, -1.167417886504999114 ) ) ;
#4683 = AXIS2_PLACEMENT_3D ( 'NONE', #2207, #6104, #3706 ) ;
#4684 = CARTESIAN_POINT ( 'NONE',  ( -2.478021911699999524, -4.839020552560000077, -0.8640302459955999659 ) ) ;
#4685 = CARTESIAN_POINT ( 'NONE',  ( -1.477999999999999980, -9.005000000000000782, -0.8549999999999999822 ) ) ;
#4686 = CARTESIAN_POINT ( 'NONE',  ( 1.477999999999999980, -10.00499634198000010, 0.8549999999738000511 ) ) ;
#4687 = SURFACE_SIDE_STYLE ('',( #5157 ) ) ;
#4688 = VERTEX_POINT ( 'NONE', #2001 ) ;
#4689 = PRESENTATION_LAYER_ASSIGNMENT (  '', '', ( #4190 ) ) ;
#4690 = CARTESIAN_POINT ( 'NONE',  ( 1.682344598310002493, -1.360720784185000642, 0.8553151482953006424 ) ) ;
#4691 = CARTESIAN_POINT ( 'NONE',  ( 2.478000000000000203, -1.378000000000000114, 1.550000000000000044 ) ) ;
#4692 = CARTESIAN_POINT ( 'NONE',  ( 2.304173041806998778, -10.05396960383000504, 0.8047952680186003516 ) ) ;
#4693 = CARTESIAN_POINT ( 'NONE',  ( 3.631543567999999222, -2.054422497727002028, 0.2858029093426002198 ) ) ;
#4694 = ORIENTED_EDGE ( 'NONE', *, *, #4899, .F. ) ;
#4695 = CARTESIAN_POINT ( 'NONE',  ( -3.260616057685000957, -1.466193176155001776, -0.8852732216032993540 ) ) ;
#4696 = CARTESIAN_POINT ( 'NONE',  ( 1.688043658847998563, -9.505794624650995672, 0.4337790202847999765 ) ) ;
#4697 = CARTESIAN_POINT ( 'NONE',  ( -1.844245367052000040, -9.756819039996004861, -0.6004876287058998896 ) ) ;
#4698 = CARTESIAN_POINT ( 'NONE',  ( 2.066383414072116231, -3.366635134662159246, 0.1526943003106284169 ) ) ;
#4699 = AXIS2_PLACEMENT_3D ( 'NONE', #5766, #1430, #4975 ) ;
#4700 = ORIENTED_EDGE ( 'NONE', *, *, #2601, .T. ) ;
#4701 = CARTESIAN_POINT ( 'NONE',  ( 3.261130432653623679, -2.228901593774758272, 0.2235052370779912201 ) ) ;
#4702 = TOROIDAL_SURFACE ( 'NONE', #647, 3.700000000000000178, 0.2500000000000000000 ) ;
#4703 = CIRCLE ( 'NONE', #2786, 0.2549988548222001383 ) ;
#4704 = CARTESIAN_POINT ( 'NONE',  ( 2.478000000000000203, -10.00500284076000135, 0.8549999999841999543 ) ) ;
#4705 =( NAMED_UNIT ( * ) SI_UNIT ( $, .STERADIAN. ) SOLID_ANGLE_UNIT ( ) );
#4706 = PRESENTATION_LAYER_ASSIGNMENT (  '', '', ( #2279 ) ) ;
#4707 = CARTESIAN_POINT ( 'NONE',  ( 2.236552249798000602, -8.768209202142003278, 0.7137105504947003354 ) ) ;
#4708 = DIRECTION ( 'NONE',  ( -0.05423515038882809058, 0.000000000000000000, -0.9985281911204616501 ) ) ;
#4709 = EDGE_CURVE ( 'NONE', #4155, #1509, #3938, .T. ) ;
#4710 = CARTESIAN_POINT ( 'NONE',  ( 3.421581599236000137, -1.727999999999999980, 0.7102441686503000451 ) ) ;
#4711 = CARTESIAN_POINT ( 'NONE',  ( -1.987268742516170805, -9.750366778910050769, -0.5813885209994735792 ) ) ;
#4712 = CARTESIAN_POINT ( 'NONE',  ( 2.297142746752999454, -9.813505796031002149, 0.2363923601931998963 ) ) ;
#4713 = CARTESIAN_POINT ( 'NONE',  ( 1.590706316515998919, -9.252430712227004861, 0.3704163175266999564 ) ) ;
#4714 =( LENGTH_UNIT ( ) NAMED_UNIT ( * ) SI_UNIT ( .MILLI., .METRE. ) );
#4715 = CARTESIAN_POINT ( 'NONE',  ( -1.674747335665001113, -9.415510882120992520, -0.4363358391644999723 ) ) ;
#4716 = AXIS2_PLACEMENT_3D ( 'NONE', #2543, #73, #2064 ) ;
#4717 = STYLED_ITEM ( 'NONE', ( #3173 ), #910 ) ;
#4718 = CARTESIAN_POINT ( 'NONE',  ( 1.667081674231217558, -9.099541230734526920, 0.3631646263987986512 ) ) ;
#4719 = CARTESIAN_POINT ( 'NONE',  ( 1.980953309652806027, -9.753522447404579410, 0.6461500364622383419 ) ) ;
#4720 = ORIENTED_EDGE ( 'NONE', *, *, #5617, .T. ) ;
#4721 = CARTESIAN_POINT ( 'NONE',  ( 1.786327255180999440, -1.024040966190000290, 0.6069652090037004344 ) ) ;
#4722 = CARTESIAN_POINT ( 'NONE',  ( -1.645809319179000196, -9.669383202028999591, -0.4074906761714000014 ) ) ;
#4723 = CARTESIAN_POINT ( 'NONE',  ( 2.429583843539000476, -10.12581236913999305, 0.8511418779720996142 ) ) ;
#4724 = UNCERTAINTY_MEASURE_WITH_UNIT (LENGTH_MEASURE( 1.000000000000000082E-05 ), #4082, 'distance_accuracy_value', 'NONE');
#4725 = PRESENTATION_LAYER_ASSIGNMENT (  '', '', ( #771 ) ) ;
#4726 = FILL_AREA_STYLE ('',( #3876 ) ) ;
#4727 = CARTESIAN_POINT ( 'NONE',  ( -2.302113502395002342, -9.820731709432998002, -0.07696762447559003795 ) ) ;
#4728 = B_SPLINE_CURVE_WITH_KNOTS ( 'NONE', 3,
 ( #711, #1799, #780, #248, #4221, #2726 ),
 .UNSPECIFIED., .F., .F.,
 ( 4, 2, 4 ),
 ( 0.000000000000000000, 0.4999999999999998890, 1.000000000000000000 ),
 .UNSPECIFIED. ) ;
#4729 = ORIENTED_EDGE ( 'NONE', *, *, #1400, .F. ) ;
#4730 = CARTESIAN_POINT ( 'NONE',  ( -3.272924053052998605, -1.476604702785998313, -0.8832560275820996454 ) ) ;
#4731 = CARTESIAN_POINT ( 'NONE',  ( -2.418457082389304791, -10.12408225916704829, -0.3516317476146999521 ) ) ;
#4732 = CARTESIAN_POINT ( 'NONE',  ( 1.721078543204000555, -9.643430861821995492, 0.5660223066844997097 ) ) ;
#4733 = COLOUR_RGB ( '',0.8039215686274510109, 0.8039215686274510109, 0.8039215686274510109 ) ;
#4734 = CARTESIAN_POINT ( 'NONE',  ( -1.914649037716000590, -9.794610449216989423, -0.7460732906457999691 ) ) ;
#4735 = CARTESIAN_POINT ( 'NONE',  ( -2.637099254233001844, -8.803325997978999951, -0.08569482114893001157 ) ) ;
#4736 = EDGE_CURVE ( 'NONE', #4231, #598, #5941, .T. ) ;
#4737 = VERTEX_POINT ( 'NONE', #675 ) ;
#4738 = CARTESIAN_POINT ( 'NONE',  ( 3.422589916375999408, -1.603758256894999290, 0.5960284361111003459 ) ) ;
#4739 = CARTESIAN_POINT ( 'NONE',  ( -1.820010990728856637, -1.166068388445022475, -0.6000021885560347101 ) ) ;
#4740 = CARTESIAN_POINT ( 'NONE',  ( 2.000631541688104420, -10.24369529316594907, 0.6902020981589619408 ) ) ;
#4741 = CARTESIAN_POINT ( 'NONE',  ( 2.310745806834999971, -8.788543940058007209, 0.7546534876388004687 ) ) ;
#4742 = DIRECTION ( 'NONE',  ( -1.000000000000000000, 0.000000000000000000, 0.000000000000000000 ) ) ;
#4743 = CARTESIAN_POINT ( 'NONE',  ( -2.288902431805001747, -10.09327208076999405, -0.7898711300799002855 ) ) ;
#4744 = EDGE_CURVE ( 'NONE', #4737, #1025, #2095, .T. ) ;
#4745 = DIRECTION ( 'NONE',  ( 0.2256895805636010832, -0.9741992677194053485, 3.920061152340022154E-09 ) ) ;
#4746 = CARTESIAN_POINT ( 'NONE',  ( -2.150424239698002449, -9.977151694478990862, -1.043022372948001042 ) ) ;
#4747 = CARTESIAN_POINT ( 'NONE',  ( 1.839330017248997695, -9.253051814713996848, 0.5996046889732996599 ) ) ;
#4748 = SURFACE_STYLE_FILL_AREA ( #5860 ) ;
#4749 = DIRECTION ( 'NONE',  ( 0.000000000000000000, 1.000000000000000000, 0.000000000000000000 ) ) ;
#4750 = PLANE ( 'NONE',  #4330 ) ;
#4751 = FILL_AREA_STYLE_COLOUR ( '', #3301 ) ;
#4752 = CARTESIAN_POINT ( 'NONE',  ( 1.990659084100000031, -1.036268849520999957, 0.6000001557291000376 ) ) ;
#4753 = CARTESIAN_POINT ( 'NONE',  ( -2.342851828486526955, -10.07264138313886370, -0.3540487590779707872 ) ) ;
#4754 = ORIENTED_EDGE ( 'NONE', *, *, #5877, .T. ) ;
#4755 = CARTESIAN_POINT ( 'NONE',  ( 1.998663915467001395, -1.073208628887999172, 0.6024007803023998520 ) ) ;
#4756 = DIRECTION ( 'NONE',  ( 0.000000000000000000, -1.000000000000000000, 0.000000000000000000 ) ) ;
#4757 = PRESENTATION_STYLE_ASSIGNMENT (( #6183 ) ) ;
#4758 = CARTESIAN_POINT ( 'NONE',  ( 2.194815257084001381, -9.971878778541000798, 0.8888113441053000496 ) ) ;
#4759 = CIRCLE ( 'NONE', #2220, 0.2549999999999999489 ) ;
#4760 = CARTESIAN_POINT ( 'NONE',  ( 3.531164349624001275, -1.225178341549998828, 0.5997201869167004817 ) ) ;
#4761 = CARTESIAN_POINT ( 'NONE',  ( -2.114408661795002420, -10.24953324321999659, -0.5811881183089998570 ) ) ;
#4762 = VERTEX_POINT ( 'NONE', #805 ) ;
#4763 = CARTESIAN_POINT ( 'NONE',  ( 2.321492328630382129, -8.691985369882578638, 0.8017618918724275234 ) ) ;
#4764 = EDGE_CURVE ( 'NONE', #450, #3052, #871, .T. ) ;
#4765 = CARTESIAN_POINT ( 'NONE',  ( 1.731911678611002259, -9.648848945875997174, 0.5996533422334000552 ) ) ;
#4766 = CARTESIAN_POINT ( 'NONE',  ( -1.371963871285000192, -9.905367041786995230, -0.8490471367974005146 ) ) ;
#4767 = CARTESIAN_POINT ( 'NONE',  ( -2.226282522218001603, -8.483617247039994425, -0.5508987371532001465 ) ) ;
#4768 = VERTEX_POINT ( 'NONE', #702 ) ;
#4769 = CARTESIAN_POINT ( 'NONE',  ( 3.308743351845000458, -1.459023507566999944, 0.7024007542879997512 ) ) ;
#4770 = EDGE_CURVE ( 'NONE', #2923, #5990, #4210, .T. ) ;
#4771 = FILL_AREA_STYLE ('',( #2839 ) ) ;
#4772 = CARTESIAN_POINT ( 'NONE',  ( -1.567205704427479196, -1.451951014813340768, -0.5999892999283854556 ) ) ;
#4773 = CARTESIAN_POINT ( 'NONE',  ( -3.451461902732002596, -2.004930873888000509, -0.3202972600819002924 ) ) ;
#4774 = CARTESIAN_POINT ( 'NONE',  ( -2.213969751611000181, -4.839020546151999724, -0.6000000057911001328 ) ) ;
#4775 = FACE_OUTER_BOUND ( 'NONE', #1774, .T. ) ;
#4776 = PRESENTATION_STYLE_ASSIGNMENT (( #4806 ) ) ;
#4777 = SURFACE_STYLE_FILL_AREA ( #5281 ) ;
#4778 = CARTESIAN_POINT ( 'NONE',  ( -2.277880563434999228, -9.844382332950999626, -1.114831780718999577 ) ) ;
#4779 = CARTESIAN_POINT ( 'NONE',  ( 1.727629903179999982, -9.334053061337995061, 0.5504217211990998226 ) ) ;
#4780 = SURFACE_SIDE_STYLE ('',( #4748 ) ) ;
#4781 = SURFACE_STYLE_USAGE ( .BOTH. , #2850 ) ;
#4782 = EDGE_CURVE ( 'NONE', #3047, #4762, #2765, .T. ) ;
#4783 = AXIS2_PLACEMENT_3D ( 'NONE', #464, #2347, #490 ) ;
#4784 = CIRCLE ( 'NONE', #2963, 0.2550000000000000044 ) ;
#4785 =( LENGTH_UNIT ( ) NAMED_UNIT ( * ) SI_UNIT ( .MILLI., .METRE. ) );
#4786 = CARTESIAN_POINT ( 'NONE',  ( 1.620214041172167274, -9.076101246078474460, 0.3542110283489110500 ) ) ;
#4787 = CARTESIAN_POINT ( 'NONE',  ( 1.887436874300999712, -1.292483831701000119, 0.7199356281588999984 ) ) ;
#4788 = ORIENTED_EDGE ( 'NONE', *, *, #1586, .F. ) ;
#4789 = CARTESIAN_POINT ( 'NONE',  ( 1.559941737875999213, -1.284998011045999311, 0.5182966659838997847 ) ) ;
#4790 = LINE ( 'NONE', #4353, #4305 ) ;
#4791 = FILL_AREA_STYLE_COLOUR ( '', #747 ) ;
#4792 = ORIENTED_EDGE ( 'NONE', *, *, #1944, .F. ) ;
#4793 = CARTESIAN_POINT ( 'NONE',  ( 2.374215254513773132, -8.797447167514111044, 0.8329837954330147065 ) ) ;
#4794 = CARTESIAN_POINT ( 'NONE',  ( 1.449118236455999575, -9.727255287920005600, 0.3148831279341002820 ) ) ;
#4795 = DIRECTION ( 'NONE',  ( 0.05423515038884771378, 0.000000000000000000, 0.9985281911204605398 ) ) ;
#4796 = CARTESIAN_POINT ( 'NONE',  ( 2.256110750951815902, -3.242956709233598023, 0.003531891314055372096 ) ) ;
#4797 = VERTEX_POINT ( 'NONE', #6103 ) ;
#4798 = SURFACE_STYLE_FILL_AREA ( #4771 ) ;
#4799 = CARTESIAN_POINT ( 'NONE',  ( 1.599168608579998985, -9.268995589098990351, 0.8253462019399000482 ) ) ;
#4800 =( NAMED_UNIT ( * ) PLANE_ANGLE_UNIT ( ) SI_UNIT ( $, .RADIAN. ) );
#4801 = CARTESIAN_POINT ( 'NONE',  ( 2.168008927997001845, -10.02134782571999949, 0.3428533943998000044 ) ) ;
#4802 = CARTESIAN_POINT ( 'NONE',  ( -1.987161978850546129, -9.750418145351343213, -0.6198460418184408294 ) ) ;
#4803 =( NAMED_UNIT ( * ) SI_UNIT ( $, .STERADIAN. ) SOLID_ANGLE_UNIT ( ) );
#4804 = CIRCLE ( 'NONE', #5620, 3.950000000000000178 ) ;
#4805 = CARTESIAN_POINT ( 'NONE',  ( -1.528001029027000079, -1.634217782672999997, -0.6000000000479999152 ) ) ;
#4806 = SURFACE_STYLE_USAGE ( .BOTH. , #2343 ) ;
#4807 = CYLINDRICAL_SURFACE ( 'NONE', #3481, 0.2550000000000000044 ) ;
#4808 = CARTESIAN_POINT ( 'NONE',  ( -1.956422395401998582, -10.26021413969998974, -0.5946668106060004622 ) ) ;
#4809 = DIRECTION ( 'NONE',  ( 0.9999999999999997780, 0.000000000000000000, 1.204377982772973727E-08 ) ) ;
#4810 = CARTESIAN_POINT ( 'NONE',  ( 1.968002290355999939, -10.51499770964000113, 0.6000004147123999543 ) ) ;
#4811 = B_SPLINE_CURVE_WITH_KNOTS ( 'NONE', 3,
 ( #226, #3695, #4602, #2158, #3657, #5622, #4096, #3572, #256, #4127, #5586, #6057, #1266, #5677, #2832, #4763, #894, #2767, #5647, #4793, #3724, #1298, #1904, #6220, #2291, #1369 ),
 .UNSPECIFIED., .F., .F.,
 ( 4, 2, 2, 2, 2, 1, 1, 2, 2, 2, 1, 1, 2, 2, 4 ),
 ( 0.000000000000000000, 0.1249999999999877875, 0.1874999999999792943, 0.2499999999999708011, 0.3749999999999479305, 0.4374999999999368283, 0.4687499999999312217, 0.4843749999999286682, 0.4999999999999260591, 0.6249999999999478195, 0.6874999999999582556, 0.7187499999999600320, 0.7343749999999610312, 0.7499999999999619194, 1.000000000000000000 ),
 .UNSPECIFIED. ) ;
#4812 = CARTESIAN_POINT ( 'NONE',  ( -3.241775810997555851, -1.449313536266469526, -0.8773486476267147172 ) ) ;
#4813 = CARTESIAN_POINT ( 'NONE',  ( 2.478050208561000112, -4.918011865209999556, 1.204999997916999854 ) ) ;
#4814 = VERTEX_POINT ( 'NONE', #6040 ) ;
#4815 = PRESENTATION_STYLE_ASSIGNMENT (( #2517 ) ) ;
#4816 = AXIS2_PLACEMENT_3D ( 'NONE', #4940, #1551, #185 ) ;
#4817 = CARTESIAN_POINT ( 'NONE',  ( 2.477999994424000096, -3.377999872446999952, 0.6000000121922999252 ) ) ;
#4818 = ORIENTED_EDGE ( 'NONE', *, *, #1192, .T. ) ;
#4819 = CARTESIAN_POINT ( 'NONE',  ( -3.289396879700002163, -1.017317486799000914, -0.6060452332470004366 ) ) ;
#4820 = CARTESIAN_POINT ( 'NONE',  ( 1.732830069373002102, -9.493079258938992737, 0.5830497674216998938 ) ) ;
#4821 = CARTESIAN_POINT ( 'NONE',  ( -2.478000000000000203, -1.727999999999999980, -0.5999999999999999778 ) ) ;
#4822 = CIRCLE ( 'NONE', #5846, 0.2550000000000000044 ) ;
#4823 = ADVANCED_FACE ( 'NONE', ( #3639 ), #772, .T. ) ;
#4824 = ORIENTED_EDGE ( 'NONE', *, *, #808, .T. ) ;
#4825 = CARTESIAN_POINT ( 'NONE',  ( 3.336315671430001739, -1.480501340289999357, 0.6903645655564996098 ) ) ;
#4826 = AXIS2_PLACEMENT_3D ( 'NONE', #6242, #1013, #1395 ) ;
#4827 = FILL_AREA_STYLE_COLOUR ( '', #126 ) ;
#4828 = CARTESIAN_POINT ( 'NONE',  ( -1.850134870967450995, -1.143690237073338167, -0.6000222928266252254 ) ) ;
#4829 = CARTESIAN_POINT ( 'NONE',  ( -3.604216358312001045, -2.096674096390001907, -0.2898176398048002422 ) ) ;
#4830 = DIRECTION ( 'NONE',  ( 0.000000000000000000, -1.000000000000000000, 0.000000000000000000 ) ) ;
#4831 = CARTESIAN_POINT ( 'NONE',  ( 2.299825720903000192, -8.635197603117001464, 0.7155383729680999672 ) ) ;
#4832 = EDGE_CURVE ( 'NONE', #3599, #5939, #5526, .T. ) ;
#4833 = DIRECTION ( 'NONE',  ( -0.000000000000000000, 1.000000000000000000, 0.000000000000000000 ) ) ;
#4834 = CARTESIAN_POINT ( 'NONE',  ( 1.729086517232000020, -9.504915421418999699, 0.6448405114214998957 ) ) ;
#4835 = CARTESIAN_POINT ( 'NONE',  ( 1.477999999999999980, -9.005000000000000782, 0.8549999999999999822 ) ) ;
#4836 = CYLINDRICAL_SURFACE ( 'NONE', #4783, 0.2550000000000000044 ) ;
#4837 = CARTESIAN_POINT ( 'NONE',  ( -1.999577604601002534, -9.260214139801002275, -0.6053331844325998690 ) ) ;
#4838 = CARTESIAN_POINT ( 'NONE',  ( -3.426342951836999884, -1.837987930960000238, -0.5439139442806999458 ) ) ;
#4839 = CARTESIAN_POINT ( 'NONE',  ( 2.965339717231000094, -1.028000000001999981, 0.6000004853957999762 ) ) ;
#4840 = CARTESIAN_POINT ( 'NONE',  ( 1.910524004920000074, -1.247569628960999877, 0.6768670787032999847 ) ) ;
#4841 = ADVANCED_FACE ( 'NONE', ( #739 ), #3674, .T. ) ;
#4842 = DIRECTION ( 'NONE',  ( -3.978673662934083245E-07, -0.9999999999999207301, 2.044282107617044051E-12 ) ) ;
#4843 = ORIENTED_EDGE ( 'NONE', *, *, #3346, .T. ) ;
#4844 = CARTESIAN_POINT ( 'NONE',  ( 1.640786543148000209, -1.018719683002998533, 0.2384602014354998689 ) ) ;
#4845 = UNCERTAINTY_MEASURE_WITH_UNIT (LENGTH_MEASURE( 1.000000000000000082E-05 ), #4249, 'distance_accuracy_value', 'NONE');
#4846 = CARTESIAN_POINT ( 'NONE',  ( 3.533612328684593074, -1.613946837042465221, 0.5184629951668544567 ) ) ;
#4847 = CARTESIAN_POINT ( 'NONE',  ( -2.244864539704999995, -10.23101048126000379, -0.4769630396008002204 ) ) ;
#4848 = ORIENTED_EDGE ( 'NONE', *, *, #2605, .T. ) ;
#4849 = CARTESIAN_POINT ( 'NONE',  ( 1.625407937152679505, -1.350050300682579030, 0.5999291083207654030 ) ) ;
#4850 = CARTESIAN_POINT ( 'NONE',  ( -3.373096490470568920, -1.585138573226065439, -0.8187418469123959319 ) ) ;
#4851 = CARTESIAN_POINT ( 'NONE',  ( 1.508726930849999981, -9.066445832916000924, 0.3463991378564000301 ) ) ;
#4852 = SURFACE_SIDE_STYLE ('',( #3414 ) ) ;
#4853 = ORIENTED_EDGE ( 'NONE', *, *, #4106, .F. ) ;
#4854 = SURFACE_STYLE_FILL_AREA ( #1473 ) ;
#4855 = CARTESIAN_POINT ( 'NONE',  ( -1.671523070637001895, -9.105085127942995626, -0.7851203300196002433 ) ) ;
#4856 = CARTESIAN_POINT ( 'NONE',  ( 1.671523068982001314, -9.105085129058004156, 0.7851203288929998747 ) ) ;
#4857 = CARTESIAN_POINT ( 'NONE',  ( -1.290402648647001493, -9.828392862165005184, -0.2415380353484998244 ) ) ;
#4858 = ORIENTED_EDGE ( 'NONE', *, *, #2240, .T. ) ;
#4859 = CARTESIAN_POINT ( 'NONE',  ( -3.166229846070705012, -2.362893159858488357, -0.1190938406667566840 ) ) ;
#4860 = CARTESIAN_POINT ( 'NONE',  ( -1.983321837634572038, -10.25234894059232538, -0.5278248022844602705 ) ) ;
#4861 =( GEOMETRIC_REPRESENTATION_CONTEXT ( 3 ) GLOBAL_UNCERTAINTY_ASSIGNED_CONTEXT ( ( #2391 ) ) GLOBAL_UNIT_ASSIGNED_CONTEXT ( ( #3322, #2336, #5212 ) ) REPRESENTATION_CONTEXT ( 'NONE', 'WORKASPACE' ) );
#4862 = CARTESIAN_POINT ( 'NONE',  ( -2.250198796238000121, -10.21080745838000681, -0.7344776855937996674 ) ) ;
#4863 = CARTESIAN_POINT ( 'NONE',  ( -2.105632507291001154, -8.828063259243997152, -0.7847942532320004716 ) ) ;
#4864 = CARTESIAN_POINT ( 'NONE',  ( -2.003442015164000445, -10.15973031461000531, -0.8629901472938988904 ) ) ;
#4865 = CARTESIAN_POINT ( 'NONE',  ( 1.902248489870001835, -9.090856021123991937, 0.2541906603226998795 ) ) ;
#4866 = SURFACE_STYLE_USAGE ( .BOTH. , #4780 ) ;
#4867 = CARTESIAN_POINT ( 'NONE',  ( -1.985405460868999272, -9.215270487638997920, -0.4286139852344003076 ) ) ;
#4868 = CARTESIAN_POINT ( 'NONE',  ( 2.466465648289598800, -10.02806505479358812, 0.3450017080629533828 ) ) ;
#4869 = CARTESIAN_POINT ( 'NONE',  ( 1.605625211296912047, -9.260247161621446566, 0.8213079389228274962 ) ) ;
#4870 = CARTESIAN_POINT ( 'NONE',  ( -1.477999999999999980, -9.005000000000000782, -0.8549999999999999822 ) ) ;
#4871 = DIRECTION ( 'NONE',  ( 1.000000000000000000, 0.000000000000000000, 0.000000000000000000 ) ) ;
#4872 = ORIENTED_EDGE ( 'NONE', *, *, #1853, .T. ) ;
#4873 = CARTESIAN_POINT ( 'NONE',  ( 1.538141837730999661, -1.713849127690000751, 0.7432147856583000145 ) ) ;
#4874 = CYLINDRICAL_SURFACE ( 'NONE', #4568, 0.3499999999999999223 ) ;
#4875 = SURFACE_STYLE_USAGE ( .BOTH. , #3019 ) ;
#4876 = COLOUR_RGB ( '',0.8039215686274510109, 0.8039215686274510109, 0.8039215686274510109 ) ;
#4877 =( GEOMETRIC_REPRESENTATION_CONTEXT ( 3 ) GLOBAL_UNCERTAINTY_ASSIGNED_CONTEXT ( ( #3076 ) ) GLOBAL_UNIT_ASSIGNED_CONTEXT ( ( #4050, #5979, #4508 ) ) REPRESENTATION_CONTEXT ( 'NONE', 'WORKASPACE' ) );
#4878 = CARTESIAN_POINT ( 'NONE',  ( 2.664347108454001134, -8.831247877449003525, 1.123738715610999472 ) ) ;
#4879 = CARTESIAN_POINT ( 'NONE',  ( 3.076372752967998725, -1.386934052230001546, 0.9259497559704991110 ) ) ;
#4880 = EDGE_LOOP ( 'NONE', ( #5037, #2467, #4437, #561 ) ) ;
#4881 = CARTESIAN_POINT ( 'NONE',  ( -3.017634146054998912, -1.005176899894999032, -0.6006962707448996186 ) ) ;
#4882 = CIRCLE ( 'NONE', #3581, 0.3499999999999999778 ) ;
#4883 = FACE_OUTER_BOUND ( 'NONE', #1196, .T. ) ;
#4884 =( GEOMETRIC_REPRESENTATION_CONTEXT ( 3 ) GLOBAL_UNCERTAINTY_ASSIGNED_CONTEXT ( ( #4909 ) ) GLOBAL_UNIT_ASSIGNED_CONTEXT ( ( #2401, #3418, #5945 ) ) REPRESENTATION_CONTEXT ( 'NONE', 'WORKASPACE' ) );
#4885 = VERTEX_POINT ( 'NONE', #396 ) ;
#4886 = CIRCLE ( 'NONE', #43, 3.950000000000000178 ) ;
#4887 = CARTESIAN_POINT ( 'NONE',  ( 3.361502999835001226, -1.930473483895997600, 0.4577980971612001793 ) ) ;
#4888 = CARTESIAN_POINT ( 'NONE',  ( -1.686633871598997692, -9.148012211533002258, -0.7663373060729002928 ) ) ;
#4889 = CARTESIAN_POINT ( 'NONE',  ( 1.636901037498997846, -9.017618994532998755, 0.8172742003966997348 ) ) ;
#4890 = DIRECTION ( 'NONE',  ( 0.000000000000000000, 0.000000000000000000, 1.000000000000000000 ) ) ;
#4891 = ORIENTED_EDGE ( 'NONE', *, *, #90, .T. ) ;
#4892 = CARTESIAN_POINT ( 'NONE',  ( -3.250414308222147941, -2.244411003624601442, -0.2102942232989664650 ) ) ;
#4893 = CARTESIAN_POINT ( 'NONE',  ( -1.622019980293665231, -9.716969696769901077, -0.8104561489729168455 ) ) ;
#4894 = CARTESIAN_POINT ( 'NONE',  ( -2.321837995318998260, -10.01121419030999782, -0.8192870198112995883 ) ) ;
#4895 = CARTESIAN_POINT ( 'NONE',  ( 1.653883617432999609, -8.820729069651992660, 0.07696743239830999839 ) ) ;
#4896 = PRESENTATION_STYLE_ASSIGNMENT (( #4472 ) ) ;
#4897 = CARTESIAN_POINT ( 'NONE',  ( -1.817803458944001971, -9.085268690197001007, -0.3907393448565000815 ) ) ;
#4898 = MECHANICAL_DESIGN_GEOMETRIC_PRESENTATION_REPRESENTATION (  '', ( #1362 ), #1661 ) ;
#4899 = EDGE_CURVE ( 'NONE', #480, #4596, #6031, .T. ) ;
#4900 = CARTESIAN_POINT ( 'NONE',  ( -3.407245643686000136, -1.931584108960999968, -0.4751427316624000086 ) ) ;
#4901 = FILL_AREA_STYLE ('',( #5357 ) ) ;
#4902 = CARTESIAN_POINT ( 'NONE',  ( -1.926710686216595247, -9.229349095199081532, -0.7226128984961150969 ) ) ;
#4903 = SURFACE_STYLE_USAGE ( .BOTH. , #1049 ) ;
#4904 = AXIS2_PLACEMENT_3D ( 'NONE', #923, #2860, #3849 ) ;
#4905 = ORIENTED_EDGE ( 'NONE', *, *, #1560, .T. ) ;
#4906 = CARTESIAN_POINT ( 'NONE',  ( 2.123112720678001608, -8.837110873217007168, 0.4068513625611999696 ) ) ;
#4907 = FILL_AREA_STYLE ('',( #5258 ) ) ;
#4908 = AXIS2_PLACEMENT_3D ( 'NONE', #398, #4833, #1314 ) ;
#4909 = UNCERTAINTY_MEASURE_WITH_UNIT (LENGTH_MEASURE( 1.000000000000000082E-05 ), #2401, 'distance_accuracy_value', 'NONE');
#4910 = PRESENTATION_LAYER_ASSIGNMENT (  '', '', ( #6230 ) ) ;
#4911 = PRESENTATION_LAYER_ASSIGNMENT (  '', '', ( #1372 ) ) ;
#4912 = CARTESIAN_POINT ( 'NONE',  ( 2.222662426745000364, -8.483417615006002777, 0.6010533064691002680 ) ) ;
#4913 = CARTESIAN_POINT ( 'NONE',  ( 2.312447961044411304, -8.922222233825555904, 0.3584478702469536260 ) ) ;
#4914 = CARTESIAN_POINT ( 'NONE',  ( 1.718833037511281470, -1.248448888269751311, 0.6000006045756088868 ) ) ;
#4915 = CARTESIAN_POINT ( 'NONE',  ( 1.721432794897999941, -9.491947163266999610, 0.5221414243869999527 ) ) ;
#4916 = FILL_AREA_STYLE_COLOUR ( '', #2581 ) ;
#4917 = EDGE_CURVE ( 'NONE', #6253, #2866, #6168, .T. ) ;
#4918 = STYLED_ITEM ( 'NONE', ( #4579 ), #5034 ) ;
#4919 = ORIENTED_EDGE ( 'NONE', *, *, #5484, .F. ) ;
#4920 = CARTESIAN_POINT ( 'NONE',  ( 1.968004490960659769, -8.750001384533263149, 0.5952852654566994639 ) ) ;
#4921 = CARTESIAN_POINT ( 'NONE',  ( -1.581075313754999101, -8.895767311764000596, -0.8488259000817998112 ) ) ;
#4922 = CARTESIAN_POINT ( 'NONE',  ( 1.655311010931002080, -9.062658454857995594, 0.8016726202948997182 ) ) ;
#4923 = B_SPLINE_CURVE_WITH_KNOTS ( 'NONE', 3,
 ( #70, #2981, #4900, #3997, #1580 ),
 .UNSPECIFIED., .F., .F.,
 ( 4, 1, 4 ),
 ( 0.000000000000000000, 0.5000000000000000000, 1.000000000000000000 ),
 .UNSPECIFIED. ) ;
#4924 = EDGE_CURVE ( 'NONE', #2588, #3415, #4978, .T. ) ;
#4925 = CARTESIAN_POINT ( 'NONE',  ( -1.598844850229000025, -9.657499265871003047, -0.4234698377324999652 ) ) ;
#4926 = PRESENTATION_LAYER_ASSIGNMENT (  '', '', ( #5528 ) ) ;
#4927 = CARTESIAN_POINT ( 'NONE',  ( 1.956423506905998755, -10.26003843590998876, 0.5810323245170001538 ) ) ;
#4928 = DIRECTION ( 'NONE',  ( 0.9999999999999997780, 0.000000000000000000, 1.204377982772973727E-08 ) ) ;
#4929 = ORIENTED_EDGE ( 'NONE', *, *, #1005, .T. ) ;
#4930 = VECTOR ( 'NONE', #5640, 1000.000000000000114 ) ;
#4931 = CARTESIAN_POINT ( 'NONE',  ( -2.417964545418672451, -8.974984692395542751, -0.8537840571398052081 ) ) ;
#4932 = CARTESIAN_POINT ( 'NONE',  ( -1.532623125291736610, -9.895877620540119324, -0.8491777346502882295 ) ) ;
#4933 = FILL_AREA_STYLE_COLOUR ( '', #4993 ) ;
#4934 = CARTESIAN_POINT ( 'NONE',  ( 1.988000436274144578, -9.260000000000001563, 0.6357760437866960546 ) ) ;
#4935 =( NAMED_UNIT ( * ) PLANE_ANGLE_UNIT ( ) SI_UNIT ( $, .RADIAN. ) );
#4936 = CARTESIAN_POINT ( 'NONE',  ( -1.725963550443999628, -9.366479595702001504, -0.5996068063137002246 ) ) ;
#4937 = CARTESIAN_POINT ( 'NONE',  ( -2.478000000000000203, -10.00500000000000078, -0.5999999999999999778 ) ) ;
#4938 = DIRECTION ( 'NONE',  ( -0.001485959642859940649, 0.9999988959613604900, 0.000000000000000000 ) ) ;
#4939 = ADVANCED_FACE ( 'NONE', ( #4775 ), #4614, .T. ) ;
#4940 = CARTESIAN_POINT ( 'NONE',  ( 2.478000000000000203, -1.837987956972999992, 0.5999999999999999778 ) ) ;
#4941 =( BOUNDED_CURVE ( )  B_SPLINE_CURVE ( 3, ( #5786, #3263, #4711, #3297, #1889, #1387, #4308, #4277, #461, #6267, #1449, #369, #3835, #5757, #1418, #2310, #2878, #2846 ),
 .UNSPECIFIED., .F., .T. ) 
 B_SPLINE_CURVE_WITH_KNOTS ( ( 4, 1, 1, 1, 1, 1, 1, 1, 1, 1, 1, 1, 1, 1, 1, 4 ),
 ( 0.000000000000000000, 0.02368774461596396055, 0.07641475969354674658, 0.1345515675753489460, 0.2001193685204362416, 0.2725184881363484912, 0.3455511339666780257, 0.4128029724544736156, 0.4821742510660977921, 0.5543306410344369661, 0.6252724654386052627, 0.6915050763612596851, 0.7538957490419164742, 0.8203691498315617281, 0.8995135958483151395, 1.000000000000000000 ),
 .UNSPECIFIED. ) 
 CURVE ( )  GEOMETRIC_REPRESENTATION_ITEM ( )  RATIONAL_B_SPLINE_CURVE ( ( 1.162536354344153811, 1.162536354344153811, 1.162536354344153811, 1.162536354344154033, 1.162536354344154033, 1.162536354344154033, 1.162536354344154033, 1.162536354344154033, 1.162536354344154033, 1.162536354344154033, 1.162536354344154033, 1.162536354344154033, 1.162536354344154033, 1.162536354344154033, 1.162536354344154033, 1.162536354344154033, 1.162536354344154033, 1.162536354344154033 ) ) 
 REPRESENTATION_ITEM ( '' )  );
#4942 = FILL_AREA_STYLE_COLOUR ( '', #2970 ) ;
#4943 = ORIENTED_EDGE ( 'NONE', *, *, #5244, .F. ) ;
#4944 = CARTESIAN_POINT ( 'NONE',  ( 1.710487128298999293, -1.521161875217999171, 1.169104602206000543 ) ) ;
#4945 = SURFACE_SIDE_STYLE ('',( #2580 ) ) ;
#4946 = CARTESIAN_POINT ( 'NONE',  ( 3.111680731223998908, -1.394474376109000380, 0.9164494518981004534 ) ) ;
#4947 = DIRECTION ( 'NONE',  ( 0.000000000000000000, 1.000000000000000000, 0.000000000000000000 ) ) ;
#4948 = CARTESIAN_POINT ( 'NONE',  ( 1.843816658619491955, -1.148352451653062767, 0.6000069805618539753 ) ) ;
#4949 = EDGE_LOOP ( 'NONE', ( #1168, #685, #924, #3759, #2368, #2557, #2249, #2516 ) ) ;
#4950 = FILL_AREA_STYLE_COLOUR ( '', #5111 ) ;
#4951 = CARTESIAN_POINT ( 'NONE',  ( 2.223001145167000203, -8.494999999989000017, 0.5999997926836999618 ) ) ;
#4952 = ORIENTED_EDGE ( 'NONE', *, *, #97, .F. ) ;
#4953 = EDGE_CURVE ( 'NONE', #5879, #3655, #80, .T. ) ;
#4954 = CARTESIAN_POINT ( 'NONE',  ( 1.531851803875191598, -1.667394845713917162, 0.6994747522815210061 ) ) ;
#4955 = CARTESIAN_POINT ( 'NONE',  ( -1.466702595849000756, -9.006981135679001937, -0.8551451728562000643 ) ) ;
#4956 = CARTESIAN_POINT ( 'NONE',  ( 1.772898902721998349, -8.941604318752990110, 1.066444472526999032 ) ) ;
#4957 = CARTESIAN_POINT ( 'NONE',  ( -1.888509991822001854, -9.808252358113012548, -0.4363363062541002479 ) ) ;
#4958 = SURFACE_STYLE_FILL_AREA ( #1601 ) ;
#4959 = DIRECTION ( 'NONE',  ( 0.000000000000000000, 0.000000000000000000, 1.000000000000000000 ) ) ;
#4960 = AXIS2_PLACEMENT_3D ( 'NONE', #3540, #4595, #5547 ) ;
#4961 = EDGE_CURVE ( 'NONE', #389, #2282, #3086, .T. ) ;
#4962 = CARTESIAN_POINT ( 'NONE',  ( -2.477083671068998516, -3.076801087718814998, 0.07234396056285395671 ) ) ;
#4963 = DIRECTION ( 'NONE',  ( 0.000000000000000000, 0.000000000000000000, 1.000000000000000000 ) ) ;
#4964 = CARTESIAN_POINT ( 'NONE',  ( -2.236552249798000602, -8.768209202142003278, -0.7137105504947003354 ) ) ;
#4965 =( NAMED_UNIT ( * ) PLANE_ANGLE_UNIT ( ) SI_UNIT ( $, .RADIAN. ) );
#4966 =( NAMED_UNIT ( * ) SI_UNIT ( $, .STERADIAN. ) SOLID_ANGLE_UNIT ( ) );
#4967 = CARTESIAN_POINT ( 'NONE',  ( -1.467736654674000052, -9.009048365840012451, -0.3448093560682000125 ) ) ;
#4968 =( GEOMETRIC_REPRESENTATION_CONTEXT ( 3 ) GLOBAL_UNCERTAINTY_ASSIGNED_CONTEXT ( ( #44 ) ) GLOBAL_UNIT_ASSIGNED_CONTEXT ( ( #422, #5779, #2300 ) ) REPRESENTATION_CONTEXT ( 'NONE', 'WORKASPACE' ) );
#4969 =( NAMED_UNIT ( * ) PLANE_ANGLE_UNIT ( ) SI_UNIT ( $, .RADIAN. ) );
#4970 = CARTESIAN_POINT ( 'NONE',  ( 1.477999999999999980, -10.00500000000000078, 0.5999999999999999778 ) ) ;
#4971 =( NAMED_UNIT ( * ) PLANE_ANGLE_UNIT ( ) SI_UNIT ( $, .RADIAN. ) );
#4972 = ORIENTED_EDGE ( 'NONE', *, *, #4290, .T. ) ;
#4973 = CARTESIAN_POINT ( 'NONE',  ( 2.116937511976999531, -8.756975808987004228, 0.5929487905133000725 ) ) ;
#4974 = SURFACE_STYLE_FILL_AREA ( #5541 ) ;
#4975 = DIRECTION ( 'NONE',  ( 0.9999999999999998890, 0.000000000000000000, 9.533803107545888607E-09 ) ) ;
#4976 = PRESENTATION_LAYER_ASSIGNMENT (  '', '', ( #5983 ) ) ;
#4977 = AXIS2_PLACEMENT_3D ( 'NONE', #651, #5901, #5981 ) ;
#4978 =( BOUNDED_CURVE ( )  B_SPLINE_CURVE ( 3, ( #3393, #3769, #3833, #877, #5316, #2815, #2845, #4339, #969, #2876, #5754, #2434, #1348, #1385, #4306, #3327, #3296, #5249 ),
 .UNSPECIFIED., .F., .T. ) 
 B_SPLINE_CURVE_WITH_KNOTS ( ( 4, 1, 1, 1, 1, 1, 1, 1, 1, 1, 1, 1, 1, 1, 1, 4 ),
 ( 0.000000000000000000, 0.02368774467316887497, 0.07641475987806968517, 0.1345515679002528275, 0.2001193690036643380, 0.2725184887943961076, 0.3455511348010749662, 0.4128029734512612126, 0.4821742522303937295, 0.5543306423729664756, 0.6252724669484353015, 0.6915050780310192380, 0.7538957508623287396, 0.8203691518126901006, 0.8995135980205506421, 1.000000000000000000 ),
 .UNSPECIFIED. ) 
 CURVE ( )  GEOMETRIC_REPRESENTATION_ITEM ( )  RATIONAL_B_SPLINE_CURVE ( ( 1.171577234020226843, 1.171577234020226843, 1.171577234020226843, 1.171577234020226843, 1.171577234020226843, 1.171577234020226843, 1.171577234020226843, 1.171577234020226843, 1.171577234020226843, 1.171577234020226843, 1.171577234020226843, 1.171577234020226843, 1.171577234020226843, 1.171577234020226843, 1.171577234020226843, 1.171577234020226843, 1.171577234020226843, 1.171577234020226843 ) ) 
 REPRESENTATION_ITEM ( '' )  );
#4979 = CARTESIAN_POINT ( 'NONE',  ( 2.222921388744001803, -8.483423229797004694, 0.6176760617165999445 ) ) ;
#4980 = CARTESIAN_POINT ( 'NONE',  ( 2.959855882646999614, -1.386120369426000254, 0.7477592269735002795 ) ) ;
#4981 = CARTESIAN_POINT ( 'NONE',  ( -2.351780189349298222, -8.752622344973788771, -0.8216940668356916833 ) ) ;
#4982 = EDGE_LOOP ( 'NONE', ( #620, #251, #656, #1907, #4196, #4189, #3842, #354, #4720 ) ) ;
#4983 = ORIENTED_EDGE ( 'NONE', *, *, #2442, .F. ) ;
#4984 = CIRCLE ( 'NONE', #5492, 0.2550000000000000044 ) ;
#4985 = CARTESIAN_POINT ( 'NONE',  ( 1.568457087610454215, -1.705417679612436732, 0.8745857608004383721 ) ) ;
#4986 = CARTESIAN_POINT ( 'NONE',  ( -1.467738110322001521, -9.009050986391994087, -0.8551907638259997890 ) ) ;
#4987 = SURFACE_STYLE_FILL_AREA ( #3056 ) ;
#4988 = B_SPLINE_CURVE_WITH_KNOTS ( 'NONE', 3,
 ( #5275, #939, #5657, #3831, #2811, #4740, #5181, #1792, #393, #3389, #3353, #1344, #2776, #4241, #2268, #1308, #3256, #1885, #1820, #2871, #4336, #835, #1413, #5752, #5689, #4704 ),
 .UNSPECIFIED., .F., .F.,
 ( 4, 2, 2, 2, 2, 1, 1, 2, 2, 2, 1, 1, 2, 2, 4 ),
 ( 0.000000000000000000, 0.1249999999999983069, 0.1874999999999988343, 0.2499999999999993894, 0.3750000000000004441, 0.4375000000000009992, 0.4687500000000026090, 0.4843750000000021094, 0.5000000000000015543, 0.6249999999999882316, 0.6874999999999799050, 0.7187499999999750200, 0.7343749999999733546, 0.7499999999999718003, 1.000000000000000000 ),
 .UNSPECIFIED. ) ;
#4989 = CARTESIAN_POINT ( 'NONE',  ( -1.725429925528001007, -9.892293089339005974, -0.3704166865101999329 ) ) ;
#4990 = CARTESIAN_POINT ( 'NONE',  ( -2.420341665683000354, -8.827688820907001244, -0.3983272416905001001 ) ) ;
#4991 = CIRCLE ( 'NONE', #4683, 0.2549988548221004958 ) ;
#4992 = CARTESIAN_POINT ( 'NONE',  ( -2.579794606837796156, -2.991331862847400380, 0.08495667588885259802 ) ) ;
#4993 = COLOUR_RGB ( '',0.9411764705882352811, 0.9921568627450980671, 0.007843137254901960675 ) ;
#4994 = CARTESIAN_POINT ( 'NONE',  ( -2.288918325770282536, -10.09954123073209331, -0.8368353736021653111 ) ) ;
#4995 = DIRECTION ( 'NONE',  ( -1.000000000000000000, 0.000000000000000000, 0.000000000000000000 ) ) ;
#4996 = FACE_OUTER_BOUND ( 'NONE', #5163, .T. ) ;
#4997 = CARTESIAN_POINT ( 'NONE',  ( 0.005498050678581324797, -3.699995915057032292, 0.3499999999999999778 ) ) ;
#4998 = SURFACE_STYLE_FILL_AREA ( #104 ) ;
#4999 = CARTESIAN_POINT ( 'NONE',  ( -2.223000641427000268, -10.51500000001000146, -0.6000000000053998805 ) ) ;
#5000 = CARTESIAN_POINT ( 'NONE',  ( -3.425811835392000404, -1.845700750708000104, -0.5349334446518999586 ) ) ;
#5001 = SURFACE_SIDE_STYLE ('',( #4974 ) ) ;
#5002 = CARTESIAN_POINT ( 'NONE',  ( -1.739643615436001545, -1.153168975711001298, -0.6266639739871996406 ) ) ;
#5003 = FILL_AREA_STYLE_COLOUR ( '', #1383 ) ;
#5004 = CARTESIAN_POINT ( 'NONE',  ( 3.006782037536999574, -1.220609098833999706, 0.5862527717233003699 ) ) ;
#5005 = MECHANICAL_DESIGN_GEOMETRIC_PRESENTATION_REPRESENTATION (  '', ( #1768 ), #6119 ) ;
#5006 = AXIS2_PLACEMENT_3D ( 'NONE', #2152, #5580, #2285 ) ;
#5007 = CARTESIAN_POINT ( 'NONE',  ( -2.478000015587000338, -1.916979210374000209, -1.540969770082381451 ) ) ;
#5008 = ORIENTED_EDGE ( 'NONE', *, *, #4106, .T. ) ;
#5009 =( NAMED_UNIT ( * ) PLANE_ANGLE_UNIT ( ) SI_UNIT ( $, .RADIAN. ) );
#5010 = CARTESIAN_POINT ( 'NONE',  ( 1.555172841992247479, -9.850663543079178908, 0.8430565420573827851 ) ) ;
#5011 = AXIS2_PLACEMENT_3D ( 'NONE', #2687, #272, #1634 ) ;
#5012 = ORIENTED_EDGE ( 'NONE', *, *, #4552, .T. ) ;
#5013 = CARTESIAN_POINT ( 'NONE',  ( 1.603827549306684030, -1.721593939450213551, 0.9820033228997399055 ) ) ;
#5014 = EDGE_CURVE ( 'NONE', #1879, #2150, #3002, .T. ) ;
#5015 = CARTESIAN_POINT ( 'NONE',  ( -1.876912942856000077, -1.334563035566000089, -0.7797771418306000957 ) ) ;
#5016 =( NAMED_UNIT ( * ) SI_UNIT ( $, .STERADIAN. ) SOLID_ANGLE_UNIT ( ) );
#5017 = CARTESIAN_POINT ( 'NONE',  ( 1.725429925528001007, -9.892293089339005974, 0.3704166865102999640 ) ) ;
#5018 = DIRECTION ( 'NONE',  ( 0.000000000000000000, 1.000000000000000000, 0.000000000000000000 ) ) ;
#5019 = CARTESIAN_POINT ( 'NONE',  ( -2.133520462290000808, -8.755437243574000661, -0.5658571811762999060 ) ) ;
#5020 = CONICAL_SURFACE ( 'NONE', #5119, 0.6025000041133001805, 0.2276507215286134034 ) ;
#5021 = PRESENTATION_LAYER_ASSIGNMENT (  '', '', ( #564 ) ) ;
#5022 = DIRECTION ( 'NONE',  ( -0.000000000000000000, 0.000000000000000000, -1.000000000000000000 ) ) ;
#5023 = CARTESIAN_POINT ( 'NONE',  ( -1.609688865155155746, -9.741647984310692010, -0.8185073608776257670 ) ) ;
#5024 =( LENGTH_UNIT ( ) NAMED_UNIT ( * ) SI_UNIT ( .MILLI., .METRE. ) );
#5025 = DIRECTION ( 'NONE',  ( 0.000000000000000000, 1.000000000000000000, 0.000000000000000000 ) ) ;
#5026 = SURFACE_SIDE_STYLE ('',( #1158 ) ) ;
#5027 = CARTESIAN_POINT ( 'NONE',  ( -2.478000015587000338, -1.916979210374000209, -0.6000000089710000317 ) ) ;
#5028 = EDGE_CURVE ( 'NONE', #4737, #6152, #5447, .T. ) ;
#5029 = AXIS2_PLACEMENT_3D ( 'NONE', #5762, #5702, #467 ) ;
#5030 = SURFACE_STYLE_FILL_AREA ( #3966 ) ;
#5031 = CARTESIAN_POINT ( 'NONE',  ( 2.309879680545999570, -8.636908846559006037, 0.4731869190903000844 ) ) ;
#5032 = SURFACE_STYLE_USAGE ( .BOTH. , #4002 ) ;
#5033 = CARTESIAN_POINT ( 'NONE',  ( -1.627520521598000425, -1.079220852944998921, -0.4545175275585996988 ) ) ;
#5034 = ADVANCED_FACE ( 'NONE', ( #264 ), #5020, .T. ) ;
#5035 = CARTESIAN_POINT ( 'NONE',  ( -1.626384420249000096, -9.301770185140000535, -0.3921461973473999718 ) ) ;
#5036 = CARTESIAN_POINT ( 'NONE',  ( -2.299192849212854828, -8.647410785158127666, -0.7819110498530426057 ) ) ;
#5037 = ORIENTED_EDGE ( 'NONE', *, *, #4782, .F. ) ;
#5038 = CARTESIAN_POINT ( 'NONE',  ( 1.651142817023002252, -9.643082307048999269, 0.7258514037091003956 ) ) ;
#5039 = SURFACE_STYLE_FILL_AREA ( #283 ) ;
#5040 =( LENGTH_UNIT ( ) NAMED_UNIT ( * ) SI_UNIT ( .MILLI., .METRE. ) );
#5041 = ORIENTED_EDGE ( 'NONE', *, *, #5432, .F. ) ;
#5042 = CARTESIAN_POINT ( 'NONE',  ( 1.527999792634887388, -1.652151997774461645, 0.6491466101252583165 ) ) ;
#5043 = CARTESIAN_POINT ( 'NONE',  ( -1.898127563282999919, -1.270411497537999868, -0.6969228669439999635 ) ) ;
#5044 = CARTESIAN_POINT ( 'NONE',  ( -2.406006815202000659, -8.981200328654002973, -0.3450904220791000676 ) ) ;
#5045 = CARTESIAN_POINT ( 'NONE',  ( -2.965339717230000005, -1.028000000001999981, -0.6000004874373999764 ) ) ;
#5046 = CARTESIAN_POINT ( 'NONE',  ( -2.288222536561999920, -10.40212158425999966, -0.4282201046075000961 ) ) ;
#5047 = CARTESIAN_POINT ( 'NONE',  ( -1.952439189184750790, -1.063682970981221887, -0.6000084074422669111 ) ) ;
#5048 = CARTESIAN_POINT ( 'NONE',  ( -3.361483635991999730, -1.930501980567000508, -0.4578013964267999003 ) ) ;
#5049 = CARTESIAN_POINT ( 'NONE',  ( -2.222662426745000364, -8.483417615006002777, -0.6010533064691002680 ) ) ;
#5050 = AXIS2_PLACEMENT_3D ( 'NONE', #2108, #2086, #1125 ) ;
#5051 = CARTESIAN_POINT ( 'NONE',  ( 1.988000091645613088, -9.750001099358099665, 0.5955968465105654364 ) ) ;
#5052 =( LENGTH_UNIT ( ) NAMED_UNIT ( * ) SI_UNIT ( .MILLI., .METRE. ) );
#5053 = CARTESIAN_POINT ( 'NONE',  ( 2.454934946555606512, -8.993465646938776814, 0.3450017081240733807 ) ) ;
#5054 = CARTESIAN_POINT ( 'NONE',  ( 3.270193164251999907, -1.471182229312000045, 0.8726214909838999612 ) ) ;
#5055 = CARTESIAN_POINT ( 'NONE',  ( 2.319098806506998844, -10.01761887559999842, 0.3827256466253000089 ) ) ;
#5056 = CARTESIAN_POINT ( 'NONE',  ( 2.222961564088002273, -8.483423506906000000, 0.5810323245165003314 ) ) ;
#5057 = CARTESIAN_POINT ( 'NONE',  ( -1.633640863979998192, -1.023171863852999630, -0.4542496042759998076 ) ) ;
#5058 =( GEOMETRIC_REPRESENTATION_CONTEXT ( 3 ) GLOBAL_UNCERTAINTY_ASSIGNED_CONTEXT ( ( #709 ) ) GLOBAL_UNIT_ASSIGNED_CONTEXT ( ( #546, #1204, #4098 ) ) REPRESENTATION_CONTEXT ( 'NONE', 'WORKASPACE' ) );
#5059 = LINE ( 'NONE', #746, #2491 ) ;
#5060 = CARTESIAN_POINT ( 'NONE',  ( 1.643552037168110491, -9.922222232223770533, 0.8415521292031123979 ) ) ;
#5061 = CARTESIAN_POINT ( 'NONE',  ( -2.374215254960981181, -8.797447168378957016, -0.8329837956313299596 ) ) ;
#5062 = EDGE_LOOP ( 'NONE', ( #967, #2812, #1680, #2756, #5933, #5459 ) ) ;
#5063 = CARTESIAN_POINT ( 'NONE',  ( 1.681335318113998945, -9.509133326929996244, 0.7791732400357997967 ) ) ;
#5064 = COLOUR_RGB ( '',0.9411764705882352811, 0.9921568627450980671, 0.007843137254901960675 ) ;
#5065 = CARTESIAN_POINT ( 'NONE',  ( -3.402670230842999910, -1.946972256189000161, -0.4681594196555000087 ) ) ;
#5066 = COLOUR_RGB ( '',0.8039215686274510109, 0.8039215686274510109, 0.8039215686274510109 ) ;
#5067 = SURFACE_STYLE_USAGE ( .BOTH. , #172 ) ;
#5068 = VERTEX_POINT ( 'NONE', #5529 ) ;
#5069 = MECHANICAL_DESIGN_GEOMETRIC_PRESENTATION_REPRESENTATION (  '', ( #2959 ), #5584 ) ;
#5070 = ORIENTED_EDGE ( 'NONE', *, *, #2935, .T. ) ;
#5071 = CARTESIAN_POINT ( 'NONE',  ( -1.980112308495999951, -1.101586967922000060, -0.6075518028631999856 ) ) ;
#5072 = FACE_OUTER_BOUND ( 'NONE', #4397, .T. ) ;
#5073 = DIRECTION ( 'NONE',  ( 0.02454924259663968447, 0.000000000000000000, -0.9996986219295950216 ) ) ;
#5074 = PRESENTATION_STYLE_ASSIGNMENT (( #2538 ) ) ;
#5075 = CARTESIAN_POINT ( 'NONE',  ( -1.956523735062003055, -8.749793355621001467, -0.6053222341430003484 ) ) ;
#5076 = COLOUR_RGB ( '',0.9411764705882352811, 0.9921568627450980671, 0.007843137254901960675 ) ;
#5077 = CARTESIAN_POINT ( 'NONE',  ( 2.477999625704437658, -3.076039300252704223, -0.07245442334078593116 ) ) ;
#5078 = CARTESIAN_POINT ( 'NONE',  ( 2.230651059408962578, -8.510321837634910125, 0.5278248022810889672 ) ) ;
#5079 = CARTESIAN_POINT ( 'NONE',  ( -1.643552038959292139, -9.922222233830963134, -0.8415521297547225998 ) ) ;
#5080 = CIRCLE ( 'NONE', #1447, 3.700000000000000178 ) ;
#5081 = CARTESIAN_POINT ( 'NONE',  ( -1.967999999989000326, -10.25999885483000007, -0.5999997926836999618 ) ) ;
#5082 = CIRCLE ( 'NONE', #2065, 0.2550000000000000600 ) ;
#5083 = CIRCLE ( 'NONE', #2377, 0.2550000000000000044 ) ;
#5084 =( LENGTH_UNIT ( ) NAMED_UNIT ( * ) SI_UNIT ( .MILLI., .METRE. ) );
#5085 = DIRECTION ( 'NONE',  ( 0.000000000000000000, 1.000000000000000000, 0.000000000000000000 ) ) ;
#5086 = CARTESIAN_POINT ( 'NONE',  ( 2.477999994424000096, -3.377999872446999952, -0.002499984434999979847 ) ) ;
#5087 =( LENGTH_UNIT ( ) NAMED_UNIT ( * ) SI_UNIT ( .MILLI., .METRE. ) );
#5088 = CARTESIAN_POINT ( 'NONE',  ( 2.420624389641000906, -8.675119491182005760, 0.3725400342618000460 ) ) ;
#5089 = CARTESIAN_POINT ( 'NONE',  ( -1.726170952631755018, -9.501340051512356055, -0.6593447734995836473 ) ) ;
#5090 = CARTESIAN_POINT ( 'NONE',  ( -1.537656190325000338, -1.550247295199001396, -0.4617170190002001240 ) ) ;
#5091 = EDGE_CURVE ( 'NONE', #1509, #5879, #3248, .T. ) ;
#5092 = SURFACE_STYLE_FILL_AREA ( #2606 ) ;
#5093 = CARTESIAN_POINT ( 'NONE',  ( 3.402674369514999686, -1.946959222715000104, 0.4681657909630999592 ) ) ;
#5094 = PRESENTATION_STYLE_ASSIGNMENT (( #3168 ) ) ;
#5095 = CARTESIAN_POINT ( 'NONE',  ( -2.304343109683606450, -8.657700770835566217, -0.7867454536384094199 ) ) ;
#5096 = ORIENTED_EDGE ( 'NONE', *, *, #4368, .F. ) ;
#5097 = CARTESIAN_POINT ( 'NONE',  ( 1.732953081033999254, -9.493321502761995490, 0.5946753762761002315 ) ) ;
#5098 = CARTESIAN_POINT ( 'NONE',  ( -1.528000000000000025, -1.837987887326999914, -0.5999999999999999778 ) ) ;
#5099 = CARTESIAN_POINT ( 'NONE',  ( 2.228369427352999477, -10.33405253213999764, 0.6495783393182003040 ) ) ;
#5100 = UNCERTAINTY_MEASURE_WITH_UNIT (LENGTH_MEASURE( 1.000000000000000082E-05 ), #3087, 'distance_accuracy_value', 'NONE');
#5101 = ORIENTED_EDGE ( 'NONE', *, *, #3547, .F. ) ;
#5102 = STYLED_ITEM ( 'NONE', ( #2986 ), #1268 ) ;
#5103 = ORIENTED_EDGE ( 'NONE', *, *, #1871, .F. ) ;
#5104 = CARTESIAN_POINT ( 'NONE',  ( -1.813250736829999932, -8.985622532837002296, -1.037122793550999900 ) ) ;
#5105 = DIRECTION ( 'NONE',  ( 0.000000000000000000, 0.000000000000000000, 1.000000000000000000 ) ) ;
#5106 = EDGE_CURVE ( 'NONE', #218, #1106, #4323, .T. ) ;
#5107 = DIRECTION ( 'NONE',  ( 0.000000000000000000, -1.000000000000000000, 0.000000000000000000 ) ) ;
#5108 = STYLED_ITEM ( 'NONE', ( #3106 ), #3266 ) ;
#5109 = CARTESIAN_POINT ( 'NONE',  ( -2.214004641502001824, -8.883831224718004904, -0.3746539105266000758 ) ) ;
#5110 = ORIENTED_EDGE ( 'NONE', *, *, #2676, .F. ) ;
#5111 = COLOUR_RGB ( '',0.8039215686274510109, 0.8039215686274510109, 0.8039215686274510109 ) ;
#5112 = CARTESIAN_POINT ( 'NONE',  ( -1.991232125541939846, -8.761615087881359898, -0.5213704905073793805 ) ) ;
#5113 = ADVANCED_FACE ( 'NONE', ( #2337 ), #1, .F. ) ;
#5114 = CARTESIAN_POINT ( 'NONE',  ( -2.374924568662999391, -9.895767201104998634, -0.3511739169553999562 ) ) ;
#5115 = CARTESIAN_POINT ( 'NONE',  ( 2.313129727105113886, -8.675265767073049972, 0.4054600902224482217 ) ) ;
#5116 = FILL_AREA_STYLE ('',( #6130 ) ) ;
#5117 = CARTESIAN_POINT ( 'NONE',  ( -2.222785860295001470, -8.483422395402012484, -0.5946668106060004622 ) ) ;
#5118 = CARTESIAN_POINT ( 'NONE',  ( -1.477999999999999980, -10.00500000000000078, -0.5999999999999999778 ) ) ;
#5119 = AXIS2_PLACEMENT_3D ( 'NONE', #5999, #2620, #5146 ) ;
#5120 = CARTESIAN_POINT ( 'NONE',  ( 1.836999838502999971, -3.211812836983999997, 0.6000000022515000753 ) ) ;
#5121 = FILL_AREA_STYLE_COLOUR ( '', #4017 ) ;
#5122 = CARTESIAN_POINT ( 'NONE',  ( 2.295662596297999514, -9.815580849572002720, 0.2371268286794998847 ) ) ;
#5123 = CARTESIAN_POINT ( 'NONE',  ( 1.726562327365001481, -9.361984772656995801, 0.5827485636596002605 ) ) ;
#5124 = DIRECTION ( 'NONE',  ( 1.000000000000000000, 0.000000000000000000, 0.000000000000000000 ) ) ;
#5125 = CARTESIAN_POINT ( 'NONE',  ( -1.531061848579999385, -1.512438175354001491, -0.8218476122641005244 ) ) ;
#5126 = CIRCLE ( 'NONE', #1275, 0.3499999394636003625 ) ;
#5127 = CIRCLE ( 'NONE', #2193, 0.3500000000000000333 ) ;
#5128 = DIRECTION ( 'NONE',  ( 0.7071067811865462405, 0.7071067811865487940, 0.000000000000000000 ) ) ;
#5129 = PRESENTATION_STYLE_ASSIGNMENT (( #3200 ) ) ;
#5130 = CARTESIAN_POINT ( 'NONE',  ( 2.467225642045307143, -10.02655357456431595, 0.8549988688376819468 ) ) ;
#5131 = CARTESIAN_POINT ( 'NONE',  ( -2.266137605260259758, -10.11092695106548689, -0.3674654607818634844 ) ) ;
#5132 = ORIENTED_EDGE ( 'NONE', *, *, #5231, .F. ) ;
#5133 = CARTESIAN_POINT ( 'NONE',  ( 1.682137987606000973, -1.276957189445999452, 0.7110784099893998622 ) ) ;
#5134 = DIRECTION ( 'NONE',  ( 0.000000000000000000, 0.000000000000000000, 1.000000000000000000 ) ) ;
#5135 = CARTESIAN_POINT ( 'NONE',  ( 1.956422395401998582, -10.26021413969998974, 0.5946668106058999870 ) ) ;
#5136 = EDGE_LOOP ( 'NONE', ( #2184, #4657, #4028, #3789, #3746 ) ) ;
#5137 = ORIENTED_EDGE ( 'NONE', *, *, #244, .T. ) ;
#5138 = CARTESIAN_POINT ( 'NONE',  ( -1.721896162289998866, -8.888168773938993183, -1.096239369095999727 ) ) ;
#5139 = CARTESIAN_POINT ( 'NONE',  ( 1.978710132549999390, -9.760852653049989058, 0.5229653235416996671 ) ) ;
#5140 = CARTESIAN_POINT ( 'NONE',  ( -1.696385039459001876, -9.907106180659997818, -0.8362984106304998111 ) ) ;
#5141 = CARTESIAN_POINT ( 'NONE',  ( -2.343213328716998500, -8.645349343782998019, -0.4390579658929000817 ) ) ;
#5142 = ORIENTED_EDGE ( 'NONE', *, *, #533, .F. ) ;
#5143 = ADVANCED_FACE ( 'NONE', ( #3546 ), #3777, .T. ) ;
#5144 = B_SPLINE_CURVE_WITH_KNOTS ( 'NONE', 3,
 ( #5045, #493, #975, #3434, #5387, #4415, #4445, #1045, #3503, #5422, #6272, #2443 ),
 .UNSPECIFIED., .F., .F.,
 ( 4, 1, 1, 1, 1, 1, 1, 1, 1, 4 ),
 ( 0.000000000000000000, 0.1111111111111000027, 0.2222222222222000054, 0.3333333333333000081, 0.4444444444444000109, 0.5555555555555999891, 0.6666666666667000474, 0.7777777777777999946, 0.8888888888888999418, 1.000000000000000000 ),
 .UNSPECIFIED. ) ;
#5145 = DIRECTION ( 'NONE',  ( -1.000000000000000000, 0.000000000000000000, 0.000000000000000000 ) ) ;
#5146 = DIRECTION ( 'NONE',  ( 0.000000000000000000, 0.000000000000000000, -1.000000000000000000 ) ) ;
#5147 = CARTESIAN_POINT ( 'NONE',  ( 1.477999999999999980, -8.750000000000000000, 0.5999999999999999778 ) ) ;
#5148 = CARTESIAN_POINT ( 'NONE',  ( 2.478000000000000203, -17.60500000000000043, 0.5999999999999999778 ) ) ;
#5149 = CARTESIAN_POINT ( 'NONE',  ( -0.005869540589296765379, 3.949995639047373608, 0.3499999999999999778 ) ) ;
#5150 =( LENGTH_UNIT ( ) NAMED_UNIT ( * ) SI_UNIT ( .MILLI., .METRE. ) );
#5151 = CARTESIAN_POINT ( 'NONE',  ( 1.729885713673999570, -9.520254515178994126, 0.5547338202876000990 ) ) ;
#5152 = CARTESIAN_POINT ( 'NONE',  ( -1.691256335180470138, -9.431510248306473443, -0.7411960305362995660 ) ) ;
#5153 = CARTESIAN_POINT ( 'NONE',  ( -1.693446381253998823, -9.451298380060993765, -0.4616341276941004490 ) ) ;
#5154 = FILL_AREA_STYLE_COLOUR ( '', #875 ) ;
#5155 = CARTESIAN_POINT ( 'NONE',  ( -1.710575573117000037, -9.470124369048999569, -0.4939255093359999904 ) ) ;
#5156 = CARTESIAN_POINT ( 'NONE',  ( -2.478000000000000203, -1.378000000000000114, -0.5999999999999999778 ) ) ;
#5157 = SURFACE_STYLE_FILL_AREA ( #5641 ) ;
#5158 = VERTEX_POINT ( 'NONE', #5469 ) ;
#5159 = CARTESIAN_POINT ( 'NONE',  ( -1.696285491018999947, -9.568437218710000636, -0.4670078727750999747 ) ) ;
#5160 = CARTESIAN_POINT ( 'NONE',  ( 2.478000000000000203, -9.259999999999999787, 0.5999999999999999778 ) ) ;
#5161 = CARTESIAN_POINT ( 'NONE',  ( 1.961782353478002783, -10.23576428636999402, 0.7245834025345001539 ) ) ;
#5162 = UNCERTAINTY_MEASURE_WITH_UNIT (LENGTH_MEASURE( 1.000000000000000082E-05 ), #1922, 'distance_accuracy_value', 'NONE');
#5163 = EDGE_LOOP ( 'NONE', ( #2011, #1740, #5488, #4318, #3651 ) ) ;
#5164 = CARTESIAN_POINT ( 'NONE',  ( 3.506131906633000117, -1.207889877025999370, 0.6003178965290999480 ) ) ;
#5165 = EDGE_LOOP ( 'NONE', ( #659, #4853, #6188, #3437, #5367 ) ) ;
#5166 = AXIS2_PLACEMENT_3D ( 'NONE', #3953, #21, #5921 ) ;
#5167 = CARTESIAN_POINT ( 'NONE',  ( -3.155208791744998909, -1.380267899484000083, -0.6935526301659004078 ) ) ;
#5168 =( GEOMETRIC_REPRESENTATION_CONTEXT ( 3 ) GLOBAL_UNCERTAINTY_ASSIGNED_CONTEXT ( ( #4424 ) ) GLOBAL_UNIT_ASSIGNED_CONTEXT ( ( #635, #2047, #197 ) ) REPRESENTATION_CONTEXT ( 'NONE', 'WORKASPACE' ) );
#5169 = DIRECTION ( 'NONE',  ( -1.000000000000000000, 0.000000000000000000, 0.000000000000000000 ) ) ;
#5170 = CARTESIAN_POINT ( 'NONE',  ( 1.687472919785997894, -9.779270244474004059, 0.4635505966251003418 ) ) ;
#5171 = CARTESIAN_POINT ( 'NONE',  ( -1.581594612278999890, -9.814313789959001610, -0.7866387475211000790 ) ) ;
#5172 = CARTESIAN_POINT ( 'NONE',  ( -2.461652174288001316, -8.695008928000007131, -0.3428533943960001551 ) ) ;
#5173 = CIRCLE ( 'NONE', #315, 0.2550000000000000044 ) ;
#5174 = EDGE_LOOP ( 'NONE', ( #5008, #1608, #1582 ) ) ;
#5175 = EDGE_CURVE ( 'NONE', #389, #2492, #1955, .T. ) ;
#5176 =( BOUNDED_CURVE ( )  B_SPLINE_CURVE ( 3, ( #3909, #5328, #2006, #5869, #77, #440, #4320, #952, #3816, #3439, #2887, #2985, #530, #5361, #5835, #1018, #3474, #3403 ),
 .UNSPECIFIED., .F., .T. ) 
 B_SPLINE_CURVE_WITH_KNOTS ( ( 4, 1, 1, 1, 1, 1, 1, 1, 1, 1, 1, 1, 1, 1, 1, 4 ),
 ( 0.000000000000000000, 0.02368774464303237057, 0.07641475978088771437, 0.1345515677291465040, 0.2001193687491847617, 0.2725184884478568659, 0.3455511343616704534, 0.4128029729263420489, 0.4821742516172649595, 0.5543306416680865434, 0.6252724661533488604, 0.6915050771517141648, 0.7538957499036902377, 0.8203691507694241825, 0.8995135968766480028, 1.000000000000000000 ),
 .UNSPECIFIED. ) 
 CURVE ( )  GEOMETRIC_REPRESENTATION_ITEM ( )  RATIONAL_B_SPLINE_CURVE ( ( 1.171577234023817526, 1.171577234023817526, 1.171577234023817526, 1.171577234023817526, 1.171577234023817526, 1.171577234023817526, 1.171577234023817526, 1.171577234023817526, 1.171577234023817526, 1.171577234023817526, 1.171577234023817526, 1.171577234023817526, 1.171577234023817526, 1.171577234023817526, 1.171577234023817526, 1.171577234023817526, 1.171577234023817526, 1.171577234023817526 ) ) 
 REPRESENTATION_ITEM ( '' )  );
#5177 = CARTESIAN_POINT ( 'NONE',  ( -2.478000000000000203, -9.004996341983000363, -0.3450000000262000155 ) ) ;
#5178 = DIRECTION ( 'NONE',  ( 0.6424192898291986031, -0.7337728110188992403, 0.2210767239325996669 ) ) ;
#5179 =( LENGTH_UNIT ( ) NAMED_UNIT ( * ) SI_UNIT ( .MILLI., .METRE. ) );
#5180 = CARTESIAN_POINT ( 'NONE',  ( -3.376934148201001573, -1.906878175761997696, -0.4546303484767003078 ) ) ;
#5181 = CARTESIAN_POINT ( 'NONE',  ( 2.008304228779417056, -10.23984822431525465, 0.6997179805962381316 ) ) ;
#5182 = CARTESIAN_POINT ( 'NONE',  ( -1.222999999999999643, -9.005000000000000782, -0.5999999999999999778 ) ) ;
#5183 = CARTESIAN_POINT ( 'NONE',  ( -1.527999792634949339, -1.652151997775857861, -0.6491466101290860324 ) ) ;
#5184 = AXIS2_PLACEMENT_3D ( 'NONE', #1927, #3245, #3871 ) ;
#5185 = SURFACE_SIDE_STYLE ('',( #3195 ) ) ;
#5186 = CIRCLE ( 'NONE', #1750, 0.2550000000000000044 ) ;
#5187 = CARTESIAN_POINT ( 'NONE',  ( 2.231012161962998785, -10.30143451743000149, 0.5233948860010002591 ) ) ;
#5188 = SURFACE_STYLE_FILL_AREA ( #1827 ) ;
#5189 = CARTESIAN_POINT ( 'NONE',  ( -1.727999946521999952, -9.504998384173999781, -0.6502489654445000600 ) ) ;
#5190 = FILL_AREA_STYLE ('',( #6175 ) ) ;
#5191 =( NAMED_UNIT ( * ) SI_UNIT ( $, .STERADIAN. ) SOLID_ANGLE_UNIT ( ) );
#5192 = CARTESIAN_POINT ( 'NONE',  ( 1.904510244466016466, -9.791743663660135155, 0.7411960287596844887 ) ) ;
#5193 = EDGE_CURVE ( 'NONE', #1497, #3293, #4128, .T. ) ;
#5194 = CARTESIAN_POINT ( 'NONE',  ( 1.477999999999999980, -9.005000000000000782, 0.5999999999999999778 ) ) ;
#5195 = VERTEX_POINT ( 'NONE', #724 ) ;
#5196 = PRESENTATION_LAYER_ASSIGNMENT (  '', '', ( #3171 ) ) ;
#5197 = CARTESIAN_POINT ( 'NONE',  ( 1.992847722130001165, -1.098858463465000046, 0.6067316215735003571 ) ) ;
#5198 = LINE ( 'NONE', #887, #1123 ) ;
#5199 = DIRECTION ( 'NONE',  ( 0.000000000000000000, 0.000000000000000000, 1.000000000000000000 ) ) ;
#5200 =( GEOMETRIC_REPRESENTATION_CONTEXT ( 3 ) GLOBAL_UNCERTAINTY_ASSIGNED_CONTEXT ( ( #2323 ) ) GLOBAL_UNIT_ASSIGNED_CONTEXT ( ( #5565, #3155, #4705 ) ) REPRESENTATION_CONTEXT ( 'NONE', 'WORKASPACE' ) );
#5201 = CARTESIAN_POINT ( 'NONE',  ( 2.274705634677997690, -10.13248459025999892, 0.7733259410300995507 ) ) ;
#5202 = ORIENTED_EDGE ( 'NONE', *, *, #1933, .F. ) ;
#5203 = FACE_OUTER_BOUND ( 'NONE', #497, .T. ) ;
#5204 = CARTESIAN_POINT ( 'NONE',  ( 1.786427196509000614, -9.758061325107004080, 0.5275528887250996446 ) ) ;
#5205 = APPLICATION_PROTOCOL_DEFINITION ( 'draft international standard', 'automotive_design', 1998, #2920 ) ;
#5206 = CARTESIAN_POINT ( 'NONE',  ( -1.745011133110998980, -9.765080827809002884, -0.7021796573060001823 ) ) ;
#5207 = CARTESIAN_POINT ( 'NONE',  ( 2.477999625704437658, -3.076039300252704223, -0.07245442334078593116 ) ) ;
#5208 = VECTOR ( 'NONE', #6019, 1000.000000000000114 ) ;
#5209 = EDGE_LOOP ( 'NONE', ( #2766, #3314, #5256, #2894, #3541, #1748 ) ) ;
#5210 = EDGE_CURVE ( 'NONE', #5942, #2853, #1235, .T. ) ;
#5211 = CARTESIAN_POINT ( 'NONE',  ( 3.010397250749812237, -2.557559845959374467, 0.01236755233821624014 ) ) ;
#5212 =( NAMED_UNIT ( * ) SI_UNIT ( $, .STERADIAN. ) SOLID_ANGLE_UNIT ( ) );
#5213 = CARTESIAN_POINT ( 'NONE',  ( -1.773487898199279433, -1.201911031104918370, -0.5999624664276921315 ) ) ;
#5214 = CARTESIAN_POINT ( 'NONE',  ( -3.475508470347000056, -1.968333057903000949, -0.3160790821829002062 ) ) ;
#5215 = COLOUR_RGB ( '',0.8039215686274510109, 0.8039215686274510109, 0.8039215686274510109 ) ;
#5216 = CARTESIAN_POINT ( 'NONE',  ( -2.478000000000000203, -1.837987956972999992, -0.5999999999999999778 ) ) ;
#5217 = AXIS2_PLACEMENT_3D ( 'NONE', #2205, #6069, #1725 ) ;
#5218 = CARTESIAN_POINT ( 'NONE',  ( 2.067490008181000594, -8.808252358108004998, 0.7636636937450000939 ) ) ;
#5219 = SURFACE_STYLE_FILL_AREA ( #1349 ) ;
#5220 = CARTESIAN_POINT ( 'NONE',  ( -2.114482128477002121, -10.15377787783999786, -0.7470063485071005704 ) ) ;
#5221 = AXIS2_PLACEMENT_3D ( 'NONE', #4970, #2575, #2115 ) ;
#5222 = EDGE_CURVE ( 'NONE', #3108, #1375, #4984, .T. ) ;
#5223 = CARTESIAN_POINT ( 'NONE',  ( 1.477999999999999980, -9.005002837309001862, 0.3450000000158000013 ) ) ;
#5224 = DIRECTION ( 'NONE',  ( 1.000000000000000000, 0.000000000000000000, 0.000000000000000000 ) ) ;
#5225 = CIRCLE ( 'NONE', #3104, 0.2549988548221008844 ) ;
#5226 = ORIENTED_EDGE ( 'NONE', *, *, #4173, .T. ) ;
#5227 = CARTESIAN_POINT ( 'NONE',  ( 1.786519172622002660, -1.028755175317999981, 0.6069410778441000076 ) ) ;
#5228 = CARTESIAN_POINT ( 'NONE',  ( 1.477999999999999980, -10.00500000000000078, 0.5999999999999999778 ) ) ;
#5229 = CARTESIAN_POINT ( 'NONE',  ( 2.111009267561001934, -10.24244348037000307, 0.6338965360600000709 ) ) ;
#5230 = UNCERTAINTY_MEASURE_WITH_UNIT (LENGTH_MEASURE( 1.000000000000000082E-05 ), #314, 'distance_accuracy_value', 'NONE');
#5231 = EDGE_CURVE ( 'NONE', #4266, #1025, #4391, .T. ) ;
#5232 = STYLED_ITEM ( 'NONE', ( #6186 ), #4117 ) ;
#5233 = CARTESIAN_POINT ( 'NONE',  ( -2.965339717230000005, -1.028000000001999981, -0.6000004874373999764 ) ) ;
#5234 = CARTESIAN_POINT ( 'NONE',  ( -2.168008927997001845, -10.02134782571999949, -0.3428533943997000843 ) ) ;
#5235 = ORIENTED_EDGE ( 'NONE', *, *, #1552, .F. ) ;
#5236 = SURFACE_STYLE_USAGE ( .BOTH. , #3315 ) ;
#5237 = CARTESIAN_POINT ( 'NONE',  ( 3.699947289006213502, 0.01974990064687099506, -0.3499999999999999778 ) ) ;
#5238 = STYLED_ITEM ( 'NONE', ( #4417 ), #4564 ) ;
#5239 = SHAPE_DEFINITION_REPRESENTATION ( #6005, #2639 ) ;
#5240 = CARTESIAN_POINT ( 'NONE',  ( -1.539907253581000113, -9.681187725101001007, -0.8248286203043000420 ) ) ;
#5241 = CARTESIAN_POINT ( 'NONE',  ( -2.222655469011001639, -8.483417433006005481, -0.5986149358460002290 ) ) ;
#5242 = VERTEX_POINT ( 'NONE', #1713 ) ;
#5243 = CARTESIAN_POINT ( 'NONE',  ( -1.625407448875837213, -1.350050976720214013, -0.5999291115463527557 ) ) ;
#5244 = EDGE_CURVE ( 'NONE', #389, #1296, #1954, .T. ) ;
#5245 = SURFACE_STYLE_USAGE ( .BOTH. , #3324 ) ;
#5246 = CARTESIAN_POINT ( 'NONE',  ( -1.938849566828792614, -9.774574131888559947, -0.7111413909702786196 ) ) ;
#5247 = ORIENTED_EDGE ( 'NONE', *, *, #3483, .F. ) ;
#5248 = SURFACE_STYLE_USAGE ( .BOTH. , #4213 ) ;
#5249 = CARTESIAN_POINT ( 'NONE',  ( 2.477997161168999707, -9.005000000000000782, 0.8549999999841999543 ) ) ;
#5250 = CARTESIAN_POINT ( 'NONE',  ( -2.173973330505000412, -10.00995963905999986, -0.8647462900737005187 ) ) ;
#5251 =( NAMED_UNIT ( * ) SI_UNIT ( $, .STERADIAN. ) SOLID_ANGLE_UNIT ( ) );
#5252 = DIRECTION ( 'NONE',  ( -8.299938503055776645E-05, 0.000000000000000000, -0.9999999965555511627 ) ) ;
#5253 = FILL_AREA_STYLE ('',( #5154 ) ) ;
#5254 = CARTESIAN_POINT ( 'NONE',  ( 0.000000000000000000, 0.000000000000000000, 0.3499999999999999778 ) ) ;
#5255 = DIRECTION ( 'NONE',  ( 8.659560562354940254E-17, -8.659560562354940254E-17, 1.000000000000000000 ) ) ;
#5256 = ORIENTED_EDGE ( 'NONE', *, *, #540, .T. ) ;
#5257 = CARTESIAN_POINT ( 'NONE',  ( 1.591094776445001191, -1.196351283181000591, 0.4757910498948998423 ) ) ;
#5258 = FILL_AREA_STYLE_COLOUR ( '', #3153 ) ;
#5259 = FACE_OUTER_BOUND ( 'NONE', #885, .T. ) ;
#5260 = CARTESIAN_POINT ( 'NONE',  ( 2.084356300371001058, -10.05303628332999111, 0.9825521068025995230 ) ) ;
#5261 = CIRCLE ( 'NONE', #1416, 0.2550000000000000044 ) ;
#5262 = SURFACE_STYLE_USAGE ( .BOTH. , #2892 ) ;
#5263 = CARTESIAN_POINT ( 'NONE',  ( -2.072081761741999983, -10.06787655945999482, -0.2311064964707001401 ) ) ;
#5264 = VERTEX_POINT ( 'NONE', #5494 ) ;
#5265 =( NAMED_UNIT ( * ) SI_UNIT ( $, .STERADIAN. ) SOLID_ANGLE_UNIT ( ) );
#5266 = CARTESIAN_POINT ( 'NONE',  ( 1.316293972388000055, -9.810241998748006509, 0.2506006911189002651 ) ) ;
#5267 = CARTESIAN_POINT ( 'NONE',  ( -1.844052222733999713, -9.756797633693006233, -0.5978355027353002837 ) ) ;
#5268 = CARTESIAN_POINT ( 'NONE',  ( -2.242087878072998919, -8.637376736395998122, -0.5631821803945005200 ) ) ;
#5269 = EDGE_LOOP ( 'NONE', ( #286, #3493, #3333, #4449, #3024, #2187 ) ) ;
#5270 = CARTESIAN_POINT ( 'NONE',  ( 3.368857670070001475, -1.583119125227002044, 0.8338659035745000780 ) ) ;
#5271 = CARTESIAN_POINT ( 'NONE',  ( 3.428165755245000224, -1.789602479167999860, 0.6075419213573000077 ) ) ;
#5272 = DIRECTION ( 'NONE',  ( -0.8122328620674246213, 0.000000000000000000, 0.5833333333333180493 ) ) ;
#5273 = CARTESIAN_POINT ( 'NONE',  ( -3.599224957568999184, -2.104105555789999471, -0.2907302719421002157 ) ) ;
#5274 = CARTESIAN_POINT ( 'NONE',  ( 1.973921488468001417, -10.20856081282000538, 0.4152390119333997376 ) ) ;
#5275 = CARTESIAN_POINT ( 'NONE',  ( 1.967999999989000326, -10.25999885483000007, 0.5999997926836999618 ) ) ;
#5276 = CIRCLE ( 'NONE', #15, 0.2550000000000000044 ) ;
#5277 = CARTESIAN_POINT ( 'NONE',  ( 2.203530904815001801, -8.761459788250999026, 0.6922910064594002266 ) ) ;
#5278 =( GEOMETRIC_REPRESENTATION_CONTEXT ( 3 ) GLOBAL_UNCERTAINTY_ASSIGNED_CONTEXT ( ( #2828 ) ) GLOBAL_UNIT_ASSIGNED_CONTEXT ( ( #1460, #1969, #3508 ) ) REPRESENTATION_CONTEXT ( 'NONE', 'WORKASPACE' ) );
#5279 = FILL_AREA_STYLE ('',( #2908 ) ) ;
#5280 = CARTESIAN_POINT ( 'NONE',  ( -2.476440995576997928, -10.03267190482000615, -0.8556401998739997516 ) ) ;
#5281 = FILL_AREA_STYLE ('',( #1350 ) ) ;
#5282 = SURFACE_STYLE_USAGE ( .BOTH. , #1419 ) ;
#5283 = CARTESIAN_POINT ( 'NONE',  ( 1.677151619562001983, -8.839232544922005275, 0.2456099529072001686 ) ) ;
#5284 = CARTESIAN_POINT ( 'NONE',  ( -1.728051835103999734, -9.504934369444999476, -0.5500105472341999535 ) ) ;
#5285 = AXIS2_PLACEMENT_3D ( 'NONE', #3961, #3464, #5974 ) ;
#5286 = COLOUR_RGB ( '',0.8039215686274510109, 0.8039215686274510109, 0.8039215686274510109 ) ;
#5287 = CARTESIAN_POINT ( 'NONE',  ( -3.260573331683626730, -1.463261175121630675, -0.8741815924095314161 ) ) ;
#5288 = DIRECTION ( 'NONE',  ( 1.000000000000000000, 0.000000000000000000, 0.000000000000000000 ) ) ;
#5289 = CARTESIAN_POINT ( 'NONE',  ( 1.879384408175000187, -1.314687653995999961, 0.7480813475405000412 ) ) ;
#5290 = ORIENTED_EDGE ( 'NONE', *, *, #107, .T. ) ;
#5291 = ADVANCED_FACE ( 'NONE', ( #5072 ), #5523, .T. ) ;
#5292 = CARTESIAN_POINT ( 'NONE',  ( 1.653422819303999924, -1.535541479495999617, 1.102112881394001320 ) ) ;
#5293 = FILL_AREA_STYLE_COLOUR ( '', #4488 ) ;
#5294 = CARTESIAN_POINT ( 'NONE',  ( 2.965340001885000021, -1.378000183351999919, 0.9499999999999999556 ) ) ;
#5295 = VECTOR ( 'NONE', #6006, 1000.000000000000114 ) ;
#5296 = EDGE_CURVE ( 'NONE', #3472, #2728, #4576, .T. ) ;
#5297 = UNCERTAINTY_MEASURE_WITH_UNIT (LENGTH_MEASURE( 1.000000000000000082E-05 ), #5935, 'distance_accuracy_value', 'NONE');
#5298 = PRESENTATION_LAYER_ASSIGNMENT (  '', '', ( #3495 ) ) ;
#5299 = CARTESIAN_POINT ( 'NONE',  ( 3.511420402087999992, -1.902239164365999047, 0.3176711294431999733 ) ) ;
#5300 = SURFACE_STYLE_USAGE ( .BOTH. , #5769 ) ;
#5301 = COLOUR_RGB ( '',0.8039215686274510109, 0.8039215686274510109, 0.8039215686274510109 ) ;
#5302 = EDGE_LOOP ( 'NONE', ( #2092, #1685, #5776, #569 ) ) ;
#5303 = CARTESIAN_POINT ( 'NONE',  ( -3.563117162499999768, -1.155367047809000125, -0.6115910321958999418 ) ) ;
#5304 = DIRECTION ( 'NONE',  ( -1.430875833634624226E-05, 0.000000000000000000, -0.9999999998976297766 ) ) ;
#5305 =( NAMED_UNIT ( * ) PLANE_ANGLE_UNIT ( ) SI_UNIT ( $, .RADIAN. ) );
#5306 = CARTESIAN_POINT ( 'NONE',  ( -1.945101985046000070, -3.437888635161000295, -0.3499999999999999778 ) ) ;
#5307 = VERTEX_POINT ( 'NONE', #323 ) ;
#5308 = EDGE_CURVE ( 'NONE', #3940, #4885, #2570, .T. ) ;
#5309 = FILL_AREA_STYLE ('',( #4827 ) ) ;
#5310 = CARTESIAN_POINT ( 'NONE',  ( 1.729418543508000283, -9.519378749417999330, 0.6482575650034999581 ) ) ;
#5311 = CARTESIAN_POINT ( 'NONE',  ( -3.563608937640998064, -1.593693158169001700, -0.4435496201375001002 ) ) ;
#5312 = CARTESIAN_POINT ( 'NONE',  ( 2.142749263189999809, -9.985622532814000252, 0.1628772064326002023 ) ) ;
#5313 = EDGE_CURVE ( 'NONE', #450, #6152, #6124, .T. ) ;
#5314 = CARTESIAN_POINT ( 'NONE',  ( 2.230200176768001086, -8.643502902230997265, 0.6065512351236994615 ) ) ;
#5315 = AXIS2_PLACEMENT_3D ( 'NONE', #6149, #1804, #2888 ) ;
#5316 = CARTESIAN_POINT ( 'NONE',  ( 1.988432069293629922, -8.760217312214749086, 0.6738324223336829011 ) ) ;
#5317 = FILL_AREA_STYLE_COLOUR ( '', #2471 ) ;
#5318 = DIRECTION ( 'NONE',  ( 0.000000000000000000, 0.000000000000000000, 1.000000000000000000 ) ) ;
#5319 = CARTESIAN_POINT ( 'NONE',  ( 1.999410841605998357, -9.257151240573001871, 0.5540424606648997052 ) ) ;
#5320 = CARTESIAN_POINT ( 'NONE',  ( -1.994217646522001175, -9.235764286365002462, -0.4754165974654996352 ) ) ;
#5321 = MECHANICAL_DESIGN_GEOMETRIC_PRESENTATION_REPRESENTATION (  '', ( #1372 ), #4425 ) ;
#5322 = CARTESIAN_POINT ( 'NONE',  ( -3.428108158067999511, -1.781936307345999948, -0.6189537572191000647 ) ) ;
#5323 = CARTESIAN_POINT ( 'NONE',  ( 1.875937864933092891, -9.204002022484695900, 0.4402991542280830783 ) ) ;
#5324 = CARTESIAN_POINT ( 'NONE',  ( 1.939149733325999936, -1.196477826591999971, 0.6427301930033999522 ) ) ;
#5325 = DIRECTION ( 'NONE',  ( -1.000000000000000000, 0.000000000000000000, 0.000000000000000000 ) ) ;
#5326 = ORIENTED_EDGE ( 'NONE', *, *, #4648, .F. ) ;
#5327 = DIRECTION ( 'NONE',  ( -0.001485959642859941083, 0.9999988959613606010, 0.000000000000000000 ) ) ;
#5328 = CARTESIAN_POINT ( 'NONE',  ( -2.223001099357795773, -10.51500009164882954, -0.6044031534894114266 ) ) ;
#5329 =( LENGTH_UNIT ( ) NAMED_UNIT ( * ) SI_UNIT ( .MILLI., .METRE. ) );
#5330 =( GEOMETRIC_REPRESENTATION_CONTEXT ( 3 ) GLOBAL_UNCERTAINTY_ASSIGNED_CONTEXT ( ( #1674 ) ) GLOBAL_UNIT_ASSIGNED_CONTEXT ( ( #5052, #338, #2306 ) ) REPRESENTATION_CONTEXT ( 'NONE', 'WORKASPACE' ) );
#5331 = FACE_OUTER_BOUND ( 'NONE', #3506, .T. ) ;
#5332 = CARTESIAN_POINT ( 'NONE',  ( -2.106627617078999926, -10.22537917110999750, -0.5381527163845007955 ) ) ;
#5333 = VERTEX_POINT ( 'NONE', #1783 ) ;
#5334 = CARTESIAN_POINT ( 'NONE',  ( -2.975229752456000742, -1.013926088727001629, -0.6002535853369000973 ) ) ;
#5335 = FACE_OUTER_BOUND ( 'NONE', #961, .T. ) ;
#5336 = CARTESIAN_POINT ( 'NONE',  ( 1.551420810536999983, -9.151840507398999236, 0.3555524844522000016 ) ) ;
#5337 = CARTESIAN_POINT ( 'NONE',  ( 1.477999999999999980, -10.00499634198000010, 0.8549999999738000511 ) ) ;
#5338 = MECHANICAL_DESIGN_GEOMETRIC_PRESENTATION_REPRESENTATION (  '', ( #2299 ), #765 ) ;
#5339 = ORIENTED_EDGE ( 'NONE', *, *, #1076, .T. ) ;
#5340 = CARTESIAN_POINT ( 'NONE',  ( 0.000000000000000000, -1.378000000000000114, 0.000000000000000000 ) ) ;
#5341 = COLOUR_RGB ( '',0.9411764705882352811, 0.9921568627450980671, 0.007843137254901960675 ) ;
#5342 = CARTESIAN_POINT ( 'NONE',  ( -1.733345481826998657, -9.526736410826998736, -0.6013798721636000044 ) ) ;
#5343 = CARTESIAN_POINT ( 'NONE',  ( 1.658857265883998844, -8.813505799788002193, 0.9636074888105994329 ) ) ;
#5344 = B_SPLINE_CURVE_WITH_KNOTS ( 'NONE', 3,
 ( #5554, #4522, #4042, #4631, #176, #1202, #5015, #1174, #3143, #5043, #661, #288, #1652, #3179, #3602, #687, #5071, #1749, #723, #2674, #1620 ),
 .UNSPECIFIED., .F., .F.,
 ( 4, 1, 1, 1, 1, 1, 1, 1, 1, 1, 1, 1, 1, 1, 1, 1, 1, 1, 4 ),
 ( 0.000000000000000000, 0.05555555555556000030, 0.1111111111111000027, 0.1666666666667000196, 0.2222222222222000054, 0.2777777777777999946, 0.3333333333333000081, 0.3888888888888999973, 0.4444444444444000109, 0.5000000000000000000, 0.5555555555555999891, 0.6111111111111000582, 0.6666666666667000474, 0.7222222222222000054, 0.7777777777777999946, 0.8333333333333000637, 0.8888888888888999418, 0.9444444444444000109, 1.000000000000000000 ),
 .UNSPECIFIED. ) ;
#5345 = CARTESIAN_POINT ( 'NONE',  ( 1.956422259515001372, -10.26021481635999599, 0.6053246449227999149 ) ) ;
#5346 = CARTESIAN_POINT ( 'NONE',  ( 3.238478055709639314, -1.447187364643854446, 0.8779360969887762822 ) ) ;
#5347 = VERTEX_POINT ( 'NONE', #5866 ) ;
#5348 = CARTESIAN_POINT ( 'NONE',  ( -2.321438925325792990, -8.926721797380910317, -0.8430025011769645138 ) ) ;
#5349 = CARTESIAN_POINT ( 'NONE',  ( -2.356656684279687664, -10.06575760526625452, -0.3522236275651176030 ) ) ;
#5350 = CARTESIAN_POINT ( 'NONE',  ( -2.429583843539000476, -10.12581236913999305, -0.8511418779720996142 ) ) ;
#5351 = CARTESIAN_POINT ( 'NONE',  ( -2.067490008181000594, -8.808252358108004998, -0.7636636937448997298 ) ) ;
#5352 = FILL_AREA_STYLE_COLOUR ( '', #3986 ) ;
#5353 = CARTESIAN_POINT ( 'NONE',  ( 1.805575760301999955, -8.977151694478997968, 0.1569776270516999028 ) ) ;
#5354 = FACE_OUTER_BOUND ( 'NONE', #3626, .T. ) ;
#5355 = CARTESIAN_POINT ( 'NONE',  ( -1.841517519182002127, -9.153777858953002777, -0.4529940195203999154 ) ) ;
#5356 = CARTESIAN_POINT ( 'NONE',  ( -1.858411621300129823, -9.195233532018834310, -0.4297442593636357500 ) ) ;
#5357 = FILL_AREA_STYLE_COLOUR ( '', #5932 ) ;
#5358 = DIRECTION ( 'NONE',  ( -1.000000000000000000, 0.000000000000000000, 0.000000000000000000 ) ) ;
#5359 = CARTESIAN_POINT ( 'NONE',  ( -2.478000000000000203, -9.259999999999999787, -0.5999999999999999778 ) ) ;
#5360 = VERTEX_POINT ( 'NONE', #5359 ) ;
#5361 = CARTESIAN_POINT ( 'NONE',  ( -2.399721797382146526, -10.16156107467477909, -0.8430025011773646382 ) ) ;
#5362 = UNCERTAINTY_MEASURE_WITH_UNIT (LENGTH_MEASURE( 1.000000000000000082E-05 ), #1052, 'distance_accuracy_value', 'NONE');
#5363 = CARTESIAN_POINT ( 'NONE',  ( 2.467688977273001960, -8.643507120772992991, 1.014581912552000809 ) ) ;
#5364 = ORIENTED_EDGE ( 'NONE', *, *, #5844, .T. ) ;
#5365 = CARTESIAN_POINT ( 'NONE',  ( 1.528001029027000079, -1.634217782672999997, 0.6000000000479999152 ) ) ;
#5366 = CIRCLE ( 'NONE', #2333, 0.2550000000000000044 ) ;
#5367 = ORIENTED_EDGE ( 'NONE', *, *, #934, .F. ) ;
#5368 = CARTESIAN_POINT ( 'NONE',  ( 3.421229556625001944, -1.810180779625000458, 0.4688452507473001019 ) ) ;
#5369 = CARTESIAN_POINT ( 'NONE',  ( -1.480316989125000315, -9.034188491715994473, -0.8556686469023006003 ) ) ;
#5370 = CARTESIAN_POINT ( 'NONE',  ( 1.726024006247002696, -9.366062652075001438, 0.6070512126278998499 ) ) ;
#5371 = CARTESIAN_POINT ( 'NONE',  ( -1.598812369110001574, -9.956583843529005051, -0.3488581220254999837 ) ) ;
#5372 = PRESENTATION_STYLE_ASSIGNMENT (( #3454 ) ) ;
#5373 = CARTESIAN_POINT ( 'NONE',  ( 2.975623862537526865, -1.378000846455502693, 0.9463649193798888692 ) ) ;
#5374 = ORIENTED_EDGE ( 'NONE', *, *, #3194, .F. ) ;
#5375 = EDGE_CURVE ( 'NONE', #4762, #529, #2572, .T. ) ;
#5376 = CARTESIAN_POINT ( 'NONE',  ( -1.974447755594548104, -3.421285271118773785, -0.2783903244971845381 ) ) ;
#5377 = CARTESIAN_POINT ( 'NONE',  ( -2.008304228902205946, -10.23984822425379271, -0.6997179807413215213 ) ) ;
#5378 = MECHANICAL_DESIGN_GEOMETRIC_PRESENTATION_REPRESENTATION (  '', ( #4482 ), #1010 ) ;
#5379 = CARTESIAN_POINT ( 'NONE',  ( -2.114673268732002231, -10.24995532192999903, -0.6175459078803005042 ) ) ;
#5380 = STYLED_ITEM ( 'NONE', ( #2758 ), #215 ) ;
#5381 = SURFACE_SIDE_STYLE ('',( #3006 ) ) ;
#5382 = FILL_AREA_STYLE_COLOUR ( '', #5699 ) ;
#5383 = CARTESIAN_POINT ( 'NONE',  ( 1.704489391392002506, -8.879315453197001773, 0.2621564505172002124 ) ) ;
#5384 = CARTESIAN_POINT ( 'NONE',  ( -1.548745988355999303, -9.169944513138995390, -0.3542909116770999178 ) ) ;
#5385 = COLOUR_RGB ( '',0.8039215686274510109, 0.8039215686274510109, 0.8039215686274510109 ) ;
#5386 = MECHANICAL_DESIGN_GEOMETRIC_PRESENTATION_REPRESENTATION (  '', ( #1629 ), #5684 ) ;
#5387 = CARTESIAN_POINT ( 'NONE',  ( -3.162859781388999814, -1.048034180090999801, -0.5999999743627000282 ) ) ;
#5388 = CARTESIAN_POINT ( 'NONE',  ( 1.726170480340359692, -9.501339103689426580, 0.6593465914142656592 ) ) ;
#5389 = CARTESIAN_POINT ( 'NONE',  ( -1.794337790216860240, -9.163185966869590970, -0.8000588104866473982 ) ) ;
#5390 = CARTESIAN_POINT ( 'NONE',  ( -2.327283494863004343, -10.30642991775344441, -0.3936504772339896596 ) ) ;
#5391 = EDGE_LOOP ( 'NONE', ( #2831, #3685, #2326 ) ) ;
#5392 = CARTESIAN_POINT ( 'NONE',  ( 2.406006815201000126, -8.981200328654002973, 0.3450904220791000676 ) ) ;
#5393 = SURFACE_STYLE_USAGE ( .BOTH. , #3844 ) ;
#5394 = PRESENTATION_STYLE_ASSIGNMENT (( #5902 ) ) ;
#5395 = AXIS2_PLACEMENT_3D ( 'NONE', #434, #2820, #2849 ) ;
#5396 = AXIS2_PLACEMENT_3D ( 'NONE', #4199, #1810, #2916 ) ;
#5397 = ADVANCED_FACE ( 'NONE', ( #5203 ), #5791, .F. ) ;
#5398 = CARTESIAN_POINT ( 'NONE',  ( 2.552902671074998242, -8.746413390265001198, 0.9125485091134003524 ) ) ;
#5399 = CARTESIAN_POINT ( 'NONE',  ( 3.117091839520999219, -1.374470244594998336, 0.7014664383202999787 ) ) ;
#5400 = CARTESIAN_POINT ( 'NONE',  ( 2.477999994424000096, -1.916979274093000063, 0.6000000121922999252 ) ) ;
#5401 = CARTESIAN_POINT ( 'NONE',  ( 1.645499356455150997, -1.324584764503632384, 0.5999982824436577156 ) ) ;
#5402 =( GEOMETRIC_REPRESENTATION_CONTEXT ( 3 ) GLOBAL_UNCERTAINTY_ASSIGNED_CONTEXT ( ( #4483 ) ) GLOBAL_UNIT_ASSIGNED_CONTEXT ( ( #3615, #1186, #5661 ) ) REPRESENTATION_CONTEXT ( 'NONE', 'WORKASPACE' ) );
#5403 =( NAMED_UNIT ( * ) SI_UNIT ( $, .STERADIAN. ) SOLID_ANGLE_UNIT ( ) );
#5404 = MECHANICAL_DESIGN_GEOMETRIC_PRESENTATION_REPRESENTATION (  '', ( #2576 ), #5912 ) ;
#5405 = ORIENTED_EDGE ( 'NONE', *, *, #2013, .F. ) ;
#5406 =( GEOMETRIC_REPRESENTATION_CONTEXT ( 3 ) GLOBAL_UNCERTAINTY_ASSIGNED_CONTEXT ( ( #1286 ) ) GLOBAL_UNIT_ASSIGNED_CONTEXT ( ( #615, #4634, #2677 ) ) REPRESENTATION_CONTEXT ( 'NONE', 'WORKASPACE' ) );
#5407 = CARTESIAN_POINT ( 'NONE',  ( -1.765990990903000490, -8.980334361387999564, -0.8837377154259001832 ) ) ;
#5408 = CARTESIAN_POINT ( 'NONE',  ( 1.839523237756002683, -9.252760346288996018, 0.6070276519750997801 ) ) ;
#5409 = CARTESIAN_POINT ( 'NONE',  ( -1.999467674442001242, -9.749797688281999442, -0.6055367693180998545 ) ) ;
#5410 = CARTESIAN_POINT ( 'NONE',  ( 2.302113508200001046, -9.820731703767005882, 0.07696762251108003883 ) ) ;
#5411 = ORIENTED_EDGE ( 'NONE', *, *, #4290, .F. ) ;
#5412 = EDGE_CURVE ( 'NONE', #830, #3753, #4882, .T. ) ;
#5413 = EDGE_CURVE ( 'NONE', #3456, #541, #831, .T. ) ;
#5414 = CARTESIAN_POINT ( 'NONE',  ( -3.059985865429237339, -2.498346817347179449, -0.04064437583785585756 ) ) ;
#5415 = DIRECTION ( 'NONE',  ( 0.7071067811865462405, -0.7071067811865487940, 0.000000000000000000 ) ) ;
#5416 = CARTESIAN_POINT ( 'NONE',  ( -2.203530904815001801, -8.761459788250999026, -0.6922910064592997514 ) ) ;
#5417 = DIRECTION ( 'NONE',  ( 1.000000000000000000, 0.000000000000000000, 0.000000000000000000 ) ) ;
#5418 = CARTESIAN_POINT ( 'NONE',  ( 1.809335583641069833, -9.170669248472064439, 0.7938668498940490981 ) ) ;
#5419 = PRESENTATION_STYLE_ASSIGNMENT (( #3526 ) ) ;
#5420 = CARTESIAN_POINT ( 'NONE',  ( -1.841326229651000679, -9.249955299096997763, -0.5824541822724004225 ) ) ;
#5421 = CIRCLE ( 'NONE', #5006, 0.2550000000000000044 ) ;
#5422 = CARTESIAN_POINT ( 'NONE',  ( -3.445616288191000187, -1.173706406245000000, -0.6000001641832001242 ) ) ;
#5423 = CARTESIAN_POINT ( 'NONE',  ( 1.509891701798526498, -9.068779765018618377, 0.8536233572180824680 ) ) ;
#5424 =( LENGTH_UNIT ( ) NAMED_UNIT ( * ) SI_UNIT ( .MILLI., .METRE. ) );
#5425 = PRESENTATION_LAYER_ASSIGNMENT (  '', '', ( #1450 ) ) ;
#5426 = ORIENTED_EDGE ( 'NONE', *, *, #2497, .F. ) ;
#5427 = CARTESIAN_POINT ( 'NONE',  ( 1.963621551733998771, -8.753581461788003892, 0.5517424918023002833 ) ) ;
#5428 = DIRECTION ( 'NONE',  ( 0.000000000000000000, 0.000000000000000000, 1.000000000000000000 ) ) ;
#5429 = CARTESIAN_POINT ( 'NONE',  ( -1.963489248861001180, -1.173810955270999434, -0.6311614732996002619 ) ) ;
#5430 =( GEOMETRIC_REPRESENTATION_CONTEXT ( 3 ) GLOBAL_UNCERTAINTY_ASSIGNED_CONTEXT ( ( #1932 ) ) GLOBAL_UNIT_ASSIGNED_CONTEXT ( ( #6239, #3300, #1923 ) ) REPRESENTATION_CONTEXT ( 'NONE', 'WORKASPACE' ) );
#5431 = UNCERTAINTY_MEASURE_WITH_UNIT (LENGTH_MEASURE( 1.000000000000000082E-05 ), #6134, 'distance_accuracy_value', 'NONE');
#5432 = EDGE_CURVE ( 'NONE', #1649, #3557, #4784, .T. ) ;
#5433 =( BOUNDED_SURFACE ( )  B_SPLINE_SURFACE ( 3, 3, ( 
 ( #5409, #5448, #150, #2050, #1506, #5882, #3030, #4957, #1096, #2967, #5850, #4989, #3453, #2083, #5371, #2106, #4015, #2498, #1571 ),
 ( #2018, #606, #2931, #1031, #4043, #122, #4402, #545, #578, #3951, #1600, #5470, #638, #1120, #2563, #4434, #93, #1535, #3548 ),
 ( #3574, #2465, #3057, #997, #3984, #3490, #1063, #4461, #2999, #4925, #2591, #2532, #4524, #5920, #3522, #4497, #178, #5970, #4857 ),
 ( #56, #1985, #760, #1203, #2260, #689, #4068, #4160, #2223, #2160, #5524, #257, #1236, #3145, #6059, #3182, #1751, #3603, #5495 ) ),
 .UNSPECIFIED., .F., .F., .F. ) 
 B_SPLINE_SURFACE_WITH_KNOTS ( ( 4, 4 ),
 ( 4, 1, 1, 1, 1, 1, 1, 1, 1, 1, 1, 1, 1, 1, 1, 1, 4 ),
 ( 0.000000000000000000, 1.000000000000000000 ),
 ( 0.01573727199608999927, 0.04808747996915999773, 0.09949668478558000573, 0.1561804750470000003, 0.2201095350020999819, 0.2906991779656999952, 0.3619065133752999985, 0.4274775215959000230, 0.4951149986135999770, 0.5654679784900000783, 0.6346367485309000189, 0.6992140028176999644, 0.7600453407145000284, 0.8248573667890000127, 0.9020237497024000684, 1.000000000000000000, 1.009778589505999857 ),
 .UNSPECIFIED. ) 
 GEOMETRIC_REPRESENTATION_ITEM ( )  RATIONAL_B_SPLINE_SURFACE ( (
 ( 1.184737779396999979, 1.184737779396999979, 1.184737779396999979, 1.184737779396999979, 1.184737779396999979, 1.184737779396999979, 1.184737779396999979, 1.184737779396999979, 1.184737779396999979, 1.184737779396999979, 1.184737779396999979, 1.184737779396999979, 1.184737779396999979, 1.184737779396999979, 1.184737779396999979, 1.184737779396999979, 1.184737779396999979, 1.184737779396999979, 1.184737779396999979),
 ( 0.9384207402009999699, 0.9384207402009999699, 0.9384207402009999699, 0.9384207402009999699, 0.9384207402009999699, 0.9384207402009999699, 0.9384207402009999699, 0.9384207402009999699, 0.9384207402009999699, 0.9384207402009999699, 0.9384207402009999699, 0.9384207402009999699, 0.9384207402009999699, 0.9384207402009999699, 0.9384207402009999699, 0.9384207402009999699, 0.9384207402009999699, 0.9384207402009999699, 0.9384207402009999699),
 ( 0.9384207402009999699, 0.9384207402009999699, 0.9384207402009999699, 0.9384207402009999699, 0.9384207402009999699, 0.9384207402009999699, 0.9384207402009999699, 0.9384207402009999699, 0.9384207402009999699, 0.9384207402009999699, 0.9384207402009999699, 0.9384207402009999699, 0.9384207402009999699, 0.9384207402009999699, 0.9384207402009999699, 0.9384207402009999699, 0.9384207402009999699, 0.9384207402009999699, 0.9384207402009999699),
 ( 1.184737779396999979, 1.184737779396999979, 1.184737779396999979, 1.184737779396999979, 1.184737779396999979, 1.184737779396999979, 1.184737779396999979, 1.184737779396999979, 1.184737779396999979, 1.184737779396999979, 1.184737779396999979, 1.184737779396999979, 1.184737779396999979, 1.184737779396999979, 1.184737779396999979, 1.184737779396999979, 1.184737779396999979, 1.184737779396999979, 1.184737779396999979) ) ) 
 REPRESENTATION_ITEM ( '' )  SURFACE ( )  );
#5434 = CARTESIAN_POINT ( 'NONE',  ( 2.643767438038002737, -8.805848376906997288, 0.9543905570374002778 ) ) ;
#5435 = CARTESIAN_POINT ( 'NONE',  ( 3.483143196819001197, -1.097947133589000535, 0.6100597220218999528 ) ) ;
#5436 = CARTESIAN_POINT ( 'NONE',  ( 2.176570081402372736, -8.854283495419799976, 0.3936504768261419596 ) ) ;
#5437 = CARTESIAN_POINT ( 'NONE',  ( -2.956997694811998034, -1.018424526724999835, -0.6001331274050997200 ) ) ;
#5438 = ORIENTED_EDGE ( 'NONE', *, *, #1207, .F. ) ;
#5439 =( NAMED_UNIT ( * ) PLANE_ANGLE_UNIT ( ) SI_UNIT ( $, .RADIAN. ) );
#5440 =( NAMED_UNIT ( * ) SI_UNIT ( $, .STERADIAN. ) SOLID_ANGLE_UNIT ( ) );
#5441 = EDGE_CURVE ( 'NONE', #2949, #1433, #2863, .T. ) ;
#5442 = COLOUR_RGB ( '',0.8039215686274510109, 0.8039215686274510109, 0.8039215686274510109 ) ;
#5443 = ORIENTED_EDGE ( 'NONE', *, *, #5755, .T. ) ;
#5444 = CARTESIAN_POINT ( 'NONE',  ( 1.477999999999999980, -10.00500000000000078, 0.5999999999999999778 ) ) ;
#5445 = CARTESIAN_POINT ( 'NONE',  ( -1.850040611413002578, -9.202185438472000101, -0.6930782693609003342 ) ) ;
#5446 = CARTESIAN_POINT ( 'NONE',  ( 1.943012329169999219, -9.145646528591001356, 0.8821693815710005548 ) ) ;
#5447 = B_SPLINE_CURVE_WITH_KNOTS ( 'NONE', 3,
 ( #1242, #3578, #3189, #767, #5595, #235, #3151, #1180, #1659, #4167, #731, #5561, #1626, #3608, #204, #2165, #5115, #3222, #5628, #4639, #4103, #5501, #5078, #1151, #2648 ),
 .UNSPECIFIED., .F., .F.,
 ( 4, 2, 2, 1, 2, 2, 2, 1, 1, 2, 2, 2, 2, 4 ),
 ( 0.000000000000000000, 0.1249999999999608646, 0.1874999999999444888, 0.2187499999999362732, 0.2343749999999364397, 0.2499999999999366063, 0.3749999999999591993, 0.4374999999999676925, 0.4687499999999715783, 0.4843749999999734657, 0.4999999999999753530, 0.6249999999999815703, 0.7499999999999878986, 1.000000000000000000 ),
 .UNSPECIFIED. ) ;
#5448 = CARTESIAN_POINT ( 'NONE',  ( -1.999727936827000674, -9.749658658992004234, -0.5990893929732002965 ) ) ;
#5449 = SURFACE_SIDE_STYLE ('',( #4958 ) ) ;
#5450 = PRESENTATION_LAYER_ASSIGNMENT (  '', '', ( #5232 ) ) ;
#5451 = EDGE_CURVE ( 'NONE', #2734, #5242, #1639, .T. ) ;
#5452 = CARTESIAN_POINT ( 'NONE',  ( -2.758837590921727756, -2.826925193826967941, 0.07404468974287223282 ) ) ;
#5453 = CARTESIAN_POINT ( 'NONE',  ( -1.971955020603557873, -10.25805065732988375, -0.6364961718278296932 ) ) ;
#5454 = CARTESIAN_POINT ( 'NONE',  ( 3.407256360748000201, -1.931546743284999978, 0.4751579918846000061 ) ) ;
#5455 = CARTESIAN_POINT ( 'NONE',  ( -1.850193507213002020, -9.208815064695995645, -0.5154589660521003980 ) ) ;
#5456 = DIRECTION ( 'NONE',  ( 1.433371447133975355E-05, 0.000000000000000000, 0.9999999998972723958 ) ) ;
#5457 = CARTESIAN_POINT ( 'NONE',  ( -2.478000000000000203, -4.918011865209999556, -0.5999999999999999778 ) ) ;
#5458 = DIRECTION ( 'NONE',  ( -0.7071067811865462405, -0.7071067811865487940, 0.000000000000000000 ) ) ;
#5459 = ORIENTED_EDGE ( 'NONE', *, *, #4055, .T. ) ;
#5460 = CARTESIAN_POINT ( 'NONE',  ( 2.242087878072998919, -8.637376736395998122, 0.5631821803946001070 ) ) ;
#5461 = DIRECTION ( 'NONE',  ( -0.000000000000000000, 0.000000000000000000, 1.000000000000000000 ) ) ;
#5462 = CARTESIAN_POINT ( 'NONE',  ( 2.598521761435000244, -8.764766008948004838, 1.097890506134999278 ) ) ;
#5463 = CARTESIAN_POINT ( 'NONE',  ( 3.017505227913001242, -1.005202470358000477, 0.6006947910675998203 ) ) ;
#5464 = CARTESIAN_POINT ( 'NONE',  ( -2.278997977618045123, -8.607062135274361481, -0.7597008459002844161 ) ) ;
#5465 = ORIENTED_EDGE ( 'NONE', *, *, #2905, .F. ) ;
#5466 = DIRECTION ( 'NONE',  ( 0.000000000000000000, 0.000000000000000000, 1.000000000000000000 ) ) ;
#5467 = FILL_AREA_STYLE ('',( #3081 ) ) ;
#5468 = ORIENTED_EDGE ( 'NONE', *, *, #5755, .F. ) ;
#5469 = CARTESIAN_POINT ( 'NONE',  ( 2.478021911699999524, -4.839020552560000077, 0.8640302459955999659 ) ) ;
#5470 = CARTESIAN_POINT ( 'NONE',  ( -1.608958265569002455, -9.804329091473000801, -0.4250448180686001165 ) ) ;
#5471 = SURFACE_STYLE_FILL_AREA ( #3985 ) ;
#5472 = CARTESIAN_POINT ( 'NONE',  ( -2.304038154385000592, -8.929682884101998397, -0.3556085571272001866 ) ) ;
#5473 = STYLED_ITEM ( 'NONE', ( #6029 ), #6259 ) ;
#5474 = CARTESIAN_POINT ( 'NONE',  ( -3.338345720833999941, -2.111385291270000408, -0.3499999999999999778 ) ) ;
#5475 = CARTESIAN_POINT ( 'NONE',  ( 1.537030228176999858, -1.916979188782999888, 0.5999999999999999778 ) ) ;
#5476 = CARTESIAN_POINT ( 'NONE',  ( -2.145624869895002007, -8.848725502397995157, -0.8025607183665002253 ) ) ;
#5477 = SURFACE_STYLE_FILL_AREA ( #1042 ) ;
#5478 = CARTESIAN_POINT ( 'NONE',  ( -1.651752125210002253, -8.818652894135995624, -0.07626128526951002351 ) ) ;
#5479 = CARTESIAN_POINT ( 'NONE',  ( -1.613148181407908499, -9.072641388316954547, -0.8459512394728514462 ) ) ;
#5480 = CARTESIAN_POINT ( 'NONE',  ( 2.599995902260997749, -8.776030123328006027, 0.2637447851605002058 ) ) ;
#5481 = CARTESIAN_POINT ( 'NONE',  ( -1.896380498673999604, -1.299519619674001536, -0.7278940665755997408 ) ) ;
#5482 = AXIS2_PLACEMENT_3D ( 'NONE', #5228, #2950, #1523 ) ;
#5483 = UNCERTAINTY_MEASURE_WITH_UNIT (LENGTH_MEASURE( 1.000000000000000082E-05 ), #4785, 'distance_accuracy_value', 'NONE');
#5484 = EDGE_CURVE ( 'NONE', #2673, #4266, #2259, .T. ) ;
#5485 = SURFACE_SIDE_STYLE ('',( #5092 ) ) ;
#5486 = CARTESIAN_POINT ( 'NONE',  ( 3.208885852502998848, -1.431966743289000421, 0.8946154672162992538 ) ) ;
#5487 = CARTESIAN_POINT ( 'NONE',  ( 2.437384365225503835, -10.02529118899496829, 0.3450000484180293370 ) ) ;
#5488 = ORIENTED_EDGE ( 'NONE', *, *, #1552, .T. ) ;
#5489 = CARTESIAN_POINT ( 'NONE',  ( 1.413684840213000893, -9.747875054454999244, 0.9050286369410996956 ) ) ;
#5490 = STYLED_ITEM ( 'NONE', ( #4211 ), #643 ) ;
#5491 = ORIENTED_EDGE ( 'NONE', *, *, #2442, .T. ) ;
#5492 = AXIS2_PLACEMENT_3D ( 'NONE', #3085, #289, #3144 ) ;
#5493 = CARTESIAN_POINT ( 'NONE',  ( -1.651756446861000427, -8.818656788751999542, -1.123738190236999612 ) ) ;
#5494 = CARTESIAN_POINT ( 'NONE',  ( 2.478000000000000203, -1.727999999999999980, 1.550000000000000044 ) ) ;
#5495 = CARTESIAN_POINT ( 'NONE',  ( -1.291231171091000718, -9.831191805434997377, -0.08583977998097992723 ) ) ;
#5496 =( LENGTH_UNIT ( ) NAMED_UNIT ( * ) SI_UNIT ( .MILLI., .METRE. ) );
#5497 = SURFACE_STYLE_FILL_AREA ( #3631 ) ;
#5498 = AXIS2_PLACEMENT_3D ( 'NONE', #4412, #2475, #2879 ) ;
#5499 = EDGE_CURVE ( 'NONE', #3730, #3041, #2003, .T. ) ;
#5500 = PRESENTATION_STYLE_ASSIGNMENT (( #1276 ) ) ;
#5501 = CARTESIAN_POINT ( 'NONE',  ( 2.253650904805678312, -8.556289313792799334, 0.4773871014949611080 ) ) ;
#5502 = MECHANICAL_DESIGN_GEOMETRIC_PRESENTATION_REPRESENTATION (  '', ( #3892 ), #5705 ) ;
#5503 = CARTESIAN_POINT ( 'NONE',  ( -1.983821108334653083, -10.25211982806872868, -0.6635782353370687225 ) ) ;
#5504 =( GEOMETRIC_REPRESENTATION_CONTEXT ( 3 ) GLOBAL_UNCERTAINTY_ASSIGNED_CONTEXT ( ( #4291 ) ) GLOBAL_UNIT_ASSIGNED_CONTEXT ( ( #2886, #3438, #5834 ) ) REPRESENTATION_CONTEXT ( 'NONE', 'WORKASPACE' ) );
#5505 = CARTESIAN_POINT ( 'NONE',  ( -2.267729512361000399, -8.497594539130995273, -0.7713860147655999810 ) ) ;
#5506 =( LENGTH_UNIT ( ) NAMED_UNIT ( * ) SI_UNIT ( .MILLI., .METRE. ) );
#5507 = CARTESIAN_POINT ( 'NONE',  ( -2.296189992999614571, -8.641322026573453385, -0.4201888059893891803 ) ) ;
#5508 = EDGE_CURVE ( 'NONE', #1530, #628, #5872, .T. ) ;
#5509 = FILL_AREA_STYLE_COLOUR ( '', #6021 ) ;
#5510 = DIRECTION ( 'NONE',  ( 0.000000000000000000, -0.000000000000000000, -1.000000000000000000 ) ) ;
#5511 = CARTESIAN_POINT ( 'NONE',  ( 2.251989518739001994, -8.771864539706005104, 0.4769630395987999316 ) ) ;
#5512 = CARTESIAN_POINT ( 'NONE',  ( -1.537542915581591840, -9.124082261336710076, -0.8483682528726734784 ) ) ;
#5513 = CARTESIAN_POINT ( 'NONE',  ( -1.611031446689001223, -1.248787779266999021, -0.2684520974568002094 ) ) ;
#5514 = PRESENTATION_LAYER_ASSIGNMENT (  '', '', ( #1362 ) ) ;
#5515 = FACE_OUTER_BOUND ( 'NONE', #3693, .T. ) ;
#5516 = CARTESIAN_POINT ( 'NONE',  ( -1.728051835103999734, -9.504934369444999476, -0.5500105472341999535 ) ) ;
#5517 = CARTESIAN_POINT ( 'NONE',  ( -2.233356796563179536, -8.515765340100760028, -0.6725366424952217148 ) ) ;
#5518 = ORIENTED_EDGE ( 'NONE', *, *, #4961, .T. ) ;
#5519 = CARTESIAN_POINT ( 'NONE',  ( 1.477999999999999980, -10.00500000000000078, 0.5999999999999999778 ) ) ;
#5520 = ORIENTED_EDGE ( 'NONE', *, *, #2204, .T. ) ;
#5521 = FILL_AREA_STYLE_COLOUR ( '', #4563 ) ;
#5522 = CARTESIAN_POINT ( 'NONE',  ( -1.943012329177998154, -9.145646528601989900, -0.8821693815565989638 ) ) ;
#5523 = CYLINDRICAL_SURFACE ( 'NONE', #34, 0.2550000000000000044 ) ;
#5524 = CARTESIAN_POINT ( 'NONE',  ( -1.563659694853000826, -9.585943491249993897, -0.2623620649023999940 ) ) ;
#5525 = CARTESIAN_POINT ( 'NONE',  ( -2.116512086008001337, -8.757037714280004437, -0.5994832352578003398 ) ) ;
#5526 = CIRCLE ( 'NONE', #1166, 0.2549999999999999489 ) ;
#5527 = AXIS2_PLACEMENT_3D ( 'NONE', #1058, #4490, #5466 ) ;
#5528 = STYLED_ITEM ( 'NONE', ( #3132 ), #3662 ) ;
#5529 = CARTESIAN_POINT ( 'NONE',  ( -1.728051835103999734, -9.504934369444999476, -0.5500105472341999535 ) ) ;
#5530 = SURFACE_SIDE_STYLE ('',( #4674 ) ) ;
#5531 = CARTESIAN_POINT ( 'NONE',  ( -2.323269685389000916, -8.530442015164002356, -0.8629901472938988904 ) ) ;
#5532 =( NAMED_UNIT ( * ) PLANE_ANGLE_UNIT ( ) SI_UNIT ( $, .RADIAN. ) );
#5533 = CARTESIAN_POINT ( 'NONE',  ( -2.262064411800903674, -8.573154299543430668, -0.4631592596908635229 ) ) ;
#5534 = COLOUR_RGB ( '',0.9411764705882352811, 0.9921568627450980671, 0.007843137254901960675 ) ;
#5535 = B_SPLINE_CURVE_WITH_KNOTS ( 'NONE', 3,
 ( #6084, #2669, #2637, #6116, #1293, #716, #754, #2699, #3138, #1647, #4092, #3689, #4562, #1198, #4627, #5065 ),
 .UNSPECIFIED., .F., .F.,
 ( 4, 2, 2, 2, 2, 2, 2, 4 ),
 ( 0.000000000000000000, 0.1249999999999995837, 0.2499999999999991673, 0.3749999999999987788, 0.4374999999999985567, 0.4687499999999981126, 0.4999999999999976685, 1.000000000000000000 ),
 .UNSPECIFIED. ) ;
#5536 = CARTESIAN_POINT ( 'NONE',  ( -2.478000000000000203, -9.005000000000000782, -0.5999999999999999778 ) ) ;
#5537 = CARTESIAN_POINT ( 'NONE',  ( -2.477999994424000096, -1.916979274093000063, -0.6000000121922999252 ) ) ;
#5538 = SURFACE_SIDE_STYLE ('',( #5569 ) ) ;
#5539 = FACE_OUTER_BOUND ( 'NONE', #3080, .T. ) ;
#5540 = CARTESIAN_POINT ( 'NONE',  ( 2.497377467191001621, -8.669749263195004829, 0.1628772064288000476 ) ) ;
#5541 = FILL_AREA_STYLE ('',( #4052 ) ) ;
#5542 = CARTESIAN_POINT ( 'NONE',  ( -1.786519172622002660, -1.028755175317999981, -0.6069410778441000076 ) ) ;
#5543 = UNCERTAINTY_MEASURE_WITH_UNIT (LENGTH_MEASURE( 1.000000000000000082E-05 ), #278, 'distance_accuracy_value', 'NONE');
#5544 =( LENGTH_UNIT ( ) NAMED_UNIT ( * ) SI_UNIT ( .MILLI., .METRE. ) );
#5545 = CARTESIAN_POINT ( 'NONE',  ( -1.531916307341000039, -9.112834007548999082, -0.3504616579653000441 ) ) ;
#5546 = CARTESIAN_POINT ( 'NONE',  ( 2.223000641427000268, -10.51500000001000146, 0.6000000000053998805 ) ) ;
#5547 = DIRECTION ( 'NONE',  ( -1.000000000000000000, 0.000000000000000000, 0.000000000000000000 ) ) ;
#5548 = EDGE_LOOP ( 'NONE', ( #359, #3307, #174, #4126 ) ) ;
#5549 = CARTESIAN_POINT ( 'NONE',  ( 1.414419758056998155, -9.712237952294994869, 1.056758545139998562 ) ) ;
#5550 = DIRECTION ( 'NONE',  ( 0.000000000000000000, 1.000000000000000000, 0.000000000000000000 ) ) ;
#5551 = CARTESIAN_POINT ( 'NONE',  ( 1.669643239173734806, -9.621674304769870290, 0.7717786968343303133 ) ) ;
#5552 = ORIENTED_EDGE ( 'NONE', *, *, #3647, .T. ) ;
#5553 = CARTESIAN_POINT ( 'NONE',  ( 1.572871714015251943, -1.707657173161800879, 0.8887162390276176493 ) ) ;
#5554 = CARTESIAN_POINT ( 'NONE',  ( -1.990660282759000310, -1.377999984869999972, -0.9499999999999000355 ) ) ;
#5555 =( NAMED_UNIT ( * ) SI_UNIT ( $, .STERADIAN. ) SOLID_ANGLE_UNIT ( ) );
#5556 = CARTESIAN_POINT ( 'NONE',  ( 1.999467674442001242, -9.749797688281999442, 0.6055367693180001565 ) ) ;
#5557 = FILL_AREA_STYLE ('',( #4933 ) ) ;
#5558 = CARTESIAN_POINT ( 'NONE',  ( -2.965340002341999792, -1.378000184113999937, -0.9499999999999999556 ) ) ;
#5559 = CARTESIAN_POINT ( 'NONE',  ( 2.780666860304588983, -2.805474206473034915, -0.07003237324623291793 ) ) ;
#5560 = FILL_AREA_STYLE ('',( #668 ) ) ;
#5561 = CARTESIAN_POINT ( 'NONE',  ( 2.357982257216918676, -8.765033527083003762, 0.3745095421516438372 ) ) ;
#5562 = PRESENTATION_STYLE_ASSIGNMENT (( #4580 ) ) ;
#5563 = CARTESIAN_POINT ( 'NONE',  ( -2.467688977273001960, -8.643507120772992991, -1.014581912552000809 ) ) ;
#5564 = CIRCLE ( 'NONE', #2631, 3.700000000000001510 ) ;
#5565 =( LENGTH_UNIT ( ) NAMED_UNIT ( * ) SI_UNIT ( .MILLI., .METRE. ) );
#5566 = CARTESIAN_POINT ( 'NONE',  ( 1.840904537069188107, -9.823549597151119528, 0.4201580054763605632 ) ) ;
#5567 = ADVANCED_FACE ( 'NONE', ( #1134 ), #2116, .T. ) ;
#5568 = CARTESIAN_POINT ( 'NONE',  ( 1.732793164641000194, -9.505031785204998585, 0.5832914322343999425 ) ) ;
#5569 = SURFACE_STYLE_FILL_AREA ( #274 ) ;
#5570 = CARTESIAN_POINT ( 'NONE',  ( 2.342747310164001284, -9.963405618542996223, 0.3665031209912999466 ) ) ;
#5571 = CARTESIAN_POINT ( 'NONE',  ( 2.415123440549999057, -8.599081761745992480, 0.2311064964663001875 ) ) ;
#5572 = SURFACE_STYLE_USAGE ( .BOTH. , #743 ) ;
#5573 = CARTESIAN_POINT ( 'NONE',  ( -1.694085127072001651, -1.525588784823001198, -1.151166720122998699 ) ) ;
#5574 = EDGE_CURVE ( 'NONE', #1471, #2728, #2515, .T. ) ;
#5575 = CARTESIAN_POINT ( 'NONE',  ( 1.987161976386850215, -9.750418145342969467, 0.6198460416264579553 ) ) ;
#5576 = CARTESIAN_POINT ( 'NONE',  ( 2.477996351267000019, -10.00500000000000078, 0.3450000000260999844 ) ) ;
#5577 = ORIENTED_EDGE ( 'NONE', *, *, #97, .T. ) ;
#5578 = CARTESIAN_POINT ( 'NONE',  ( 1.652001500647998888, -9.525238386171992033, 0.8280464342528002231 ) ) ;
#5579 = CARTESIAN_POINT ( 'NONE',  ( -1.477999999999999980, -10.00500000000000078, -0.3449999999999999734 ) ) ;
#5580 = DIRECTION ( 'NONE',  ( -8.659560562354940254E-17, 8.659560562354940254E-17, -1.000000000000000000 ) ) ;
#5581 =( NAMED_UNIT ( * ) PLANE_ANGLE_UNIT ( ) SI_UNIT ( $, .RADIAN. ) );
#5582 = EDGE_CURVE ( 'NONE', #1025, #4688, #1160, .T. ) ;
#5583 = ORIENTED_EDGE ( 'NONE', *, *, #1339, .F. ) ;
#5584 =( GEOMETRIC_REPRESENTATION_CONTEXT ( 3 ) GLOBAL_UNCERTAINTY_ASSIGNED_CONTEXT ( ( #5741 ) ) GLOBAL_UNIT_ASSIGNED_CONTEXT ( ( #4714, #5635, #3198 ) ) REPRESENTATION_CONTEXT ( 'NONE', 'WORKASPACE' ) );
#5585 = ORIENTED_EDGE ( 'NONE', *, *, #5175, .F. ) ;
#5586 = CARTESIAN_POINT ( 'NONE',  ( 2.287766468063187286, -8.624588378865219340, 0.7702557407285065549 ) ) ;
#5587 = CARTESIAN_POINT ( 'NONE',  ( 2.478000000000000203, -9.005000000000000782, 0.5999999999999999778 ) ) ;
#5588 =( BOUNDED_SURFACE ( )  B_SPLINE_SURFACE ( 3, 3, ( 
 ( #3790, #5711, #3281, #4198, #1404, #6123, #3375, #6254, #1782, #2735, #4695, #4326, #4730 ),
 ( #1434, #926, #1330, #385, #788, #3244, #5167, #861, #414, #2799, #2362, #6190, #1844 ),
 ( #4296, #3821, #5745, #3342, #597, #3023, #2041, #1498, #4390, #5806, #2553, #2958, #477 ),
 ( #5437, #5334, #4881, #4487, #4007, #957, #4819, #3945, #48, #5875, #4429, #538, #5303 ) ),
 .UNSPECIFIED., .F., .F., .T. ) 
 B_SPLINE_SURFACE_WITH_KNOTS ( ( 4, 4 ),
 ( 4, 1, 1, 1, 1, 1, 1, 1, 1, 1, 4 ),
 ( 0.000000000000000000, 1.000000000000000000 ),
 ( 0.02916697927848999755, 0.08276871151360999657, 0.1514474627802999962, 0.2121534265381999906, 0.2711488490001000007, 0.3326594848464999865, 0.3953255557913000207, 0.4575667599229999993, 0.5191628878676000092, 0.5815210138892000780, 0.5945302701675000412 ),
 .UNSPECIFIED. ) 
 GEOMETRIC_REPRESENTATION_ITEM ( )  RATIONAL_B_SPLINE_SURFACE ( (
 ( 1.188129864842000005, 1.188129864842000005, 1.188129864842000005, 1.188129864842000005, 1.188129864842000005, 1.188129864842000005, 1.188129864842000005, 1.188129864842000005, 1.188129864842000005, 1.188129864842000005, 1.188129864842000005, 1.188129864842000005, 1.188129864842000005),
 ( 0.9372900450526000515, 0.9372900450526000515, 0.9372900450526000515, 0.9372900450526000515, 0.9372900450526000515, 0.9372900450526000515, 0.9372900450526000515, 0.9372900450526000515, 0.9372900450526000515, 0.9372900450526000515, 0.9372900450526000515, 0.9372900450526000515, 0.9372900450526000515),
 ( 0.9372900450526000515, 0.9372900450526000515, 0.9372900450526000515, 0.9372900450526000515, 0.9372900450526000515, 0.9372900450526000515, 0.9372900450526000515, 0.9372900450526000515, 0.9372900450526000515, 0.9372900450526000515, 0.9372900450526000515, 0.9372900450526000515, 0.9372900450526000515),
 ( 1.188129864842000005, 1.188129864842000005, 1.188129864842000005, 1.188129864842000005, 1.188129864842000005, 1.188129864842000005, 1.188129864842000005, 1.188129864842000005, 1.188129864842000005, 1.188129864842000005, 1.188129864842000005, 1.188129864842000005, 1.188129864842000005) ) ) 
 REPRESENTATION_ITEM ( '' )  SURFACE ( )  );
#5589 = FACE_OUTER_BOUND ( 'NONE', #4880, .T. ) ;
#5590 = FILL_AREA_STYLE ('',( #5382 ) ) ;
#5591 = SURFACE_STYLE_USAGE ( .BOTH. , #292 ) ;
#5592 = COLOUR_RGB ( '',0.8039215686274510109, 0.8039215686274510109, 0.8039215686274510109 ) ;
#5593 = PRESENTATION_LAYER_ASSIGNMENT (  '', '', ( #3275 ) ) ;
#5594 = CARTESIAN_POINT ( 'NONE',  ( 3.167637411595901398, -2.361136439644926810, 0.1191702554221055893 ) ) ;
#5595 = CARTESIAN_POINT ( 'NONE',  ( 2.410358615043181274, -8.869851825019233971, 0.3540487595867849446 ) ) ;
#5596 = CARTESIAN_POINT ( 'NONE',  ( -3.373634509378999446, -1.518918792876999380, -0.6632472312103000478 ) ) ;
#5597 = CARTESIAN_POINT ( 'NONE',  ( -2.240556519627001197, -8.638009267561002957, -0.6338965360600000709 ) ) ;
#5598 = CARTESIAN_POINT ( 'NONE',  ( 2.477999994424000096, -3.377999872446999952, 0.6000000121922999252 ) ) ;
#5599 = CARTESIAN_POINT ( 'NONE',  ( 1.759260798245916968, -9.864371707562714420, 0.3867646625399387417 ) ) ;
#5600 = ADVANCED_FACE ( 'NONE', ( #3015 ), #4532, .T. ) ;
#5601 = COLOUR_RGB ( '',0.9411764705882352811, 0.9921568627450980671, 0.007843137254901960675 ) ;
#5602 = FACE_OUTER_BOUND ( 'NONE', #164, .T. ) ;
#5603 = CARTESIAN_POINT ( 'NONE',  ( -1.733194183374000108, -9.505016137233999629, -0.6057718165225000062 ) ) ;
#5604 = FILL_AREA_STYLE_COLOUR ( '', #5799 ) ;
#5605 = CARTESIAN_POINT ( 'NONE',  ( 2.230012455152000861, -10.36630634945000295, 0.6019830519261002433 ) ) ;
#5606 = CARTESIAN_POINT ( 'NONE',  ( 1.839496588809002020, -9.252799799915999657, 0.5934487996040997970 ) ) ;
#5607 = CARTESIAN_POINT ( 'NONE',  ( 1.477999999999999980, -10.00500000000000078, 0.5999999999999999778 ) ) ;
#5608 = CARTESIAN_POINT ( 'NONE',  ( -1.598046819359999704, -1.302628190400998642, -0.2876032235706998952 ) ) ;
#5609 = CARTESIAN_POINT ( 'NONE',  ( -1.587134028082999970, -9.223267761890001637, -0.3692222673610999761 ) ) ;
#5610 = CARTESIAN_POINT ( 'NONE',  ( 2.337371707563737466, -10.28626079825234463, 0.8132353374608161101 ) ) ;
#5611 = CARTESIAN_POINT ( 'NONE',  ( 2.733000000000000096, -4.918011790920000514, 0.5999999999999999778 ) ) ;
#5612 = ORIENTED_EDGE ( 'NONE', *, *, #3847, .T. ) ;
#5613 = CARTESIAN_POINT ( 'NONE',  ( 1.827029813480001375, -9.755642853309995033, 0.6355628715720001987 ) ) ;
#5614 =( NAMED_UNIT ( * ) PLANE_ANGLE_UNIT ( ) SI_UNIT ( $, .RADIAN. ) );
#5615 = CARTESIAN_POINT ( 'NONE',  ( -2.223000641427000268, -10.51500000001000146, -0.6000000000053998805 ) ) ;
#5616 = CARTESIAN_POINT ( 'NONE',  ( 2.228559863977999989, -10.35155806104000042, 0.6316767620523003890 ) ) ;
#5617 = EDGE_CURVE ( 'NONE', #956, #5879, #1669, .T. ) ;
#5618 = UNCERTAINTY_MEASURE_WITH_UNIT (LENGTH_MEASURE( 1.000000000000000082E-05 ), #2037, 'distance_accuracy_value', 'NONE');
#5619 = ORIENTED_EDGE ( 'NONE', *, *, #5210, .F. ) ;
#5620 = AXIS2_PLACEMENT_3D ( 'NONE', #888, #5199, #953 ) ;
#5621 = EDGE_LOOP ( 'NONE', ( #714, #3219, #3697 ) ) ;
#5622 = CARTESIAN_POINT ( 'NONE',  ( 2.239304706859998717, -8.527631541740303689, 0.6902020982284536865 ) ) ;
#5623 = CARTESIAN_POINT ( 'NONE',  ( -3.369288880902999939, -2.047888697439000261, -0.4123182416927000382 ) ) ;
#5624 =( NAMED_UNIT ( * ) SI_UNIT ( $, .STERADIAN. ) SOLID_ANGLE_UNIT ( ) );
#5625 = CARTESIAN_POINT ( 'NONE',  ( -2.478000000000000203, -17.60500000000000043, -0.5999999999999999778 ) ) ;
#5626 = EDGE_LOOP ( 'NONE', ( #1087, #2447, #5235 ) ) ;
#5627 = DIRECTION ( 'NONE',  ( 1.000000000000000000, 0.000000000000000000, 0.000000000000000000 ) ) ;
#5628 = CARTESIAN_POINT ( 'NONE',  ( 2.296189993000628871, -8.641322026574089321, 0.4201888059885132143 ) ) ;
#5629 = CARTESIAN_POINT ( 'NONE',  ( -3.380860187234001391, -1.339648158714000337, -0.5945446617524999811 ) ) ;
#5630 = CARTESIAN_POINT ( 'NONE',  ( -2.589309682405001922, -8.902940743631997833, -0.8492416754506002530 ) ) ;
#5631 = SURFACE_SIDE_STYLE ('',( #335 ) ) ;
#5632 = FACE_OUTER_BOUND ( 'NONE', #1614, .T. ) ;
#5633 = CARTESIAN_POINT ( 'NONE',  ( 1.728051831764999990, -9.504934365040000444, 0.5500105306246000358 ) ) ;
#5634 = CARTESIAN_POINT ( 'NONE',  ( 1.709828480647999083, -9.482442024282992321, 0.4912198994715001876 ) ) ;
#5635 =( NAMED_UNIT ( * ) PLANE_ANGLE_UNIT ( ) SI_UNIT ( $, .RADIAN. ) );
#5636 = CARTESIAN_POINT ( 'NONE',  ( -1.659581707654001814, -1.750977324711998628, -1.085246251407999685 ) ) ;
#5637 = PRESENTATION_LAYER_ASSIGNMENT (  '', '', ( #88 ) ) ;
#5638 = CARTESIAN_POINT ( 'NONE',  ( -1.972178891710582693, -9.252119828092181919, -0.5364217647557677493 ) ) ;
#5639 = CARTESIAN_POINT ( 'NONE',  ( 1.967999999989000326, -10.25999885483000007, 0.5999997926836999618 ) ) ;
#5640 = DIRECTION ( 'NONE',  ( -0.2256893591533915278, 0.9741993190127631319, -1.693971667840935236E-09 ) ) ;
#5641 = FILL_AREA_STYLE ('',( #3715 ) ) ;
#5642 = ORIENTED_EDGE ( 'NONE', *, *, #4736, .F. ) ;
#5643 = CARTESIAN_POINT ( 'NONE',  ( -1.726318805657000022, -9.508395316335999325, -0.5413152770521000301 ) ) ;
#5644 = CARTESIAN_POINT ( 'NONE',  ( 2.114673268732002231, -10.24995532192999903, 0.6175459078803005042 ) ) ;
#5645 = EDGE_LOOP ( 'NONE', ( #1172, #1521, #3212, #1755, #3177 ) ) ;
#5646 = ORIENTED_EDGE ( 'NONE', *, *, #426, .F. ) ;
#5647 = CARTESIAN_POINT ( 'NONE',  ( 2.361744912450823186, -8.772537227837567286, 0.8271914937722302241 ) ) ;
#5648 = CARTESIAN_POINT ( 'NONE',  ( 1.569097476130000057, -9.822804921184999927, 0.3615804869332999716 ) ) ;
#5649 = CARTESIAN_POINT ( 'NONE',  ( 1.732954196155001680, -9.493083685513996173, 0.6053335664910003411 ) ) ;
#5650 = CARTESIAN_POINT ( 'NONE',  ( -1.507106355637999995, -10.00272391120000748, -0.8556700770774988696 ) ) ;
#5651 = CARTESIAN_POINT ( 'NONE',  ( 2.447604101596163595, -3.100332351573831691, -0.06630182132995268707 ) ) ;
#5652 = ORIENTED_EDGE ( 'NONE', *, *, #5877, .F. ) ;
#5653 = SURFACE_SIDE_STYLE ('',( #1787 ) ) ;
#5654 = SURFACE_SIDE_STYLE ('',( #3289 ) ) ;
#5655 = CARTESIAN_POINT ( 'NONE',  ( -1.761194981842419072, -1.211888241179299719, -0.6000076848540827346 ) ) ;
#5656 = CARTESIAN_POINT ( 'NONE',  ( -3.300913234411999131, -1.501090747370000145, -0.8770590805097996379 ) ) ;
#5657 = CARTESIAN_POINT ( 'NONE',  ( 1.971955020592248475, -10.25805065733534960, 0.6364961717763559790 ) ) ;
#5658 = SURFACE_SIDE_STYLE ('',( #1309 ) ) ;
#5659 = FACE_OUTER_BOUND ( 'NONE', #5994, .T. ) ;
#5660 = CARTESIAN_POINT ( 'NONE',  ( -1.733196762643000044, -9.504953140598999539, -0.6000002263410000314 ) ) ;
#5661 =( NAMED_UNIT ( * ) SI_UNIT ( $, .STERADIAN. ) SOLID_ANGLE_UNIT ( ) );
#5662 = CARTESIAN_POINT ( 'NONE',  ( -1.477999999999999980, -8.750000000000000000, -0.5999999999999999778 ) ) ;
#5663 = CARTESIAN_POINT ( 'NONE',  ( 2.222793355621000000, -10.52647626493999233, 0.6053222341430999354 ) ) ;
#5664 = CARTESIAN_POINT ( 'NONE',  ( -1.708425867789216124, -9.465849568586037321, -0.7111413916572156824 ) ) ;
#5665 =( NAMED_UNIT ( * ) PLANE_ANGLE_UNIT ( ) SI_UNIT ( $, .RADIAN. ) );
#5666 =( NAMED_UNIT ( * ) SI_UNIT ( $, .STERADIAN. ) SOLID_ANGLE_UNIT ( ) );
#5667 = CARTESIAN_POINT ( 'NONE',  ( 1.541779764037741751, -9.973108297240425912, 0.8536233570968462248 ) ) ;
#5668 = EDGE_LOOP ( 'NONE', ( #5833, #1809, #3381, #4630 ) ) ;
#5669 = CARTESIAN_POINT ( 'NONE',  ( 1.778892647913001390, -1.069064715763998752, 0.6082301415120999755 ) ) ;
#5670 = SURFACE_STYLE_USAGE ( .BOTH. , #2730 ) ;
#5671 = CARTESIAN_POINT ( 'NONE',  ( 2.138196273105001488, -10.08526870793000541, 0.8092610884238996549 ) ) ;
#5672 = EDGE_CURVE ( 'NONE', #4008, #4768, #231, .T. ) ;
#5673 = UNCERTAINTY_MEASURE_WITH_UNIT (LENGTH_MEASURE( 1.000000000000000082E-05 ), #2408, 'distance_accuracy_value', 'NONE');
#5674 = EDGE_CURVE ( 'NONE', #254, #1928, #3680, .T. ) ;
#5675 = CARTESIAN_POINT ( 'NONE',  ( 3.543890730072998707, -1.818285083237002553, 0.3356285688283999202 ) ) ;
#5676 = ORIENTED_EDGE ( 'NONE', *, *, #1393, .F. ) ;
#5677 = CARTESIAN_POINT ( 'NONE',  ( 2.307832464406646356, -8.664673861845415104, 0.7899304868604483110 ) ) ;
#5678 = CARTESIAN_POINT ( 'NONE',  ( 2.478000000000000203, -1.837987956972999992, 0.5999999999999999778 ) ) ;
#5679 = CARTESIAN_POINT ( 'NONE',  ( 1.562760943393000090, -9.671193446215996303, 0.3929935667224001006 ) ) ;
#5680 = CARTESIAN_POINT ( 'NONE',  ( 0.000000000000000000, 0.000000000000000000, 0.000000000000000000 ) ) ;
#5681 = CARTESIAN_POINT ( 'NONE',  ( -1.999467947624000264, -9.749797799196011638, -0.5944674036196996303 ) ) ;
#5682 = CARTESIAN_POINT ( 'NONE',  ( 3.043706688617000111, -1.030166987469999906, 0.5999996459838999874 ) ) ;
#5683 = PRESENTATION_LAYER_ASSIGNMENT (  '', '', ( #512 ) ) ;
#5684 =( GEOMETRIC_REPRESENTATION_CONTEXT ( 3 ) GLOBAL_UNCERTAINTY_ASSIGNED_CONTEXT ( ( #3209 ) ) GLOBAL_UNIT_ASSIGNED_CONTEXT ( ( #342, #2275, #6139 ) ) REPRESENTATION_CONTEXT ( 'NONE', 'WORKASPACE' ) );
#5685 = ORIENTED_EDGE ( 'NONE', *, *, #5296, .T. ) ;
#5686 = CARTESIAN_POINT ( 'NONE',  ( -2.268169135781449075, -8.900082869649626360, -0.3671615913252013197 ) ) ;
#5687 = CARTESIAN_POINT ( 'NONE',  ( -1.528001029027000079, -1.634217782672999997, -0.6000000000479999152 ) ) ;
#5688 = CARTESIAN_POINT ( 'NONE',  ( -3.569241834958999604, -1.665520616969001333, -0.4013634743111001990 ) ) ;
#5689 = CARTESIAN_POINT ( 'NONE',  ( 2.396294306695299525, -10.04582660521982973, 0.8549997346788811292 ) ) ;
#5690 = CARTESIAN_POINT ( 'NONE',  ( 1.999467947664000489, -9.749797799174999113, 0.5944674046158001657 ) ) ;
#5691 = ADVANCED_FACE ( 'NONE', ( #4616 ), #6041, .T. ) ;
#5692 = VECTOR ( 'NONE', #2034, 1000.000000000000000 ) ;
#5693 = CARTESIAN_POINT ( 'NONE',  ( -2.222660894275000132, -10.52672375039000308, -0.6010483295477997423 ) ) ;
#5694 = CARTESIAN_POINT ( 'NONE',  ( 1.733198775565000016, -9.504997858039999414, 0.6057813200417000443 ) ) ;
#5695 = CARTESIAN_POINT ( 'NONE',  ( 1.499916111993000234, -9.073243771375000932, 0.3449900309351999206 ) ) ;
#5696 = EDGE_CURVE ( 'NONE', #1539, #5195, #4177, .T. ) ;
#5697 = CARTESIAN_POINT ( 'NONE',  ( 0.000000000000000000, 0.000000000000000000, -0.5999999999999999778 ) ) ;
#5698 = CARTESIAN_POINT ( 'NONE',  ( -1.731047858886999746, -9.504903779031000255, -0.5666320783807999861 ) ) ;
#5699 = COLOUR_RGB ( '',0.8039215686274510109, 0.8039215686274510109, 0.8039215686274510109 ) ;
#5700 = CARTESIAN_POINT ( 'NONE',  ( 2.478000000000000203, -17.60500000000000043, 0.5999999999999999778 ) ) ;
#5701 = CARTESIAN_POINT ( 'NONE',  ( 1.955368458218599281, -9.243695293119509770, 0.5097979017166180959 ) ) ;
#5702 = DIRECTION ( 'NONE',  ( 0.000000000000000000, 1.000000000000000000, 0.000000000000000000 ) ) ;
#5703 = CARTESIAN_POINT ( 'NONE',  ( -2.437384370399263922, -10.02529118561644950, -0.3450000485023664298 ) ) ;
#5704 = ORIENTED_EDGE ( 'NONE', *, *, #3840, .F. ) ;
#5705 =( GEOMETRIC_REPRESENTATION_CONTEXT ( 3 ) GLOBAL_UNCERTAINTY_ASSIGNED_CONTEXT ( ( #3972 ) ) GLOBAL_UNIT_ASSIGNED_CONTEXT ( ( #5040, #2556, #1115 ) ) REPRESENTATION_CONTEXT ( 'NONE', 'WORKASPACE' ) );
#5706 = CARTESIAN_POINT ( 'NONE',  ( 1.709228040340999399, -1.212791135596000602, 0.6570259401861996418 ) ) ;
#5707 = CARTESIAN_POINT ( 'NONE',  ( 2.230122098402002262, -10.30931532484000179, 0.6704811494650998460 ) ) ;
#5708 =( NAMED_UNIT ( * ) PLANE_ANGLE_UNIT ( ) SI_UNIT ( $, .RADIAN. ) );
#5709 = CARTESIAN_POINT ( 'NONE',  ( -2.255819368881003761, -10.19090788645000423, -0.4547698926388997753 ) ) ;
#5710 = ORIENTED_EDGE ( 'NONE', *, *, #2044, .F. ) ;
#5711 = CARTESIAN_POINT ( 'NONE',  ( -2.972017738424001188, -1.377834215211998448, -0.9592004971449006323 ) ) ;
#5712 = CARTESIAN_POINT ( 'NONE',  ( 1.608958265569003121, -9.804329091473000801, 0.4250448180686000610 ) ) ;
#5713 = CARTESIAN_POINT ( 'NONE',  ( -1.949481121278002105, -9.776317885516997208, -0.7154853267271995554 ) ) ;
#5714 = CARTESIAN_POINT ( 'NONE',  ( -2.497377467191001621, -8.669749263195990707, -0.1628772064284999821 ) ) ;
#5715 = AXIS2_PLACEMENT_3D ( 'NONE', #4192, #2124, #3238 ) ;
#5716 = ORIENTED_EDGE ( 'NONE', *, *, #4648, .T. ) ;
#5717 = DIRECTION ( 'NONE',  ( 1.000000000000000000, 0.000000000000000000, 0.000000000000000000 ) ) ;
#5718 = CARTESIAN_POINT ( 'NONE',  ( 1.466702598098001964, -9.006981146162988949, 0.8551451731471996220 ) ) ;
#5719 = FILL_AREA_STYLE ('',( #1343 ) ) ;
#5720 = AXIS2_PLACEMENT_3D ( 'NONE', #1797, #3742, #4345 ) ;
#5721 = CARTESIAN_POINT ( 'NONE',  ( -1.836983522341000041, -3.211741170929999889, -0.6000000022515000753 ) ) ;
#5722 = ORIENTED_EDGE ( 'NONE', *, *, #2589, .T. ) ;
#5723 = PRESENTATION_LAYER_ASSIGNMENT (  '', '', ( #555 ) ) ;
#5724 = CARTESIAN_POINT ( 'NONE',  ( 2.429030396171999229, -8.831173041807000246, 0.8047952680186003516 ) ) ;
#5725 = DIRECTION ( 'NONE',  ( 1.000000000000000000, 0.000000000000000000, 0.000000000000000000 ) ) ;
#5726 =( LENGTH_UNIT ( ) NAMED_UNIT ( * ) SI_UNIT ( .MILLI., .METRE. ) );
#5727 = CARTESIAN_POINT ( 'NONE',  ( 0.000000000000000000, 0.000000000000000000, 0.3499999999999999778 ) ) ;
#5728 = CARTESIAN_POINT ( 'NONE',  ( 1.722147312030001265, -9.505711143753002190, 0.5229650260051001975 ) ) ;
#5729 = SURFACE_STYLE_FILL_AREA ( #4280 ) ;
#5730 = CARTESIAN_POINT ( 'NONE',  ( -1.732802492146999995, -9.505031762451999100, -0.5833325664071000727 ) ) ;
#5731 = AXIS2_PLACEMENT_3D ( 'NONE', #3803, #2379, #5725 ) ;
#5732 = CARTESIAN_POINT ( 'NONE',  ( -3.076835175297549352, -1.386007258222961669, -0.9143256849313883272 ) ) ;
#5733 = CARTESIAN_POINT ( 'NONE',  ( 1.926215404987781765, -9.229096455492769024, 0.4771373323221559937 ) ) ;
#5734 = CARTESIAN_POINT ( 'NONE',  ( 1.963806779952000259, -1.146309595458000041, 0.6203016589176000295 ) ) ;
#5735 = VECTOR ( 'NONE', #2244, 1000.000000000000114 ) ;
#5736 = VERTEX_POINT ( 'NONE', #740 ) ;
#5737 = CARTESIAN_POINT ( 'NONE',  ( 1.763848617145000519, -1.105061414800000197, 0.6130405786639003818 ) ) ;
#5738 = SURFACE_STYLE_FILL_AREA ( #4907 ) ;
#5739 = LINE ( 'NONE', #5294, #1152 ) ;
#5740 = CARTESIAN_POINT ( 'NONE',  ( 2.237766008948000263, -9.884478238564993191, 1.097890506134999278 ) ) ;
#5741 = UNCERTAINTY_MEASURE_WITH_UNIT (LENGTH_MEASURE( 1.000000000000000082E-05 ), #4714, 'distance_accuracy_value', 'NONE');
#5742 = CARTESIAN_POINT ( 'NONE',  ( 3.456555298621001082, -1.997385836038000129, 0.3192680475865001255 ) ) ;
#5743 = CARTESIAN_POINT ( 'NONE',  ( -1.958100544928998321, -10.24788606397000557, -0.5117082703150004352 ) ) ;
#5744 = ORIENTED_EDGE ( 'NONE', *, *, #2693, .F. ) ;
#5745 = CARTESIAN_POINT ( 'NONE',  ( -3.006883915640998328, -1.220582152273999021, -0.5862367631652003475 ) ) ;
#5746 = CARTESIAN_POINT ( 'NONE',  ( 1.487262185713999818, -9.706646848036003306, 0.3384961492336002742 ) ) ;
#5747 = CARTESIAN_POINT ( 'NONE',  ( -1.741995358499001112, -9.883831224718992559, -0.8253460894734001574 ) ) ;
#5748 = CARTESIAN_POINT ( 'NONE',  ( -2.229941742180001629, -8.643673835485996548, -0.5994810139045994024 ) ) ;
#5749 = EDGE_LOOP ( 'NONE', ( #404, #5364, #5405, #5710 ) ) ;
#5750 = CARTESIAN_POINT ( 'NONE',  ( 3.427305097389000021, -1.768010524672000150, 0.6413461657186999565 ) ) ;
#5751 =( NAMED_UNIT ( * ) SI_UNIT ( $, .STERADIAN. ) SOLID_ANGLE_UNIT ( ) );
#5752 = CARTESIAN_POINT ( 'NONE',  ( 2.335785924269895730, -10.07610126331444000, 0.8457889651128140951 ) ) ;
#5753 = CARTESIAN_POINT ( 'NONE',  ( 2.272027925287001704, -8.913420574313002831, 0.8387359972034996725 ) ) ;
#5754 = CARTESIAN_POINT ( 'NONE',  ( 2.196739201754091209, -8.864371707562714420, 0.8132353374601465346 ) ) ;
#5755 = EDGE_CURVE ( 'NONE', #5347, #4231, #5080, .T. ) ;
#5756 = CARTESIAN_POINT ( 'NONE',  ( -2.230035814903002400, -10.36647902555999678, -0.6003931927234005261 ) ) ;
#5757 = CARTESIAN_POINT ( 'NONE',  ( -1.634561074674405479, -9.926721797380370305, -0.3569974988231285340 ) ) ;
#5758 = CARTESIAN_POINT ( 'NONE',  ( -2.733000000000000096, -4.918011790920000514, -0.5999999999999999778 ) ) ;
#5759 = CARTESIAN_POINT ( 'NONE',  ( 1.841517518404000020, -9.153777858911006149, 0.4529940203327000869 ) ) ;
#5760 = CARTESIAN_POINT ( 'NONE',  ( -1.967999999993000015, -8.750000641426998627, -0.6000000000053998805 ) ) ;
#5761 =( LENGTH_UNIT ( ) NAMED_UNIT ( * ) SI_UNIT ( .MILLI., .METRE. ) );
#5762 = CARTESIAN_POINT ( 'NONE',  ( 2.478000000000000203, -1.837987956972999992, 0.5999999999999999778 ) ) ;
#5763 = ORIENTED_EDGE ( 'NONE', *, *, #72, .T. ) ;
#5764 = CARTESIAN_POINT ( 'NONE',  ( 1.907174100304998676, -1.276500194211000361, 0.7025208269662001070 ) ) ;
#5765 = CARTESIAN_POINT ( 'NONE',  ( -14.24843999999999866, -1.028000000000000025, -0.9499999999999999556 ) ) ;
#5766 = CARTESIAN_POINT ( 'NONE',  ( -2.478000015587000338, -1.916979210374000209, -0.6000000089710000317 ) ) ;
#5767 = VECTOR ( 'NONE', #1957, 1000.000000000000000 ) ;
#5768 = EDGE_CURVE ( 'NONE', #2554, #3047, #4991, .T. ) ;
#5769 = SURFACE_SIDE_STYLE ('',( #4388 ) ) ;
#5770 = MECHANICAL_DESIGN_GEOMETRIC_PRESENTATION_REPRESENTATION (  '', ( #2039 ), #5058 ) ;
#5771 = VERTEX_POINT ( 'NONE', #6071 ) ;
#5772 = CARTESIAN_POINT ( 'NONE',  ( 1.395607020279000299, -9.893706627684000665, 0.3556184263984001892 ) ) ;
#5773 = CARTESIAN_POINT ( 'NONE',  ( -1.681335317848999367, -9.509133365365006085, -0.7791732144108003411 ) ) ;
#5774 = DIRECTION ( 'NONE',  ( 1.000000000000000000, 0.000000000000000000, 0.000000000000000000 ) ) ;
#5775 = ADVANCED_FACE ( 'NONE', ( #1728 ), #5785, .T. ) ;
#5776 = ORIENTED_EDGE ( 'NONE', *, *, #802, .F. ) ;
#5777 = COLOUR_RGB ( '',0.8039215686274510109, 0.8039215686274510109, 0.8039215686274510109 ) ;
#5778 = CONICAL_SURFACE ( 'NONE', #307, 0.6025000041133000694, 0.2276507215286134034 ) ;
#5779 =( NAMED_UNIT ( * ) PLANE_ANGLE_UNIT ( ) SI_UNIT ( $, .RADIAN. ) );
#5780 = DIRECTION ( 'NONE',  ( 0.000000000000000000, 1.000000000000000000, 0.000000000000000000 ) ) ;
#5781 = SURFACE_SIDE_STYLE ('',( #3291 ) ) ;
#5782 = PRESENTATION_STYLE_ASSIGNMENT (( #2374 ) ) ;
#5783 = PRESENTATION_LAYER_ASSIGNMENT (  '', '', ( #2243 ) ) ;
#5784 = CARTESIAN_POINT ( 'NONE',  ( -1.543891458602031364, -1.686060375704244940, -0.7749003154671758598 ) ) ;
#5785 = SPHERICAL_SURFACE ( 'NONE', #3494, 0.2550000000000000044 ) ;
#5786 = CARTESIAN_POINT ( 'NONE',  ( -1.988000000007000168, -9.750000641426998627, -0.5999999999945999640 ) ) ;
#5787 = CARTESIAN_POINT ( 'NONE',  ( -2.138196273105001488, -10.08526870793000541, -0.8092610884238996549 ) ) ;
#5788 = CARTESIAN_POINT ( 'NONE',  ( 1.717966472904505437, -9.125017742776957874, 0.8254904578516497615 ) ) ;
#5789 = CARTESIAN_POINT ( 'NONE',  ( -1.569578787494001482, -9.210972844985002794, -0.3612636830048001069 ) ) ;
#5790 = MECHANICAL_DESIGN_GEOMETRIC_PRESENTATION_REPRESENTATION (  '', ( #5490 ), #5200 ) ;
#5791 = TOROIDAL_SURFACE ( 'NONE', #1338, 0.6049999999999999822, 0.3499999999999999778 ) ;
#5792 = CARTESIAN_POINT ( 'NONE',  ( -1.620214075383370922, -9.076101263145741171, -0.3542110348226545913 ) ) ;
#5793 = FACE_OUTER_BOUND ( 'NONE', #5269, .T. ) ;
#5794 = CARTESIAN_POINT ( 'NONE',  ( -2.965339091506999925, -1.028001472913000036, -0.9499999999999999556 ) ) ;
#5795 = DIRECTION ( 'NONE',  ( 0.000000000000000000, 1.000000000000000000, 0.000000000000000000 ) ) ;
#5796 = ORIENTED_EDGE ( 'NONE', *, *, #190, .F. ) ;
#5797 = DIRECTION ( 'NONE',  ( 0.9999988959613604900, 0.001485959642859940649, -0.000000000000000000 ) ) ;
#5798 = FILL_AREA_STYLE_COLOUR ( '', #1157 ) ;
#5799 = COLOUR_RGB ( '',0.8039215686274510109, 0.8039215686274510109, 0.8039215686274510109 ) ;
#5800 = UNCERTAINTY_MEASURE_WITH_UNIT (LENGTH_MEASURE( 1.000000000000000082E-05 ), #1444, 'distance_accuracy_value', 'NONE');
#5801 = CARTESIAN_POINT ( 'NONE',  ( -2.478000000000000203, -9.005000000000000782, -0.5999999999999999778 ) ) ;
#5802 = CARTESIAN_POINT ( 'NONE',  ( -2.229359548319999274, -10.36137440498999673, -0.5815473894257005005 ) ) ;
#5803 = COLOUR_RGB ( '',0.9411764705882352811, 0.9921568627450980671, 0.007843137254901960675 ) ;
#5804 = ORIENTED_EDGE ( 'NONE', *, *, #718, .T. ) ;
#5805 = MECHANICAL_DESIGN_GEOMETRIC_PRESENTATION_REPRESENTATION (  '', ( #2073 ), #3174 ) ;
#5806 = CARTESIAN_POINT ( 'NONE',  ( -3.368042657961000774, -1.272858007507001288, -0.5584089598508001906 ) ) ;
#5807 = ADVANCED_FACE ( 'NONE', ( #3675 ), #2835, .F. ) ;
#5808 = CARTESIAN_POINT ( 'NONE',  ( -3.415687211964317349, -1.685243712519644443, -0.7436283440240447629 ) ) ;
#5809 =( NAMED_UNIT ( * ) PLANE_ANGLE_UNIT ( ) SI_UNIT ( $, .RADIAN. ) );
#5810 = CARTESIAN_POINT ( 'NONE',  ( -1.360986096588998162, -9.762161409411998392, -1.086368614932998744 ) ) ;
#5811 = ORIENTED_EDGE ( 'NONE', *, *, #992, .T. ) ;
#5812 = CARTESIAN_POINT ( 'NONE',  ( -1.645889003586001209, -9.359887522706996421, -0.7931487698252002172 ) ) ;
#5813 = CARTESIAN_POINT ( 'NONE',  ( 1.613252550268001739, -8.963405736261995216, 0.8334967098077006309 ) ) ;
#5814 = PRESENTATION_STYLE_ASSIGNMENT (( #5245 ) ) ;
#5815 = FILL_AREA_STYLE_COLOUR ( '', #6179 ) ;
#5816 = DIRECTION ( 'NONE',  ( 0.000000000000000000, 1.000000000000000000, 0.000000000000000000 ) ) ;
#5817 = ORIENTED_EDGE ( 'NONE', *, *, #1657, .T. ) ;
#5818 = B_SPLINE_CURVE_WITH_KNOTS ( 'NONE', 3,
 ( #4440, #4469, #5454, #1072, #520 ),
 .UNSPECIFIED., .F., .F.,
 ( 4, 1, 4 ),
 ( 0.000000000000000000, 0.5000000000000000000, 1.000000000000000000 ),
 .UNSPECIFIED. ) ;
#5819 = COLOUR_RGB ( '',0.9411764705882352811, 0.9921568627450980671, 0.007843137254901960675 ) ;
#5820 = COLOUR_RGB ( '',0.8039215686274510109, 0.8039215686274510109, 0.8039215686274510109 ) ;
#5821 = CARTESIAN_POINT ( 'NONE',  ( -1.531851803875968976, -1.667394845715330698, -0.6994747522876910706 ) ) ;
#5822 = CARTESIAN_POINT ( 'NONE',  ( 1.967999563725856049, -10.26000000000276380, 0.5642239562204574010 ) ) ;
#5823 = CARTESIAN_POINT ( 'NONE',  ( -2.321725502398001684, -10.33737513011000608, -0.8025607183665002253 ) ) ;
#5824 = CARTESIAN_POINT ( 'NONE',  ( -2.031702549122998303, -8.789553406505994815, -0.7383654280448999074 ) ) ;
#5825 = CARTESIAN_POINT ( 'NONE',  ( 1.800916976001997627, -9.047582794949999396, 0.3615404317637000431 ) ) ;
#5826 =( NAMED_UNIT ( * ) SI_UNIT ( $, .STERADIAN. ) SOLID_ANGLE_UNIT ( ) );
#5827 = CARTESIAN_POINT ( 'NONE',  ( -1.466700477844002259, -9.006977180456994247, -0.3448550343396999396 ) ) ;
#5828 = PRESENTATION_LAYER_ASSIGNMENT (  '', '', ( #864 ) ) ;
#5829 = CARTESIAN_POINT ( 'NONE',  ( -1.685552832867168727, -9.108784745681766992, -0.3670162046537529532 ) ) ;
#5830 = CYLINDRICAL_SURFACE ( 'NONE', #3305, 0.2550000000000000044 ) ;
#5831 =( BOUNDED_CURVE ( )  B_SPLINE_CURVE ( 3, ( #2168, #4104, #6035, #3154, #5079, #2201, #4134, #6065, #4209, #4271, #6131, #5246, #872, #3736, #4802, #2744, #3860 ),
 .UNSPECIFIED., .F., .T. ) 
 B_SPLINE_CURVE_WITH_KNOTS ( ( 4, 1, 1, 1, 1, 1, 1, 1, 1, 1, 1, 1, 1, 1, 4 ),
 ( 0.000000000000000000, 0.1075390306616886976, 0.1900746836597317635, 0.2594545222551544739, 0.3274086589063264219, 0.4018867148380236842, 0.4801748380982696074, 0.5572954686979867400, 0.6294523110421287315, 0.7069762466032033510, 0.7852978581680840620, 0.8563010285652840059, 0.9186306370462057336, 0.9746380056896786215, 1.000000000000000000 ),
 .UNSPECIFIED. ) 
 CURVE ( )  GEOMETRIC_REPRESENTATION_ITEM ( )  RATIONAL_B_SPLINE_CURVE ( ( 1.162310298937941244, 1.162310298937941244, 1.162310298937941244, 1.162310298937941244, 1.162310298937941244, 1.162310298937941244, 1.162310298937941244, 1.162310298937941244, 1.162310298937941244, 1.162310298937941244, 1.162310298937941244, 1.162310298937941244, 1.162310298937941244, 1.162310298937941244, 1.162310298937941244, 1.162310298937941244, 1.162310298937941244 ) ) 
 REPRESENTATION_ITEM ( '' )  );
#5832 = DIRECTION ( 'NONE',  ( 0.000000000000000000, 1.000000000000000000, 0.000000000000000000 ) ) ;
#5833 = ORIENTED_EDGE ( 'NONE', *, *, #2407, .F. ) ;
#5834 =( NAMED_UNIT ( * ) SI_UNIT ( $, .STERADIAN. ) SOLID_ANGLE_UNIT ( ) );
#5835 = CARTESIAN_POINT ( 'NONE',  ( -2.421737809756945747, -10.11752914568038442, -0.8490966195463404143 ) ) ;
#5836 = CARTESIAN_POINT ( 'NONE',  ( -1.912048555775999636, -1.366205242296997913, -0.8567662212914992637 ) ) ;
#5837 = MECHANICAL_DESIGN_GEOMETRIC_PRESENTATION_REPRESENTATION (  '', ( #762 ), #4222 ) ;
#5838 = B_SPLINE_CURVE_WITH_KNOTS ( 'NONE', 3,
 ( #5516, #3167, #4146, #5155, #1287, #6145, #6078, #1737, #5035, #4653, #5609, #4558, #3682, #5545, #4186, #1193, #3232 ),
 .UNSPECIFIED., .F., .F.,
 ( 4, 1, 1, 1, 1, 1, 1, 1, 1, 1, 1, 1, 1, 1, 4 ),
 ( 0.000000000000000000, 0.07142857142856999519, 0.1428571428570999946, 0.2142857142857000075, 0.2857142857143000203, 0.3571428571429000054, 0.4285714285713999594, 0.5000000000000000000, 0.5714285714286000406, 0.6428571428570999391, 0.7142857142856999797, 0.7857142857142999093, 0.8571428571429000609, 0.9285714285714000704, 1.000000000000000000 ),
 .UNSPECIFIED. ) ;
#5839 = AXIS2_PLACEMENT_3D ( 'NONE', #2213, #4652, #2147 ) ;
#5840 = CARTESIAN_POINT ( 'NONE',  ( 3.518562606825604622, -1.261231328456782874, 0.6000000124672385526 ) ) ;
#5841 = CARTESIAN_POINT ( 'NONE',  ( -2.116591520194000875, -10.25293210245999909, -0.6019840784372002540 ) ) ;
#5842 = ORIENTED_EDGE ( 'NONE', *, *, #2013, .T. ) ;
#5843 = CARTESIAN_POINT ( 'NONE',  ( 1.567205884083649359, -1.451950604238573472, 0.5999892988010013806 ) ) ;
#5844 = EDGE_CURVE ( 'NONE', #1144, #2734, #1956, .T. ) ;
#5845 = CARTESIAN_POINT ( 'NONE',  ( -1.720639401225998455, -9.494528632172995586, -0.6851652319996999196 ) ) ;
#5846 = AXIS2_PLACEMENT_3D ( 'NONE', #6094, #5627, #1273 ) ;
#5847 = ORIENTED_EDGE ( 'NONE', *, *, #1255, .F. ) ;
#5848 = CARTESIAN_POINT ( 'NONE',  ( -1.726024007956999506, -9.366062650542000156, -0.6070512126394999042 ) ) ;
#5849 = CARTESIAN_POINT ( 'NONE',  ( 1.726640264786002410, -9.361374568735000068, 0.6184526066362997510 ) ) ;
#5850 = CARTESIAN_POINT ( 'NONE',  ( -1.768143294435002177, -9.870436145237992065, -0.3824377792048000990 ) ) ;
#5851 =( LENGTH_UNIT ( ) NAMED_UNIT ( * ) SI_UNIT ( .MILLI., .METRE. ) );
#5852 = PRESENTATION_STYLE_ASSIGNMENT (( #547 ) ) ;
#5853 = ORIENTED_EDGE ( 'NONE', *, *, #718, .F. ) ;
#5854 = CARTESIAN_POINT ( 'NONE',  ( -1.968731257483131492, -8.750366778910532162, -0.6186114790006574937 ) ) ;
#5855 = CARTESIAN_POINT ( 'NONE',  ( 1.477999999999999980, -9.005000000000000782, 0.5999999999999999778 ) ) ;
#5856 = CARTESIAN_POINT ( 'NONE',  ( -2.375940741879998708, -9.893690321176002556, -0.8492416747347004691 ) ) ;
#5857 = DIRECTION ( 'NONE',  ( 1.000000000000000000, 0.000000000000000000, 0.000000000000000000 ) ) ;
#5858 =( LENGTH_UNIT ( ) NAMED_UNIT ( * ) SI_UNIT ( .MILLI., .METRE. ) );
#5859 = CARTESIAN_POINT ( 'NONE',  ( 1.599343315549514255, -9.065757605179989298, 0.8477763724560420933 ) ) ;
#5860 = FILL_AREA_STYLE ('',( #6207 ) ) ;
#5861 = CARTESIAN_POINT ( 'NONE',  ( -1.999582384992002249, -9.260337573204999728, -0.5989466902274001026 ) ) ;
#5862 = EDGE_CURVE ( 'NONE', #574, #2740, #2662, .T. ) ;
#5863 = CARTESIAN_POINT ( 'NONE',  ( -1.908275928648152098, -9.220163383545088465, -0.4619624009412217069 ) ) ;
#5864 =( NAMED_UNIT ( * ) SI_UNIT ( $, .STERADIAN. ) SOLID_ANGLE_UNIT ( ) );
#5865 = CARTESIAN_POINT ( 'NONE',  ( -1.802422406582842029, -9.167219827491805972, -0.7967554597697670271 ) ) ;
#5866 = CARTESIAN_POINT ( 'NONE',  ( 3.495042302040999971, -1.214363493161999985, 0.5999999278019999549 ) ) ;
#5867 = ORIENTED_EDGE ( 'NONE', *, *, #3826, .F. ) ;
#5868 = CARTESIAN_POINT ( 'NONE',  ( 2.304038154384000503, -8.929682884101998397, 0.3556085571273002177 ) ) ;
#5869 = CARTESIAN_POINT ( 'NONE',  ( -2.226094345882713821, -10.50881368170274754, -0.6432857867933934326 ) ) ;
#5870 = CARTESIAN_POINT ( 'NONE',  ( -2.002385139549000659, -1.029365111777000408, -0.5997057428323003814 ) ) ;
#5871 = UNCERTAINTY_MEASURE_WITH_UNIT (LENGTH_MEASURE( 1.000000000000000082E-05 ), #1453, 'distance_accuracy_value', 'NONE');
#5872 =( BOUNDED_CURVE ( )  B_SPLINE_CURVE ( 3, ( #827, #6154, #3754, #4731, #469, #2417, #1554, #5390, #1636, #4448, #4027, #1080, #186, #3073, #5955, #2577, #4999 ),
 .UNSPECIFIED., .F., .T. ) 
 B_SPLINE_CURVE_WITH_KNOTS ( ( 4, 1, 1, 1, 1, 1, 1, 1, 1, 1, 1, 1, 1, 1, 4 ),
 ( 0.000000000000000000, 0.1075390291238826901, 0.1900746822679534320, 0.2594545209839656530, 0.3274086577527463016, 0.4018867138130352568, 0.4801748372078510352, 0.5572954679393986588, 0.6294523104071910735, 0.7069762461018208599, 0.7852978578009188748, 0.8563010283194643080, 0.9186306369071312039, 0.9746380056466124042, 1.000000000000000000 ),
 .UNSPECIFIED. ) 
 CURVE ( )  GEOMETRIC_REPRESENTATION_ITEM ( )  RATIONAL_B_SPLINE_CURVE ( ( 1.171569596192003848, 1.171569596192003848, 1.171569596192003848, 1.171569596192003848, 1.171569596192003848, 1.171569596192003848, 1.171569596192003848, 1.171569596192003848, 1.171569596192003848, 1.171569596192003848, 1.171569596192003848, 1.171569596192003848, 1.171569596192003848, 1.171569596192003848, 1.171569596192003848, 1.171569596192003848, 1.171569596192003848 ) ) 
 REPRESENTATION_ITEM ( '' )  );
#5873 = CARTESIAN_POINT ( 'NONE',  ( 3.417667345187000549, -1.306163246868999872, 0.5566567690242003597 ) ) ;
#5874 = CARTESIAN_POINT ( 'NONE',  ( -1.968002290355999939, -8.495002290356000074, -0.6000004147123999543 ) ) ;
#5875 = CARTESIAN_POINT ( 'NONE',  ( -3.490354572951998247, -1.102209051819000640, -0.6102024103965999480 ) ) ;
#5876 = CIRCLE ( 'NONE', #686, 0.3500000000000000333 ) ;
#5877 = EDGE_CURVE ( 'NONE', #830, #5942, #428, .T. ) ;
#5878 = CARTESIAN_POINT ( 'NONE',  ( -1.458435491390999150, -9.672795573498992994, -1.027685925597000338 ) ) ;
#5879 = VERTEX_POINT ( 'NONE', #3394 ) ;
#5880 = CARTESIAN_POINT ( 'NONE',  ( -1.613252551562998738, -8.963405735185004275, -0.8334967113692998142 ) ) ;
#5881 = CARTESIAN_POINT ( 'NONE',  ( 1.740441710120000485, -8.936386251247007806, 0.9092169972738997075 ) ) ;
#5882 = CARTESIAN_POINT ( 'NONE',  ( -1.955441051076999504, -9.773171402659992069, -0.4912202877499997067 ) ) ;
#5883 = AXIS2_PLACEMENT_3D ( 'NONE', #4044, #665, #3604 ) ;
#5884 = CARTESIAN_POINT ( 'NONE',  ( 2.116591520194000875, -10.25293210245999909, 0.6019840784372002540 ) ) ;
#5885 = CARTESIAN_POINT ( 'NONE',  ( -1.477999999999999980, -9.005000000000000782, -0.5999999999999999778 ) ) ;
#5886 = ORIENTED_EDGE ( 'NONE', *, *, #5296, .F. ) ;
#5887 = CARTESIAN_POINT ( 'NONE',  ( -2.320361544114185826, -3.196941752903111666, 0.02607087948899485669 ) ) ;
#5888 = CARTESIAN_POINT ( 'NONE',  ( -1.496168069305174653, -9.968633988105342070, -0.8549999565969963466 ) ) ;
#5889 = AXIS2_PLACEMENT_3D ( 'NONE', #1508, #5816, #3031 ) ;
#5890 = EDGE_CURVE ( 'NONE', #2866, #3472, #4886, .T. ) ;
#5891 = CARTESIAN_POINT ( 'NONE',  ( -1.956276249610998441, -8.749660894275011813, -0.6010483295477997423 ) ) ;
#5892 = CARTESIAN_POINT ( 'NONE',  ( 1.802422406548643385, -9.167219827474481164, 0.7967554597840822428 ) ) ;
#5893 = CARTESIAN_POINT ( 'NONE',  ( -1.499916113606001966, -9.073243769735002573, -0.3449900312325999696 ) ) ;
#5894 = CARTESIAN_POINT ( 'NONE',  ( 2.234615088259551463, -10.49176787865181915, 0.5213704892631205734 ) ) ;
#5895 = SURFACE_STYLE_FILL_AREA ( #4901 ) ;
#5896 = CARTESIAN_POINT ( 'NONE',  ( -1.655440263476078977, -9.093717788986101169, -0.8390781018309795281 ) ) ;
#5897 = EDGE_CURVE ( 'NONE', #4325, #3047, #3489, .T. ) ;
#5898 = PRESENTATION_STYLE_ASSIGNMENT (( #4903 ) ) ;
#5899 = ORIENTED_EDGE ( 'NONE', *, *, #2773, .F. ) ;
#5900 = CARTESIAN_POINT ( 'NONE',  ( 1.980141416586001624, -8.762367759445000459, 0.5179905575348000557 ) ) ;
#5901 = DIRECTION ( 'NONE',  ( 0.000000000000000000, 1.000000000000000000, 0.000000000000000000 ) ) ;
#5902 = SURFACE_STYLE_USAGE ( .BOTH. , #4945 ) ;
#5903 = CIRCLE ( 'NONE', #5285, 0.3499999394636003625 ) ;
#5904 =( GEOMETRIC_REPRESENTATION_CONTEXT ( 3 ) GLOBAL_UNCERTAINTY_ASSIGNED_CONTEXT ( ( #2314 ) ) GLOBAL_UNIT_ASSIGNED_CONTEXT ( ( #3214, #1148, #5016 ) ) REPRESENTATION_CONTEXT ( 'NONE', 'WORKASPACE' ) );
#5905 = CARTESIAN_POINT ( 'NONE',  ( 2.247235713635001186, -8.488782353477994036, 0.7245834025345001539 ) ) ;
#5906 = CARTESIAN_POINT ( 'NONE',  ( 3.152494834097000709, -0.9976151534357990958, 0.6031349518938001752 ) ) ;
#5907 = CARTESIAN_POINT ( 'NONE',  ( 2.358917740060169965, -8.945457083131170606, 0.3516317474364555884 ) ) ;
#5908 = CARTESIAN_POINT ( 'NONE',  ( 1.867488615596475388, -1.130942070287170198, 0.6000838046742824616 ) ) ;
#5909 = STYLED_ITEM ( 'NONE', ( #4776 ), #5807 ) ;
#5910 = CARTESIAN_POINT ( 'NONE',  ( 1.606499677705999884, -9.261999650010999119, 0.3793491956755000172 ) ) ;
#5911 = CARTESIAN_POINT ( 'NONE',  ( -1.731927419341002139, -9.648896151562997403, -0.5979229983923997072 ) ) ;
#5912 =( GEOMETRIC_REPRESENTATION_CONTEXT ( 3 ) GLOBAL_UNCERTAINTY_ASSIGNED_CONTEXT ( ( #3720 ) ) GLOBAL_UNIT_ASSIGNED_CONTEXT ( ( #4638, #3577, #1757 ) ) REPRESENTATION_CONTEXT ( 'NONE', 'WORKASPACE' ) );
#5913 = EDGE_CURVE ( 'NONE', #1928, #3622, #399, .T. ) ;
#5914 = ORIENTED_EDGE ( 'NONE', *, *, #3356, .F. ) ;
#5915 = AXIS2_PLACEMENT_3D ( 'NONE', #4821, #1059, #4795 ) ;
#5916 = CIRCLE ( 'NONE', #4406, 0.2500000000000000555 ) ;
#5917 =( NAMED_UNIT ( * ) SI_UNIT ( $, .STERADIAN. ) SOLID_ANGLE_UNIT ( ) );
#5918 = CARTESIAN_POINT ( 'NONE',  ( -1.501799460892001337, -9.076993399308998178, -0.8549096183553001049 ) ) ;
#5919 = CARTESIAN_POINT ( 'NONE',  ( 1.733206658859998583, -9.526476571566995233, 0.5946777942843004539 ) ) ;
#5920 = CARTESIAN_POINT ( 'NONE',  ( -1.449118236456001130, -9.727255287921002136, -0.3148831279341999800 ) ) ;
#5921 = DIRECTION ( 'NONE',  ( -0.9992238874140807470, 0.03939064374398754814, 2.554742932649221704E-06 ) ) ;
#5922 = CARTESIAN_POINT ( 'NONE',  ( -2.931884215003678129, -2.647573714665481415, 0.02535412803593372136 ) ) ;
#5923 = CARTESIAN_POINT ( 'NONE',  ( -2.478000000000000203, -10.00500283731000017, -0.8549999999841999543 ) ) ;
#5924 = DIRECTION ( 'NONE',  ( 8.659560562354940254E-17, -8.659560562354940254E-17, 1.000000000000000000 ) ) ;
#5925 = DIRECTION ( 'NONE',  ( 1.000000000000000000, 0.000000000000000000, 0.000000000000000000 ) ) ;
#5926 = CARTESIAN_POINT ( 'NONE',  ( -2.223000000000000309, -4.918011790920000514, -0.5999999999999999778 ) ) ;
#5927 = DIRECTION ( 'NONE',  ( 0.7523909254198483110, -0.6587168549469181178, 1.883361986280020201E-05 ) ) ;
#5928 = CARTESIAN_POINT ( 'NONE',  ( -1.714790114717999359, -9.246448216067998160, -0.4862896625421995189 ) ) ;
#5929 = AXIS2_PLACEMENT_3D ( 'NONE', #3440, #5461, #1584 ) ;
#5930 = CARTESIAN_POINT ( 'NONE',  ( 2.226522447524934556, -10.50795331396898291, 0.5538499627613701071 ) ) ;
#5931 =( LENGTH_UNIT ( ) NAMED_UNIT ( * ) SI_UNIT ( .MILLI., .METRE. ) );
#5932 = COLOUR_RGB ( '',0.9411764705882352811, 0.9921568627450980671, 0.007843137254901960675 ) ;
#5933 = ORIENTED_EDGE ( 'NONE', *, *, #1859, .F. ) ;
#5934 = FILL_AREA_STYLE ('',( #3873 ) ) ;
#5935 =( LENGTH_UNIT ( ) NAMED_UNIT ( * ) SI_UNIT ( .MILLI., .METRE. ) );
#5936 = CARTESIAN_POINT ( 'NONE',  ( 2.667421493265000887, -8.822664910170997743, 0.9628740049508003329 ) ) ;
#5937 = CARTESIAN_POINT ( 'NONE',  ( 2.959791492963001591, -1.377759659360998423, 0.9635507097037995239 ) ) ;
#5938 = CARTESIAN_POINT ( 'NONE',  ( 1.732766822998272005, -1.236015156266979886, 0.6000173389380341060 ) ) ;
#5939 = VERTEX_POINT ( 'NONE', #4278 ) ;
#5940 = CARTESIAN_POINT ( 'NONE',  ( 2.222660894275000132, -10.52672375039000308, 0.6010483295477997423 ) ) ;
#5941 = CIRCLE ( 'NONE', #79, 3.700000000000000178 ) ;
#5942 = VERTEX_POINT ( 'NONE', #5758 ) ;
#5943 = PRESENTATION_STYLE_ASSIGNMENT (( #3349 ) ) ;
#5944 = CARTESIAN_POINT ( 'NONE',  ( 1.997899455072002839, -9.247886063974990023, 0.6882917296833998000 ) ) ;
#5945 =( NAMED_UNIT ( * ) SI_UNIT ( $, .STERADIAN. ) SOLID_ANGLE_UNIT ( ) );
#5946 = FACE_OUTER_BOUND ( 'NONE', #5749, .T. ) ;
#5947 = CARTESIAN_POINT ( 'NONE',  ( 3.270193164251999907, -1.471182229312000045, 0.8726214909838999612 ) ) ;
#5948 = B_SPLINE_CURVE_WITH_KNOTS ( 'NONE', 3,
 ( #4870, #619, #1581, #3469, #5479, #3965, #4025, #4477, #1159, #5896, #1047, #1133, #3072, #3531, #5389, #5865, #1079, #133, #3039, #4507, #2600, #4902, #4531, #3098, #3013 ),
 .UNSPECIFIED., .F., .F.,
 ( 4, 2, 2, 1, 2, 2, 2, 1, 1, 2, 2, 2, 2, 4 ),
 ( 0.000000000000000000, 0.1249999999999827360, 0.1874999999999751588, 0.2187499999999713285, 0.2343749999999713562, 0.2499999999999713562, 0.3749999999999611977, 0.4374999999999565348, 0.4687499999999559241, 0.4843749999999560352, 0.4999999999999561462, 0.6249999999999672484, 0.7499999999999784617, 1.000000000000000000 ),
 .UNSPECIFIED. ) ;
#5949 = AXIS2_PLACEMENT_3D ( 'NONE', #4317, #38, #5358 ) ;
#5950 = CARTESIAN_POINT ( 'NONE',  ( -2.077323123839137420, -8.804663285187553257, -0.7586686824207795610 ) ) ;
#5951 = CARTESIAN_POINT ( 'NONE',  ( -2.164985370172118895, -10.16150767122331722, -0.8017618919908666708 ) ) ;
#5952 = CARTESIAN_POINT ( 'NONE',  ( -2.230570074472002506, -8.892293089338997092, -0.8295833134897995231 ) ) ;
#5953 = CARTESIAN_POINT ( 'NONE',  ( -2.410358619329397101, -8.869851833211157555, -0.3540487583871465005 ) ) ;
#5954 = DIRECTION ( 'NONE',  ( 0.000000000000000000, 0.000000000000000000, 1.000000000000000000 ) ) ;
#5955 = CARTESIAN_POINT ( 'NONE',  ( -2.223418145347419106, -10.51416197775911598, -0.5801539582673197470 ) ) ;
#5956 = ORIENTED_EDGE ( 'NONE', *, *, #5028, .F. ) ;
#5957 = CARTESIAN_POINT ( 'NONE',  ( 2.181565482566999226, -8.758012161964002118, 0.5233948859994999037 ) ) ;
#5958 = CARTESIAN_POINT ( 'NONE',  ( -1.477999999999999980, -9.005000000000000782, -0.8549999999999998712 ) ) ;
#5959 = CARTESIAN_POINT ( 'NONE',  ( 3.538937443839762054, -1.583451021815265536, 0.5265656805578191602 ) ) ;
#5960 = CARTESIAN_POINT ( 'NONE',  ( 3.353705608837000085, -2.084327963053000055, 0.3820847499866000252 ) ) ;
#5961 = CARTESIAN_POINT ( 'NONE',  ( 2.089188964785162916, -10.19940779844019474, 0.4339904389353824721 ) ) ;
#5962 = ORIENTED_EDGE ( 'NONE', *, *, #5244, .T. ) ;
#5963 = CARTESIAN_POINT ( 'NONE',  ( 1.719657183651001064, -9.642960899067002600, 0.6368905420049995048 ) ) ;
#5964 = CARTESIAN_POINT ( 'NONE',  ( 1.572878193195672125, -9.815234431726082676, 0.8370907496709555362 ) ) ;
#5965 = ADVANCED_FACE ( 'NONE', ( #1388 ), #3329, .T. ) ;
#5966 = ORIENTED_EDGE ( 'NONE', *, *, #2189, .T. ) ;
#5967 = FILL_AREA_STYLE ('',( #175 ) ) ;
#5968 = DIRECTION ( 'NONE',  ( 0.000000000000000000, -1.000000000000000000, 0.000000000000000000 ) ) ;
#5969 = ADVANCED_FACE ( 'NONE', ( #3931 ), #2026, .T. ) ;
#5970 = CARTESIAN_POINT ( 'NONE',  ( -1.292559301216999579, -9.826876048387003237, -0.2422833865877000725 ) ) ;
#5971 = CARTESIAN_POINT ( 'NONE',  ( -1.974186318299393283, -8.753094345882670879, -0.6432857867930781293 ) ) ;
#5972 = CARTESIAN_POINT ( 'NONE',  ( -1.550066149943256422, -9.860903363188588955, -0.8446192964785036450 ) ) ;
#5973 = CARTESIAN_POINT ( 'NONE',  ( -2.233547794724001001, -8.484782562342001455, -0.6822478632537003485 ) ) ;
#5974 = DIRECTION ( 'NONE',  ( 0.8122378398451747250, -3.459000977304189848E-07, -0.5833264022170816521 ) ) ;
#5975 = CARTESIAN_POINT ( 'NONE',  ( -2.478000000000000203, -9.004996341983000363, -0.3450000000262000155 ) ) ;
#5976 = MECHANICAL_DESIGN_GEOMETRIC_PRESENTATION_REPRESENTATION (  '', ( #3149 ), #4968 ) ;
#5977 = AXIS2_PLACEMENT_3D ( 'NONE', #2524, #3480, #2552 ) ;
#5978 = DIRECTION ( 'NONE',  ( 0.9446060565853420243, -0.3282063342811800122, 0.000000000000000000 ) ) ;
#5979 =( NAMED_UNIT ( * ) PLANE_ANGLE_UNIT ( ) SI_UNIT ( $, .RADIAN. ) );
#5980 = CARTESIAN_POINT ( 'NONE',  ( 2.541395681255998795, -8.710101097286006677, 0.1335555274677999449 ) ) ;
#5981 = DIRECTION ( 'NONE',  ( 0.000000000000000000, 0.000000000000000000, 1.000000000000000000 ) ) ;
#5982 = CARTESIAN_POINT ( 'NONE',  ( -1.628896594779001727, -1.160618327844000985, -0.2480088669031998982 ) ) ;
#5983 = STYLED_ITEM ( 'NONE', ( #2474 ), #1806 ) ;
#5984 = PRESENTATION_LAYER_ASSIGNMENT (  '', '', ( #1629 ) ) ;
#5985 = UNCERTAINTY_MEASURE_WITH_UNIT (LENGTH_MEASURE( 1.000000000000000082E-05 ), #3586, 'distance_accuracy_value', 'NONE');
#5986 = CARTESIAN_POINT ( 'NONE',  ( 3.458391937358678003, -1.853826035395747862, 0.4642349180005485576 ) ) ;
#5987 = CARTESIAN_POINT ( 'NONE',  ( 3.338345720833999941, -2.111385291270000408, 0.3499999999999999778 ) ) ;
#5988 = DIRECTION ( 'NONE',  ( 0.000000000000000000, 1.000000000000000000, 0.000000000000000000 ) ) ;
#5989 = PRESENTATION_LAYER_ASSIGNMENT (  '', '', ( #1224 ) ) ;
#5990 = VERTEX_POINT ( 'NONE', #3183 ) ;
#5991 = CARTESIAN_POINT ( 'NONE',  ( 1.680437404008002567, -9.638995545164004142, 0.6925914139404995007 ) ) ;
#5992 = DIRECTION ( 'NONE',  ( 1.000000000000000000, 0.000000000000000000, 0.000000000000000000 ) ) ;
#5993 = CARTESIAN_POINT ( 'NONE',  ( 1.496168061933897508, -9.968634001566893943, 0.8549999565349594155 ) ) ;
#5994 = EDGE_LOOP ( 'NONE', ( #5426, #1264, #850 ) ) ;
#5995 = CARTESIAN_POINT ( 'NONE',  ( -1.999577740510000812, -9.260214817036990453, -0.5946753899084001871 ) ) ;
#5996 = DIRECTION ( 'NONE',  ( 0.000000000000000000, 0.000000000000000000, 1.000000000000000000 ) ) ;
#5997 = CARTESIAN_POINT ( 'NONE',  ( -1.956263890979000664, -8.749654531688003445, -0.5986201527338000927 ) ) ;
#5998 =( LENGTH_UNIT ( ) NAMED_UNIT ( * ) SI_UNIT ( .MILLI., .METRE. ) );
#5999 = CARTESIAN_POINT ( 'NONE',  ( -2.478000015587000338, -3.377999868689000262, -0.6000000089710000317 ) ) ;
#6000 = CARTESIAN_POINT ( 'NONE',  ( -3.421076894612999020, -1.783894727193002128, -0.6825424552183003701 ) ) ;
#6001 = CARTESIAN_POINT ( 'NONE',  ( -2.350515409741000816, -8.801705634677999157, -0.7733259410300995507 ) ) ;
#6002 = CARTESIAN_POINT ( 'NONE',  ( -2.389884809687137235, -8.828768189899491858, -0.3607037957734673395 ) ) ;
#6003 = DIRECTION ( 'NONE',  ( -1.000000000000000000, 0.000000000000000000, 0.000000000000000000 ) ) ;
#6004 = CARTESIAN_POINT ( 'NONE',  ( 2.132431690867300667, -8.832214398501953667, 0.4117265010928733981 ) ) ;
#6005 = PRODUCT_DEFINITION_SHAPE ( 'NONE', 'NONE',  #3069 ) ;
#6006 = DIRECTION ( 'NONE',  ( -0.9999999999957821517, -2.904422175691950703E-06, -4.010873266043930489E-11 ) ) ;
#6007 = CARTESIAN_POINT ( 'NONE',  ( 2.337353471415002382, -8.539987670834003453, 0.3178306184216002084 ) ) ;
#6008 = SPHERICAL_SURFACE ( 'NONE', #2134, 0.2550000000000000044 ) ;
#6009 = CARTESIAN_POINT ( 'NONE',  ( -1.551428463595999840, -1.486133849540000051, -0.3999866666854000608 ) ) ;
#6010 = VECTOR ( 'NONE', #2348, 1000.000000000000000 ) ;
#6011 = SURFACE_STYLE_USAGE ( .BOTH. , #1641 ) ;
#6012 = CARTESIAN_POINT ( 'NONE',  ( 3.369338608330000095, -2.047757236033999728, 0.4124098128865999469 ) ) ;
#6013 =( GEOMETRIC_REPRESENTATION_CONTEXT ( 3 ) GLOBAL_UNCERTAINTY_ASSIGNED_CONTEXT ( ( #984 ) ) GLOBAL_UNIT_ASSIGNED_CONTEXT ( ( #1221, #246, #1771 ) ) REPRESENTATION_CONTEXT ( 'NONE', 'WORKASPACE' ) );
#6014 = CARTESIAN_POINT ( 'NONE',  ( 2.316388621011910232, -10.32822674469584001, 0.7978439396095845515 ) ) ;
#6015 = PRESENTATION_LAYER_ASSIGNMENT (  '', '', ( #4423 ) ) ;
#6016 = CARTESIAN_POINT ( 'NONE',  ( 1.967999999989000326, -8.750001145166999450, 0.5999997926836999618 ) ) ;
#6017 = EDGE_LOOP ( 'NONE', ( #681, #3170, #3854, #1116, #5676 ) ) ;
#6018 = CARTESIAN_POINT ( 'NONE',  ( 1.290502530757999811, -9.828494185089992285, 0.9583357597695005836 ) ) ;
#6019 = DIRECTION ( 'NONE',  ( -9.046928064873922318E-08, -0.9999999999999958922, -7.661321819866940359E-13 ) ) ;
#6020 = CARTESIAN_POINT ( 'NONE',  ( 1.651238185204045195, -9.658533819081611682, 0.7895398735778713650 ) ) ;
#6021 = COLOUR_RGB ( '',0.8039215686274510109, 0.8039215686274510109, 0.8039215686274510109 ) ;
#6022 = EDGE_LOOP ( 'NONE', ( #4818, #4037 ) ) ;
#6023 = FACE_OUTER_BOUND ( 'NONE', #2340, .T. ) ;
#6024 = ADVANCED_FACE ( 'NONE', ( #4099 ), #3993, .T. ) ;
#6025 = CARTESIAN_POINT ( 'NONE',  ( -1.965191298115002594, -9.179217143757997022, -0.8346294830091995909 ) ) ;
#6026 = CARTESIAN_POINT ( 'NONE',  ( -3.396864844251999749, -1.966492037175999963, -0.4594778032603999973 ) ) ;
#6027 =( BOUNDED_CURVE ( )  B_SPLINE_CURVE ( 3, ( #5958, #3559, #1136, #5512, #3101, #212, #3128, #4217, #6107, #304, #5152, #5664, #3229, #5089, #5189 ),
 .UNSPECIFIED., .F., .F. ) 
 B_SPLINE_CURVE_WITH_KNOTS ( ( 4, 1, 1, 1, 1, 1, 1, 1, 1, 1, 1, 1, 4 ),
 ( 0.000000000000000000, 0.1184179043056939884, 0.2093030341521417703, 0.2857014802729762049, 0.3605299974990298084, 0.4425424071303751816, 0.5287503183532950013, 0.6136726309478958141, 0.6931290082344181425, 0.7784954249563451611, 0.8647402122276969250, 0.9429262097324999647, 1.000000000000000000 ),
 .UNSPECIFIED. ) 
 CURVE ( )  GEOMETRIC_REPRESENTATION_ITEM ( )  RATIONAL_B_SPLINE_CURVE ( ( 1.171569313749871499, 1.171569313749871499, 1.171569313749871499, 1.171569313749871499, 1.171569313749871499, 1.171569313749871499, 1.171569313749871499, 1.171569313749871499, 1.171569313749871499, 1.171569313749871499, 1.171569313749871499, 1.171569313749871499, 1.171569313749871499, 1.171569313749871499, 1.171569313749871499 ) ) 
 REPRESENTATION_ITEM ( '' )  );
#6028 = CARTESIAN_POINT ( 'NONE',  ( -2.478000000000000203, -4.918011772346000399, -0.5999999999999999778 ) ) ;
#6029 = PRESENTATION_STYLE_ASSIGNMENT (( #3146 ) ) ;
#6030 = CARTESIAN_POINT ( 'NONE',  ( -2.669494191556002871, -8.824142737898007738, -0.2363923645871000845 ) ) ;
#6031 = CIRCLE ( 'NONE', #5731, 0.2550000000000000044 ) ;
#6032 = CARTESIAN_POINT ( 'NONE',  ( 2.969129891664787024, -2.605156805521168906, -0.007980180532001664856 ) ) ;
#6033 = COLOUR_RGB ( '',0.8039215686274510109, 0.8039215686274510109, 0.8039215686274510109 ) ;
#6034 = SPHERICAL_SURFACE ( 'NONE', #632, 0.2550000000000000044 ) ;
#6035 = CARTESIAN_POINT ( 'NONE',  ( -1.541779765787106404, -9.973108298970860375, -0.8536233573150238119 ) ) ;
#6036 = FACE_OUTER_BOUND ( 'NONE', #2917, .T. ) ;
#6037 = CARTESIAN_POINT ( 'NONE',  ( -2.477996344903000026, -10.00500000000000078, -0.3450000000262000155 ) ) ;
#6038 = B_SPLINE_CURVE_WITH_KNOTS ( 'NONE', 3,
 ( #1846, #2331, #5682, #4265, #3793, #2398, #930, #1336, #4329, #6257, #3285, #3696 ),
 .UNSPECIFIED., .F., .F.,
 ( 4, 1, 1, 1, 1, 1, 1, 1, 1, 4 ),
 ( 0.000000000000000000, 0.1111111111111000027, 0.2222222222222000054, 0.3333333333333000081, 0.4444444444444000109, 0.5555555555555999891, 0.6666666666667000474, 0.7777777777777999946, 0.8888888888888999418, 1.000000000000000000 ),
 .UNSPECIFIED. ) ;
#6039 = EDGE_CURVE ( 'NONE', #751, #4224, #4130, .T. ) ;
#6040 = CARTESIAN_POINT ( 'NONE',  ( -3.411569841447999796, -1.916979016982999884, -0.4822226230020999482 ) ) ;
#6041 = CYLINDRICAL_SURFACE ( 'NONE', #629, 0.2550000000000000044 ) ;
#6042 = FILL_AREA_STYLE ('',( #6137 ) ) ;
#6043 = CARTESIAN_POINT ( 'NONE',  ( 2.667419146813999387, -8.822662593729001301, 0.2371268299757000597 ) ) ;
#6044 = ADVANCED_FACE ( 'NONE', ( #4298 ), #1943, .F. ) ;
#6045 = CARTESIAN_POINT ( 'NONE',  ( -1.786327255180999440, -1.024040966190000290, -0.6069652090037004344 ) ) ;
#6046 = UNCERTAINTY_MEASURE_WITH_UNIT (LENGTH_MEASURE( 1.000000000000000082E-05 ), #2780, 'distance_accuracy_value', 'NONE');
#6047 = SURFACE_STYLE_FILL_AREA ( #4114 ) ;
#6048 = FILL_AREA_STYLE ('',( #4115 ) ) ;
#6049 = CARTESIAN_POINT ( 'NONE',  ( 1.987995506578528193, -9.750001384533126370, 0.6047147344977980010 ) ) ;
#6050 = DIRECTION ( 'NONE',  ( -0.005337810985640689850, 0.9999857537854635048, 0.000000000000000000 ) ) ;
#6051 = ORIENTED_EDGE ( 'NONE', *, *, #2987, .T. ) ;
#6052 = CARTESIAN_POINT ( 'NONE',  ( 1.721559409039771893, -9.517932119524298074, 0.6822901295591888848 ) ) ;
#6053 = B_SPLINE_CURVE_WITH_KNOTS ( 'NONE', 3,
 ( #5987, #4035, #5960, #6012, #216, #3133, #5093 ),
 .UNSPECIFIED., .F., .F.,
 ( 4, 1, 1, 1, 4 ),
 ( 0.000000000000000000, 0.2500000000000000000, 0.5000000000000000000, 0.7500000000000000000, 1.000000000000000000 ),
 .UNSPECIFIED. ) ;
#6054 = ORIENTED_EDGE ( 'NONE', *, *, #5508, .T. ) ;
#6055 = ORIENTED_EDGE ( 'NONE', *, *, #426, .T. ) ;
#6056 = EDGE_CURVE ( 'NONE', #1539, #3243, #2980, .T. ) ;
#6057 = CARTESIAN_POINT ( 'NONE',  ( 2.299192849004247918, -8.647410784739969714, 0.7819110496477520433 ) ) ;
#6058 = FILL_AREA_STYLE_COLOUR ( '', #5286 ) ;
#6059 = CARTESIAN_POINT ( 'NONE',  ( -1.408124604360999621, -9.717994910255997709, -0.1393106749569000269 ) ) ;
#6060 = CARTESIAN_POINT ( 'NONE',  ( -2.642249245958999015, -8.804769664471997714, -0.2461544665620000183 ) ) ;
#6061 = PRODUCT ( 'MF-R050', 'MF-R050', '', ( #4604 ) ) ;
#6062 =( BOUNDED_CURVE ( )  B_SPLINE_CURVE ( 3, ( #990, #3882, #3411, #2925, #4850, #2459, #5808, #1466, #4392 ),
 .UNSPECIFIED., .F., .F. ) 
 B_SPLINE_CURVE_WITH_KNOTS ( ( 4, 1, 1, 1, 1, 1, 4 ),
 ( 0.000000000000000000, 0.1048588365444847043, 0.2719214048623456725, 0.4590277436604241479, 0.6616227470208418948, 0.8604977324807203676, 1.000000000000000000 ),
 .UNSPECIFIED. ) 
 CURVE ( )  GEOMETRIC_REPRESENTATION_ITEM ( )  RATIONAL_B_SPLINE_CURVE ( ( 1.122732095717124512, 1.122732095717124290, 1.122732095717124512, 1.122732095717124734, 1.122732095717124734, 1.122732095717124734, 1.122732095717124734, 1.122732095717124734, 1.122732095717124734 ) ) 
 REPRESENTATION_ITEM ( '' )  );
#6063 = CARTESIAN_POINT ( 'NONE',  ( -2.132431692848664184, -8.832214397422987417, -0.4117265020879450899 ) ) ;
#6064 = CARTESIAN_POINT ( 'NONE',  ( -1.946433121428249535, -1.068843920050666751, -0.6000083441721130173 ) ) ;
#6065 = CARTESIAN_POINT ( 'NONE',  ( -1.779429918602864147, -9.854283495422981431, -0.8063495231767512372 ) ) ;
#6066 = CIRCLE ( 'NONE', #4960, 0.2550000000000000044 ) ;
#6067 = CARTESIAN_POINT ( 'NONE',  ( 1.999146465206000700, -9.749969886414996623, 0.6189539629295003342 ) ) ;
#6068 = CARTESIAN_POINT ( 'NONE',  ( 1.675464650239058439, -9.906269950765400623, 0.3645528500172979247 ) ) ;
#6069 = DIRECTION ( 'NONE',  ( 0.000000000000000000, -1.000000000000000000, 0.000000000000000000 ) ) ;
#6070 = ADVANCED_FACE ( 'NONE', ( #1529 ), #3590, .T. ) ;
#6071 = CARTESIAN_POINT ( 'NONE',  ( -2.965340002341999792, -1.378000184113999937, -0.9499999999999999556 ) ) ;
#6072 = CARTESIAN_POINT ( 'NONE',  ( 2.229975808987000985, -10.36606248801999541, 0.5929487905135000236 ) ) ;
#6073 = CARTESIAN_POINT ( 'NONE',  ( 1.581073661050998558, -8.895764915778999082, 0.3511736960414001962 ) ) ;
#6074 = CARTESIAN_POINT ( 'NONE',  ( -3.338345720833999941, -2.111385291270000408, -0.3499999999999999778 ) ) ;
#6075 = CARTESIAN_POINT ( 'NONE',  ( -1.763848617145998166, -1.105061414798999220, -0.6130405786636996535 ) ) ;
#6076 = PRESENTATION_LAYER_ASSIGNMENT (  '', '', ( #1726 ) ) ;
#6077 = ADVANCED_FACE ( 'NONE', ( #4883 ), #4062, .T. ) ;
#6078 = CARTESIAN_POINT ( 'NONE',  ( -1.662831111799000006, -9.374664075488999160, -0.4237759821041000019 ) ) ;
#6079 = DIRECTION ( 'NONE',  ( 0.000000000000000000, 0.000000000000000000, -1.000000000000000000 ) ) ;
#6080 = DIRECTION ( 'NONE',  ( -0.9999857537854635048, -0.005337810985640698523, 0.000000000000000000 ) ) ;
#6081 = EDGE_LOOP ( 'NONE', ( #4662, #4754, #412, #4972, #1272 ) ) ;
#6082 = CARTESIAN_POINT ( 'NONE',  ( 1.806813818527999826, -9.756113689051996829, 0.6556516776466998486 ) ) ;
#6083 = CARTESIAN_POINT ( 'NONE',  ( -1.551523923711999764, -9.857952930140001513, -0.3555828403747000044 ) ) ;
#6084 = CARTESIAN_POINT ( 'NONE',  ( -3.495042380239000046, -1.214363555844000020, -0.5999997220557999889 ) ) ;
#6085 = CARTESIAN_POINT ( 'NONE',  ( 2.343436145237999035, -10.29514329443999543, 0.8175622207951996900 ) ) ;
#6086 = EDGE_LOOP ( 'NONE', ( #3287, #312, #1979, #4560, #5804, #2772 ) ) ;
#6087 = ORIENTED_EDGE ( 'NONE', *, *, #1393, .T. ) ;
#6088 = CARTESIAN_POINT ( 'NONE',  ( -3.402670230842999910, -1.946972256189000161, -0.4681594196555000087 ) ) ;
#6089 = FACE_OUTER_BOUND ( 'NONE', #3136, .T. ) ;
#6090 = CARTESIAN_POINT ( 'NONE',  ( -1.360258717770000736, -9.780902468667997951, -0.9315086823645003511 ) ) ;
#6091 = EDGE_CURVE ( 'NONE', #6122, #4325, #2255, .T. ) ;
#6092 = STYLED_ITEM ( 'NONE', ( #5419 ), #617 ) ;
#6093 = ORIENTED_EDGE ( 'NONE', *, *, #4387, .T. ) ;
#6094 = CARTESIAN_POINT ( 'NONE',  ( -1.477999999999999980, -9.005000000000000782, -0.5999999999999999778 ) ) ;
#6095 = SURFACE_STYLE_USAGE ( .BOTH. , #3117 ) ;
#6096 = CARTESIAN_POINT ( 'NONE',  ( -3.433779431393998216, -1.760047425049001024, -0.4899527179318001746 ) ) ;
#6097 = CARTESIAN_POINT ( 'NONE',  ( -2.392143978875998833, -8.580751510129990933, -0.9458093396772007111 ) ) ;
#6098 = AXIS2_PLACEMENT_3D ( 'NONE', #162, #2657, #4214 ) ;
#6099 = CARTESIAN_POINT ( 'NONE',  ( -2.223000641427000268, -10.51500000001000146, -0.6000000000053998805 ) ) ;
#6100 = CARTESIAN_POINT ( 'NONE',  ( 3.422925056385000442, -1.734468093565999958, 0.6987455138709000035 ) ) ;
#6101 = AXIS2_PLACEMENT_3D ( 'NONE', #6028, #5107, #790 ) ;
#6102 = AXIS2_PLACEMENT_3D ( 'NONE', #3642, #2209, #4141 ) ;
#6103 = CARTESIAN_POINT ( 'NONE',  ( -3.495042380239000046, -1.214363555844000020, -0.5999997220557999889 ) ) ;
#6104 = DIRECTION ( 'NONE',  ( -2.419147474030114459E-06, -2.419147473995959549E-06, -0.9999999999941477924 ) ) ;
#6105 = CARTESIAN_POINT ( 'NONE',  ( 2.236547793842000864, -10.26803313251000382, 0.4999483023481006150 ) ) ;
#6106 =( NAMED_UNIT ( * ) PLANE_ANGLE_UNIT ( ) SI_UNIT ( $, .RADIAN. ) );
#6107 = CARTESIAN_POINT ( 'NONE',  ( -1.650785600670427788, -9.350568310691746987, -0.7882734996707603248 ) ) ;
#6108 = CARTESIAN_POINT ( 'NONE',  ( -1.566928293869998656, -1.423332353546998164, -0.3522234914557000884 ) ) ;
#6109 = CARTESIAN_POINT ( 'NONE',  ( -1.987999999987000166, -9.260001423167000922, -0.5999999999802999584 ) ) ;
#6110 = DIRECTION ( 'NONE',  ( 0.000000000000000000, 1.000000000000000000, 0.000000000000000000 ) ) ;
#6111 = CARTESIAN_POINT ( 'NONE',  ( 1.823568307152580781, -9.832214397423660657, 0.7882734979132602904 ) ) ;
#6112 = LINE ( 'NONE', #2568, #3131 ) ;
#6113 = ORIENTED_EDGE ( 'NONE', *, *, #2042, .F. ) ;
#6114 = CARTESIAN_POINT ( 'NONE',  ( 1.531061848579999385, -1.512438175354001491, 0.8218476122652004223 ) ) ;
#6115 = SURFACE_STYLE_USAGE ( .BOTH. , #3309 ) ;
#6116 = CARTESIAN_POINT ( 'NONE',  ( -3.533318506583657648, -1.321304388716108891, -0.5900387295029729806 ) ) ;
#6117 = CARTESIAN_POINT ( 'NONE',  ( 2.114482128477002121, -10.15377787783999786, 0.7470063485071005704 ) ) ;
#6118 = UNCERTAINTY_MEASURE_WITH_UNIT (LENGTH_MEASURE( 1.000000000000000082E-05 ), #4583, 'distance_accuracy_value', 'NONE');
#6119 =( GEOMETRIC_REPRESENTATION_CONTEXT ( 3 ) GLOBAL_UNCERTAINTY_ASSIGNED_CONTEXT ( ( #1493 ) ) GLOBAL_UNIT_ASSIGNED_CONTEXT ( ( #5761, #4284, #5666 ) ) REPRESENTATION_CONTEXT ( 'NONE', 'WORKASPACE' ) );
#6120 = ORIENTED_EDGE ( 'NONE', *, *, #1871, .T. ) ;
#6121 =( GEOMETRIC_REPRESENTATION_CONTEXT ( 3 ) GLOBAL_UNCERTAINTY_ASSIGNED_CONTEXT ( ( #3477 ) ) GLOBAL_UNIT_ASSIGNED_CONTEXT ( ( #5329, #3783, #2356 ) ) REPRESENTATION_CONTEXT ( 'NONE', 'WORKASPACE' ) );
#6122 = VERTEX_POINT ( 'NONE', #3025 ) ;
#6123 = CARTESIAN_POINT ( 'NONE',  ( -3.112056085586999199, -1.394566576241000000, -0.9163524576253991860 ) ) ;
#6124 = LINE ( 'NONE', #1458, #4075 ) ;
#6125 = CARTESIAN_POINT ( 'NONE',  ( 1.888509991822001854, -9.808252358113012548, 0.4363363062541002479 ) ) ;
#6126 = CARTESIAN_POINT ( 'NONE',  ( -2.662268287967998415, -8.829113499731006343, -0.07696762537694006034 ) ) ;
#6127 = ORIENTED_EDGE ( 'NONE', *, *, #2987, .F. ) ;
#6128 = PLANE ( 'NONE',  #2807 ) ;
#6129 = CARTESIAN_POINT ( 'NONE',  ( -1.563189791274541829, -1.461424351239071218, -0.5999967082168372601 ) ) ;
#6130 = FILL_AREA_STYLE_COLOUR ( '', #3646 ) ;
#6131 = CARTESIAN_POINT ( 'NONE',  ( -1.904510246625401138, -9.791743664317550611, -0.7411960297674118348 ) ) ;
#6132 = CIRCLE ( 'NONE', #5221, 0.2550000000000000044 ) ;
#6133 = CARTESIAN_POINT ( 'NONE',  ( 2.230570074472002506, -8.892293089338997092, 0.8295833134897995231 ) ) ;
#6134 =( LENGTH_UNIT ( ) NAMED_UNIT ( * ) SI_UNIT ( .MILLI., .METRE. ) );
#6135 = CARTESIAN_POINT ( 'NONE',  ( 3.415129026620407515, -1.682487863446764820, 0.7458190667143480557 ) ) ;
#6136 = EDGE_CURVE ( 'NONE', #439, #6122, #948, .T. ) ;
#6137 = FILL_AREA_STYLE_COLOUR ( '', #3286 ) ;
#6138 = CARTESIAN_POINT ( 'NONE',  ( 1.651826387304999422, -9.053970017421997696, 0.3952052170994997948 ) ) ;
#6139 =( NAMED_UNIT ( * ) SI_UNIT ( $, .STERADIAN. ) SOLID_ANGLE_UNIT ( ) );
#6140 = CARTESIAN_POINT ( 'NONE',  ( -1.854329635538922716, -3.286617005968644367, -0.5996428515505464185 ) ) ;
#6141 = PRESENTATION_LAYER_ASSIGNMENT (  '', '', ( #2299 ) ) ;
#6142 = B_SPLINE_CURVE_WITH_KNOTS ( 'NONE', 3,
 ( #3883, #2426, #4915, #3946, #1467, #3977, #86, #11, #3412, #5910, #1941, #1566, #5336, #991, #4851, #1024, #4393 ),
 .UNSPECIFIED., .F., .F.,
 ( 4, 1, 1, 1, 1, 1, 1, 1, 1, 1, 1, 1, 1, 1, 4 ),
 ( 0.000000000000000000, 0.07142857142856999519, 0.1428571428570999946, 0.2142857142857000075, 0.2857142857143000203, 0.3571428571429000054, 0.4285714285713999594, 0.5000000000000000000, 0.5714285714286000406, 0.6428571428570999391, 0.7142857142856999797, 0.7857142857142999093, 0.8571428571429000609, 0.9285714285714000704, 1.000000000000000000 ),
 .UNSPECIFIED. ) ;
#6143 = AXIS2_PLACEMENT_3D ( 'NONE', #5801, #1462, #2763 ) ;
#6144 = PRESENTATION_STYLE_ASSIGNMENT (( #2384 ) ) ;
#6145 = CARTESIAN_POINT ( 'NONE',  ( -1.679355557722999936, -9.407714594899999838, -0.4427683094244000417 ) ) ;
#6146 = CARTESIAN_POINT ( 'NONE',  ( 2.399721797382147415, -10.16156107467478087, 0.8430025011773648602 ) ) ;
#6147 = CARTESIAN_POINT ( 'NONE',  ( -2.161662209823083991, -10.16318596684951991, -0.3999411894973622372 ) ) ;
#6148 = ORIENTED_EDGE ( 'NONE', *, *, #244, .F. ) ;
#6149 = CARTESIAN_POINT ( 'NONE',  ( 2.478000000000000203, -9.005000000000000782, 0.5999999999999999778 ) ) ;
#6150 = CARTESIAN_POINT ( 'NONE',  ( 2.241209202142002255, -10.24644775020000331, 0.7137105504947003354 ) ) ;
#6151 = CARTESIAN_POINT ( 'NONE',  ( 2.223366778910544017, -10.51426874252069510, 0.6186114790008039321 ) ) ;
#6152 = VERTEX_POINT ( 'NONE', #4951 ) ;
#6153 =( LENGTH_UNIT ( ) NAMED_UNIT ( * ) SI_UNIT ( .MILLI., .METRE. ) );
#6154 = CARTESIAN_POINT ( 'NONE',  ( -2.466465646167748105, -10.02806505267480830, -0.3450017081588584444 ) ) ;
#6155 = ADVANCED_FACE ( 'NONE', ( #4518 ), #2599, .F. ) ;
#6156 = CARTESIAN_POINT ( 'NONE',  ( 1.731782809412002022, -9.648769996805999227, 0.6020781474526005761 ) ) ;
#6157 = CARTESIAN_POINT ( 'NONE',  ( -1.539108709223998783, -9.830714677637999444, -0.8029400930726003915 ) ) ;
#6158 = CARTESIAN_POINT ( 'NONE',  ( 1.945101985046000070, -3.437888635161000295, 0.3499999999999999778 ) ) ;
#6159 = ORIENTED_EDGE ( 'NONE', *, *, #4678, .F. ) ;
#6160 = CARTESIAN_POINT ( 'NONE',  ( -2.312447962833339421, -8.922222232221253435, -0.3584478707974887435 ) ) ;
#6161 = ADVANCED_FACE ( 'NONE', ( #5539 ), #4087, .F. ) ;
#6162 = FILL_AREA_STYLE_COLOUR ( '', #1026 ) ;
#6163 = CARTESIAN_POINT ( 'NONE',  ( 1.720632227346000631, -9.502858875751989842, 0.6820095336953997389 ) ) ;
#6164 = CARTESIAN_POINT ( 'NONE',  ( -3.455490725110998085, -1.998961843453001652, -0.3194802657718001093 ) ) ;
#6165 = CARTESIAN_POINT ( 'NONE',  ( -2.478000000000000203, -9.005000000000000782, -0.5999999999999999778 ) ) ;
#6166 = CARTESIAN_POINT ( 'NONE',  ( 1.439775401899998641, -9.873053769599996699, 0.8341321265997997392 ) ) ;
#6167 = CARTESIAN_POINT ( 'NONE',  ( 2.000558948969001438, -8.773171402594993395, 0.7087797122369000613 ) ) ;
#6168 = LINE ( 'NONE', #1916, #3311 ) ;
#6169 = PRESENTATION_STYLE_ASSIGNMENT (( #2272 ) ) ;
#6170 = CARTESIAN_POINT ( 'NONE',  ( 2.255819368881003761, -10.19090788645000423, 0.4547698926390001950 ) ) ;
#6171 = CARTESIAN_POINT ( 'NONE',  ( 1.611529556105998795, -8.959691888298994655, 0.3655750748537002770 ) ) ;
#6172 = FILL_AREA_STYLE_COLOUR ( '', #2052 ) ;
#6173 = LINE ( 'NONE', #6208, #1066 ) ;
#6174 = UNCERTAINTY_MEASURE_WITH_UNIT (LENGTH_MEASURE( 1.000000000000000082E-05 ), #2125, 'distance_accuracy_value', 'NONE');
#6175 = FILL_AREA_STYLE_COLOUR ( '', #3010 ) ;
#6176 =( GEOMETRIC_REPRESENTATION_CONTEXT ( 3 ) GLOBAL_UNCERTAINTY_ASSIGNED_CONTEXT ( ( #3912 ) ) GLOBAL_UNIT_ASSIGNED_CONTEXT ( ( #4659, #3207, #3597 ) ) REPRESENTATION_CONTEXT ( 'NONE', 'WORKASPACE' ) );
#6177 = CARTESIAN_POINT ( 'NONE',  ( 1.945637059664999891, -1.376895557460000141, 0.9153181118337000433 ) ) ;
#6178 = DIRECTION ( 'NONE',  ( 1.433371447474117190E-05, 0.000000000000000000, 0.9999999998972723958 ) ) ;
#6179 = COLOUR_RGB ( '',0.9411764705882352811, 0.9921568627450980671, 0.007843137254901960675 ) ;
#6180 = ORIENTED_EDGE ( 'NONE', *, *, #1457, .F. ) ;
#6181 = CARTESIAN_POINT ( 'NONE',  ( 1.949608148833002375, -1.200431299963000020, 0.6446648211959000729 ) ) ;
#6182 = CARTESIAN_POINT ( 'NONE',  ( -1.508780468432999955, -9.943445435180999326, -0.3464043055548000072 ) ) ;
#6183 = SURFACE_STYLE_USAGE ( .BOTH. , #853 ) ;
#6184 = CARTESIAN_POINT ( 'NONE',  ( 2.116591122041999284, -10.25293180905000590, 0.5980127556390001375 ) ) ;
#6185 = UNCERTAINTY_MEASURE_WITH_UNIT (LENGTH_MEASURE( 1.000000000000000082E-05 ), #17, 'distance_accuracy_value', 'NONE');
#6186 = PRESENTATION_STYLE_ASSIGNMENT (( #5262 ) ) ;
#6187 = CARTESIAN_POINT ( 'NONE',  ( -2.131101735071001535, -10.10276342868999677, -0.4053052506472999417 ) ) ;
#6188 = ORIENTED_EDGE ( 'NONE', *, *, #5028, .T. ) ;
#6189 = STYLED_ITEM ( 'NONE', ( #5852 ), #2030 ) ;
#6190 = CARTESIAN_POINT ( 'NONE',  ( -3.298411183628999765, -1.444451540267998713, -0.6715224459153003034 ) ) ;
#6191 = AXIS2_PLACEMENT_3D ( 'NONE', #5874, #3124, #1056 ) ;
#6192 = CARTESIAN_POINT ( 'NONE',  ( 1.408124604360999621, -9.717994910255997709, 0.1393106749566999925 ) ) ;
#6193 = PRESENTATION_STYLE_ASSIGNMENT (( #929 ) ) ;
#6194 = CARTESIAN_POINT ( 'NONE',  ( -2.230067897537997723, -8.643591520194005895, -0.6019840784372002540 ) ) ;
#6195 = CIRCLE ( 'NONE', #2650, 0.9499999999999998446 ) ;
#6196 = ORIENTED_EDGE ( 'NONE', *, *, #3804, .F. ) ;
#6197 = CARTESIAN_POINT ( 'NONE',  ( -2.478000000000000203, -9.005000000000000782, -0.5999999999999999778 ) ) ;
#6198 = CYLINDRICAL_SURFACE ( 'NONE', #507, 0.2550000000000000044 ) ;
#6199 = SURFACE_STYLE_USAGE ( .BOTH. , #4269 ) ;
#6200 = PRESENTATION_STYLE_ASSIGNMENT (( #936 ) ) ;
#6201 = AXIS2_PLACEMENT_3D ( 'NONE', #4810, #1860, #3933 ) ;
#6202 = CARTESIAN_POINT ( 'NONE',  ( -1.967999999989000326, -8.750001145166999450, -0.5999997926836999618 ) ) ;
#6203 = AXIS2_PLACEMENT_3D ( 'NONE', #177, #3573, #3113 ) ;
#6204 = CARTESIAN_POINT ( 'NONE',  ( 2.116694008467998156, -8.757011819386995910, 0.5980137638056002292 ) ) ;
#6205 =( NAMED_UNIT ( * ) PLANE_ANGLE_UNIT ( ) SI_UNIT ( $, .RADIAN. ) );
#6206 = CARTESIAN_POINT ( 'NONE',  ( -2.297146099725000834, -9.813502188682001304, -0.9636088632664000508 ) ) ;
#6207 = FILL_AREA_STYLE_COLOUR ( '', #3979 ) ;
#6208 = CARTESIAN_POINT ( 'NONE',  ( -2.478000015587000338, -3.377999868689000262, -1.202500013084300212 ) ) ;
#6209 = VECTOR ( 'NONE', #1237, 1000.000000000000000 ) ;
#6210 = CARTESIAN_POINT ( 'NONE',  ( -3.269807787625865103, -1.470862362328022810, -0.8726824863965964019 ) ) ;
#6211 = SURFACE_STYLE_USAGE ( .BOTH. , #2882 ) ;
#6212 = CARTESIAN_POINT ( 'NONE',  ( 1.924626203785000156, -1.222620906669000140, 0.6585513410621000041 ) ) ;
#6213 = EDGE_LOOP ( 'NONE', ( #4059, #2983, #4000, #5070, #1747, #281 ) ) ;
#6214 = COLOUR_RGB ( '',0.9411764705882352811, 0.9921568627450980671, 0.007843137254901960675 ) ;
#6215 = CARTESIAN_POINT ( 'NONE',  ( 1.633548217567001082, -1.040594858134000100, 0.4542382004536998918 ) ) ;
#6216 = CARTESIAN_POINT ( 'NONE',  ( 2.107276619989002064, -10.22901760889999778, 0.6563075478823003905 ) ) ;
#6217 = DIRECTION ( 'NONE',  ( 0.000000000000000000, -1.000000000000000000, 0.000000000000000000 ) ) ;
#6218 = CARTESIAN_POINT ( 'NONE',  ( -2.116673835485998190, -10.25305825781999758, -0.5994810139046999886 ) ) ;
#6219 = ORIENTED_EDGE ( 'NONE', *, *, #2546, .T. ) ;
#6220 = CARTESIAN_POINT ( 'NONE',  ( 2.406898746378093978, -8.862785943704707847, 0.8457889687898196840 ) ) ;
#6221 = CARTESIAN_POINT ( 'NONE',  ( 1.371885036379000500, -9.905286425222005420, 0.3509572728521000995 ) ) ;
#6222 = CARTESIAN_POINT ( 'NONE',  ( -2.374574519440999509, -8.567120093707005779, -0.2729477885845002505 ) ) ;
#6223 = STYLED_ITEM ( 'NONE', ( #1361 ), #1173 ) ;
#6224 = ORIENTED_EDGE ( 'NONE', *, *, #2309, .T. ) ;
#6225 = CIRCLE ( 'NONE', #4904, 0.2550000000000000044 ) ;
#6226 = FACE_OUTER_BOUND ( 'NONE', #2257, .T. ) ;
#6227 = CARTESIAN_POINT ( 'NONE',  ( 1.622978163570999222, -9.315434554851002247, 0.8108837393553998130 ) ) ;
#6228 = CARTESIAN_POINT ( 'NONE',  ( -3.670322440478002157, -1.983493236576002072, -0.2871823092076001283 ) ) ;
#6229 = CIRCLE ( 'NONE', #3809, 0.2640302636082001442 ) ;
#6230 = STYLED_ITEM ( 'NONE', ( #3542 ), #890 ) ;
#6231 = CARTESIAN_POINT ( 'NONE',  ( 2.523308516655998091, -8.871469967903999887, 0.8344255107620996981 ) ) ;
#6232 = SURFACE_STYLE_FILL_AREA ( #5279 ) ;
#6233 = CARTESIAN_POINT ( 'NONE',  ( -2.456083155956999331, -10.07324302660999926, -0.8550098340538995201 ) ) ;
#6234 = ADVANCED_FACE ( 'NONE', ( #4435 ), #3141, .T. ) ;
#6235 = CARTESIAN_POINT ( 'NONE',  ( -1.987997709643999800, -9.514997709643997936, -0.5999995748845000643 ) ) ;
#6236 = CARTESIAN_POINT ( 'NONE',  ( 1.733196843034000123, -9.504947501584998903, 0.6000000168814000334 ) ) ;
#6237 = CARTESIAN_POINT ( 'NONE',  ( 1.766962533007999436, -8.935307684525010785, 0.1298315188868999215 ) ) ;
#6238 = SURFACE_STYLE_USAGE ( .BOTH. , #4344 ) ;
#6239 =( LENGTH_UNIT ( ) NAMED_UNIT ( * ) SI_UNIT ( .MILLI., .METRE. ) );
#6240 = AXIS2_PLACEMENT_3D ( 'NONE', #1856, #4243, #4742 ) ;
#6241 = FACE_OUTER_BOUND ( 'NONE', #384, .T. ) ;
#6242 = CARTESIAN_POINT ( 'NONE',  ( -1.968002290355999939, -10.51499770964000113, -0.6000004147123999543 ) ) ;
#6243 = ADVANCED_FACE ( 'NONE', ( #998 ), #1716, .T. ) ;
#6244 = PRESENTATION_LAYER_ASSIGNMENT (  '', '', ( #3319 ) ) ;
#6245 = EDGE_LOOP ( 'NONE', ( #763, #860, #4384, #6087, #446, #1067, #3082, #2898 ) ) ;
#6246 =( NAMED_UNIT ( * ) SI_UNIT ( $, .STERADIAN. ) SOLID_ANGLE_UNIT ( ) );
#6247 =( NAMED_UNIT ( * ) SI_UNIT ( $, .STERADIAN. ) SOLID_ANGLE_UNIT ( ) );
#6248 = DIRECTION ( 'NONE',  ( 0.000000000000000000, 0.000000000000000000, 1.000000000000000000 ) ) ;
#6249 = UNCERTAINTY_MEASURE_WITH_UNIT (LENGTH_MEASURE( 1.000000000000000082E-05 ), #2422, 'distance_accuracy_value', 'NONE');
#6250 = CIRCLE ( 'NONE', #3926, 0.3499999999999999778 ) ;
#6251 = CARTESIAN_POINT ( 'NONE',  ( 3.714396978424997275, -1.872136851712001615, 0.3084500022696001209 ) ) ;
#6252 = CARTESIAN_POINT ( 'NONE',  ( -1.963107878605001799, -10.23206439387999822, -0.4656679280815000377 ) ) ;
#6253 = VERTEX_POINT ( 'NONE', #3952 ) ;
#6254 = CARTESIAN_POINT ( 'NONE',  ( -3.179558771552001062, -1.417565061031998530, -0.9005712026359005140 ) ) ;
#6255 = CARTESIAN_POINT ( 'NONE',  ( 1.661147280974001550, -9.641186953630006329, 0.4852414344586001294 ) ) ;
#6256 = CARTESIAN_POINT ( 'NONE',  ( -1.732953080709999760, -9.493321548806997967, -0.5946753762778999031 ) ) ;
#6257 = CARTESIAN_POINT ( 'NONE',  ( 3.447841113392999812, -1.175389299512000107, 0.6000000832888000568 ) ) ;
#6258 = ORIENTED_EDGE ( 'NONE', *, *, #4572, .F. ) ;
#6259 = ADVANCED_FACE ( 'NONE', ( #5946 ), #2843, .T. ) ;
#6260 = DIRECTION ( 'NONE',  ( -0.000000000000000000, 1.000000000000000000, 0.000000000000000000 ) ) ;
#6261 = CARTESIAN_POINT ( 'NONE',  ( -1.853187671390638114, -1.141445186666541156, -0.6000322504730923878 ) ) ;
#6262 = CARTESIAN_POINT ( 'NONE',  ( -3.748950712817999520, -1.677165562985001968, -0.3840752993782998170 ) ) ;
#6263 = CARTESIAN_POINT ( 'NONE',  ( 2.304243553147000689, -9.818656788744002384, 0.07626180976038002268 ) ) ;
#6264 = FACE_OUTER_BOUND ( 'NONE', #6017, .T. ) ;
#6265 = CARTESIAN_POINT ( 'NONE',  ( 2.230068190953997664, -8.643591122041998531, 0.5980127556390001375 ) ) ;
#6266 = PRESENTATION_STYLE_ASSIGNMENT (( #2342 ) ) ;
#6267 = CARTESIAN_POINT ( 'NONE',  ( -1.801226744690485493, -9.843388621011518680, -0.4021560603912130438 ) ) ;
#6268 = CARTESIAN_POINT ( 'NONE',  ( -2.124432848578000854, -10.12121814389999486, -0.7782669362687003600 ) ) ;
#6269 = CARTESIAN_POINT ( 'NONE',  ( 1.794337790168685220, -9.163185966845052377, 0.8000588105062239608 ) ) ;
#6270 = PRESENTATION_STYLE_ASSIGNMENT (( #4781 ) ) ;
#6271 = ADVANCED_FACE ( 'NONE', ( #3523 ), #4498, .T. ) ;
#6272 = CARTESIAN_POINT ( 'NONE',  ( -3.478889083738999854, -1.200220896217000011, -0.5999996463154999571 ) ) ;
#6273 = CARTESIAN_POINT ( 'NONE',  ( 1.559705658749107826, -9.045826586213756570, 0.3450002649985580150 ) ) ;
#6274 = DIRECTION ( 'NONE',  ( -8.298935713486690099E-05, 0.000000000000000000, -0.9999999965563833859 ) ) ;
ENDSEC;
END-ISO-10303-21;
